player_id,asset_name,fifa_player_id,player_name
Algorand:2153188007,Best Frens #0001,247279,L. Dykes
Algorand:2153413237,Best Frens #0002,226085,Léo Jardim
Algorand:2153487400,Best Frens #0003,253385,F. Viñas
Algorand:2153517622,Best Frens #0004,199451,W. Ben Yedder
Algorand:2154890151,Best Frens #0005,230324,Adrian Scitto
Algorand:2155383823,Best Frens #0006,194958,A. Mooy
Algorand:2155771639,Best Frens #0007,190120,K. Johnsson
Algorand:2157583031,Best Frens #0008,211559,Tiago Rodrigues
Algorand:2157621936,Best Frens #0009,259166,E. Green
Algorand:2157695951,Best Frens #0010,230191,Enzo Marteiro
Algorand:2160133312,Best Frens #0011,223627,O. Al Somah
Algorand:2160135652,Best Frens #0012,200389,J. Oblak
Algorand:2160176689,Best Frens #0013,187072,L. Stindl
Algorand:2162171947,Best Frens #0014,156433,A. Talavera
Algorand:2162247917,Best Frens #0015,252327,Manu Sánchez
Algorand:2162336562,Best Frens #0016,165560,M. Ruben
Algorand:2164776626,Best Frens #0017,202811,E. Martínez
Algorand:2165086231,Best Frens #0018,198347,F. Jara
Algorand:2165180323,Best Frens #0019,244853,K. Sowah
Algorand:2166482462,Best Frens #0020,208120,K. Przybyłko
Algorand:2166504064,Best Frens #0021,219953,Embarba
Algorand:2166562640,Best Frens #0022,201305,Gabriel Paulista
Algorand:2169219811,Best Frens #0023,248698,V. Bondar
Algorand:2169324881,Best Frens #0024,158023,L. Messi
Algorand:2169392236,Best Frens #0025,176580,L. Suárez
Algorand:2172559114,Best Frens #0026,245152,S. Giménez
Algorand:2172567094,Best Frens #0027,238922,M. Kaye
Algorand:2172569319,Best Frens #0028,182945,M. Gradel
Algorand:2174841780,Best Frens #0029,208461,M. de Roon
Algorand:2174845140,Best Frens #0030,171579,Raúl García
Algorand:2175981883,Best Frens #0031,232441,M. Higashiguchi
Algorand:2177851396,Best Frens #0032,200779,J. Clarke-Harris
Algorand:2177868619,Best Frens #0033,221479,D. Calvert-Lewin
Algorand:2177924924,Best Frens #0034,225018,F. Andone
Algorand:2180657424,Best Frens #0035,202651,Suso
Algorand:2181004638,Best Frens #0036,211688,Gayà
Algorand:2181074307,Best Frens #0037,241671,D. Livaković
Algorand:2183504455,Best Frens #0038,243647,A. Bayındır
Algorand:2183532765,Best Frens #0039,162329,K. El Ahmadi
Algorand:2184219535,Best Frens #0040,240138,W. Riveros
Algorand:2185728301,Best Frens #0041,184134,Fernando
Algorand:2185729325,Best Frens #0042,247019,B. Kouyaté
Algorand:2185859474,Best Frens #0043,181573,O. Akhmedov
Algorand:2187490354,Best Frens #0044,203841,N. Pope
Algorand:2187491063,Best Frens #0045,140233,G. Ochoa
Algorand:2187492017,Best Frens #0046,209519,G. Laborde
Algorand:2188748171,Best Frens #0047,177604,Nacho Monreal
Algorand:2188749229,Best Frens #0048,223877,D. Furlong
Algorand:2188749692,Best Frens #0049,210455,Jonny
Algorand:2188750460,Best Frens #0050,221841,A. Armstrong
Algorand:2190878340,Best Frens #0051,223694,E. Marxen
Algorand:2190890935,Best Frens #0052,198176,S. de Vrij
Algorand:2190891570,Best Frens #0053,223159,R. Dickie
Algorand:2192911727,Best Frens #0054,184200,M. Arnautović
Algorand:2192915091,Best Frens #0055,209519,G. Laborde
Algorand:2192919345,Best Frens #0056,201936,Kim Jin Hyeon
Algorand:2197479589,Best Frens #0057,234698,C. Songkrasin
Algorand:2200960498,Best Frens #0058,238033,F. Niță
Algorand:2201059931,Best Frens #0059,203841,N. Pope
Algorand:2206613629,Best Frens #0060,209960,Pacheco
Algorand:2717600799,Best Frens #0061,231447,D. Malen
Algorand:2208987265,Best Frens #0062,241637,A. Tchouaméni
Algorand:2209004432,Best Frens #0063,224251,R. Zentner
Algorand:2212826808,Best Frens #0064,240950,Pedro Gonçalves
Algorand:2213874474,Best Frens #0065,220295,E. Valencia
Algorand:2214810259,Best Frens #0066,212095,A. Meleán
Algorand:2216015156,Best Frens #0067,193698,O. Baumann
Algorand:2216023204,Best Frens #0068,41236,Z. Ibrahimović
Algorand:2224077013,Best Frens #0069,229406,João Novais
Algorand:2225245661,Best Frens #0070,241202,P. Daka
Algorand:2225723438,Best Frens #0071,240091,G. Vicario
Algorand:2226950919,Best Frens #0072,239904,D. Khocholava
Algorand:2244142963,Best Frens #0073,230665,Gustavo Sauer
Algorand:2270494118,Best Frens #0074,163489,A. Consigli
Algorand:2270521314,Best Frens #0075,229188,V. Pavlidis
Algorand:2287191698,Best Frens #0076,200758,L. Moore
Algorand:2328540056,Best Frens #0077,225375,K. Laimer
Algorand:2328549589,Best Frens #0078,235374,M. Lazzari
Algorand:2357152138,Best Frens #0079,215522,A. Schlager
Algorand:2384942694,Best Frens #0080,190014,Y. Salibur
Algorand:2388745126,Best Frens #0081,223689,W. Weghorst
Algorand:2461721427,Best Frens #0082,245278,Tomás Tavares
Algorand:2465539650,Best Frens #0083,207877,J. Martínez
Algorand:2517818505,Best Frens #0084,242534,C. Cásseres Jr
Algorand:2604595781,Best Frens #0085,230222,Ailton Valpaços
Algorand:2638250423,Best Frens #0086,183907,J. Boateng
Algorand:2638272031,Best Frens #0087,220609,V. Vada
Algorand:2638293561,Best Frens #0088,234378,D. Rice
Algorand:2642223774,Best Frens #0089,215333,D. Zapata
Algorand:2642224217,Best Frens #0090,L0027,Van Basten
Algorand:2643166052,Best Frens #0091,207732,Roger
Algorand:2658186693,Best Frens #0092,204447,F. Lucioni
Algorand:2658285094,Best Frens #0093,222041,L. Boyé
Algorand:2674647549,Best Frens #0094,230441,Vieiraldo Junior
Algorand:2675304886,Best Frens #0095,210406,P. Zieliński
Algorand:2675436639,Best Frens #0096,194934,Dani Jiménez
Algorand:2677837370,Best Frens #0097,139068,Nani
Algorand:2680868476,Best Frens #0098,209981,Y. Bounou
Algorand:2680879339,Best Frens #0099,231447,D. Malen
Algorand:2680886583,Best Frens #0100,199027,J. Robinson
Algorand:2681262790,Best Frens #0101,214436,P. Díaz
Algorand:2682721581,Best Frens #0102,156432,G. Hoarau
Algorand:2682723608,Best Frens #0103,L0023,Gerrard
Algorand:2682725150,Best Frens #0104,230513,Gus Outomouro
Algorand:2682731481,Best Frens #0105,198176,S. de Vrij
Algorand:2682734604,Best Frens #0106,200454,Paco Alcácer
Algorand:2690903115,Best Frens #0107,200302,G. Shinnie
Algorand:2690907525,Best Frens #0108,177723,Fabricio
Algorand:2703916404,Best Frens #0109,224294,L. Cook
Algorand:2703920365,Best Frens #0110,253293,B. Ocampo
Algorand:2707350802,Best Frens #0111,163587,K. Schmeichel
Algorand:2710761808,Best Frens #0112,247072,K. Eissa
Algorand:2710762936,Best Frens #0113,178750,Sergio Asenjo
Algorand:2713366790,Best Frens #0114,209889,R. Guerreiro
Algorand:2715988482,Best Frens #0115,230298,Walter Silvieiro
Algorand:2761034703,Best Frens #0116,230430,Oswaldinato
Algorand:2780313666,Best Frens #0117,171579,Raúl García
Algorand:2787222303,Best Frens #0118,229637,G. Akkan
Algorand:2787223780,Best Frens #0119,143598,L. Pocrnjic
Algorand:2787377063,Best Frens #0120,240130,Éder Militão
Algorand:2791526180,Best Frens #0121,230424,Sandelas Júnior
Algorand:2792692199,Best Frens #0122,227290,M. Dmitrović
Algorand:2792706149,Best Frens #0123,171791,José Fonte
Algorand:2801393405,Best Frens #0124,204838,R. Jiménez
Algorand:2812006041,Best Frens #0125,230601,Cryzan
Algorand:2812007365,Best Frens #0126,226166,N. Mukiele
Algorand:2812007611,Best Frens #0127,228782,João Gamboa
Algorand:2830326290,Best Frens #0128,234060,Y. Herrera
Algorand:2831337463,Best Frens #0129,176930,M. Díaz
Algorand:2833669503,Best Frens #0130,221564,N. Leiva
Algorand:2833689323,Best Frens #0131,206561,C. Walton
Algorand:2833713378,Best Frens #0132,230621,G. Donnarumma
Algorand:2847616523,Best Frens #0133,208128,H. Çalhanoğlu
Algorand:2869267115,Best Frens #0134,187754,Marlos
Algorand:2869271866,Best Frens #0135,221587,J. Lolley
Algorand:2870914104,Best Frens #0136,229469,J. Meneses
Algorand:2880710538,Best Frens #0137,179947,Edgar
Algorand:2902340898,Best Frens #0138,204120,T. Vaclík
Algorand:2931800915,Best Frens #0139,192563,B. Leno
Algorand:2959391342,Best Frens #0140,204850,T. Nguen
Algorand:2983249465,Best Frens #0141,202848,G. Caprari
Algorand:2989042326,Best Frens #0142,204523,Rubén Pardo
Algorand:3011616049,Best Frens #0143,215119,L. Romero
Algorand:3028062351,Best Frens #0144,230271,Laure Santeiro
Algorand:3028184233,Best Frens #0145,210951,E. Flores
Algorand:3054338982,Best Frens #0146,240970,M. Payero
Algorand:3073448154,Best Frens #0147,216201,Iñaki Williams
Algorand:3092777648,Best Frens #0148,227275,A. Rossi
Algorand:3092781500,Best Frens #0149,214196,D. Bocanegra
Algorand:3100510015,Best Frens #0150,192774,K. Manolas
Algorand:3101508368,Best Frens #0151,207862,M. Ginter
Algorand:3107697786,Best Frens #0152,223017,Ö. Şahiner
Algorand:3109320744,Best Frens #0153,235563,M. Chouiar
Algorand:3124034212,Best Frens #0154,195864,P. Pogba
Algorand:3126394938,Best Frens #0155,212814,João Mário
Algorand:3129258026,Best Frens #0156,226271,Fabián
Algorand:3134334782,Best Frens #0157,236015,M. Gibbs-White
Algorand:3135958266,Best Frens #0158,230319,André Milazisco
Algorand:3142047934,Best Frens #0159,216464,A. Browne
Algorand:3166802184,Best Frens #0160,156519,H. Herrera
Algorand:3170086103,Best Frens #0161,191083,P. Mortensen
Algorand:3177318734,Best Frens #0162,225193,Merino
Algorand:3194921424,Best Frens #0163,157481,Raúl Albiol
Algorand:3195118871,Best Frens #0164,217714,P. Arriola
Algorand:3195193609,Best Frens #0165,205531,V. Verre
Algorand:3206413798,Best Frens #0166,247671,B. Al Ahbabi
Algorand:3206415776,Best Frens #0167,124375,B. Yılmaz
Algorand:3223446381,Best Frens #0168,230481,Ronaldo Cabrais
Algorand:3300672541,Best Frens #0169,223064,F. Noguera
Algorand:3359836903,Best Frens #0170,239875,Bebeto
Algorand:3365322430,Best Frens #0171,212755,J. Hendrix
Algorand:3365330872,Best Frens #0172,L0029,Eusébio
Algorand:3421075870,Best Frens #0173,190432,Oier
Algorand:3422913449,Best Frens #0174,234111,D. Turnbull
Algorand:3426491728,Best Frens #0175,L0008,Zoff
Algorand:3465980488,Best Frens #0176,226271,Fabián
Algorand:3609242295,Best Frens #0177,225793,B. Godfrey
Algorand:3609243591,Best Frens #0178,241788,M. Taremi
Algorand:3639133693,Best Frens #0179,192984,K. Casteels
Algorand:3666552887,Best Frens #0180,255409,R. Boženík
Algorand:3672705583,Best Frens #0181,234728,L. Bénes
Algorand:369251208,Lost Pigs 0001 - Aurous,232580,Gabriel
Algorand:369267255,Lost Pigs 0002 - 2wo,180930,E. Džeko
Algorand:369270796,Lost Pigs 0003 - Thre3,178224,J. Hernández
Algorand:369273746,Lost Pigs 0004 - 4our,233306,D. Henderson
Algorand:369281227,Lost Pigs 0005 - Fi5e,183898,Á. Di María
Algorand:369305106,Lost Pigs 0006 - Si6,222715,Otávio
Algorand:371000513,Lost Pigs 0007 - Se7en,248573,J. Dina Ebimbe
Algorand:376789115,Lost Pigs 0008 - Ei8ht,209519,G. Laborde
Algorand:376792612,Lost Pigs 0009 - Nin9,236264,P. Aquino
Algorand:376796024,Lost Pigs 0010 - Te10,231969,R. Malinovskyi
Algorand:369333803,Lost Pigs 0011 - Oliver,226356,M. Fares
Algorand:371010243,Lost Pigs 0012 - Bryan,237221,J. Foyth
Algorand:371677419,Lost Pigs 0013 - Simeon,235450,Domingos Quina
Algorand:371661238,Lost Pigs 0014 - Jacobs,224967,M. Sylla
Algorand:371663194,Lost Pigs 0015 - Gunner,230332,Wiliam Santinho
Algorand:369368670,Lost Pigs 0016 - Bryson,235290,K. Bonifazi
Algorand:681449414,Lost Pigs 0017 - Anderson,212188,T. Werner
Algorand:681994764,Lost Pigs 0018 - Livingston,194846,F. Hanin
Algorand:681997799,Lost Pigs 0019 - Mason,226226,G. Lo Celso
Algorand:682000075,Lost Pigs 0020 - Simmons,162835,S. Handanovič
Algorand:378851793,Lost Pigs 0021 - Anaya,177683,Y. Sommer
Algorand:911669482,Lost Pigs 0022 - Kaylah,176266,Lucas Leiva
Algorand:378857167,Lost Pigs 0023 - Khons,194765,A. Griezmann
Algorand:378866477,Lost Pigs 0024 - Heqet,224293,Rúben Neves
Algorand:378865653,Lost Pigs 0025 - Reagan,224718,T. Antalyalı
Algorand:378867491,Lost Pigs 0026 - Randall,L0032,Baggio
Algorand:378868439,Lost Pigs 0027 - Terrance,234741,G. Hamer
Algorand:378875206,Lost Pigs 0028 - Jayden,196688,A. Corzo
Algorand:378877561,Lost Pigs 0029 - Pumpkin Head,199434,D. Tadić
Algorand:378908397,Lost Pigs 0030 - Nates,182859,W. Gargano
Algorand:388471960,Lost Pigs 0031 - Touma,225201,Álex Berenguer
Algorand:388474790,Lost Pigs 0032 - Kenji,1179,G. Buffon
Algorand:388476667,Lost Pigs 0033 - Fumiko,188938,C. Álvarez
Algorand:388485192,Lost Pigs 0034 - Kaen,181481,D. Vukovic
Algorand:388490125,Lost Pigs 0035 - Shimizu,230313,Tony Abranjes
Algorand:388492905,Lost Pigs 0036 - Ankoku,186568,Marcos Paulo
Algorand:388496743,Lost Pigs 0037 - Taiyō,227394,C. González
Algorand:388499777,Lost Pigs 0038 - Hayashi,226592,J. Jankto
Algorand:388503044,Lost Pigs 0039 - Junichiro,192119,T. Courtois
Algorand:388509040,Lost Pigs 0040 - Hideo,230975,D. Vergara
Algorand:400266071,Lost Pigs 0041 - Hikaru,221312,A. Pérez
Algorand:400272916,Lost Pigs 0042 - Kyo,192991,C. Tosun
Algorand:400277208,Lost Pigs 0043 - Katashi,197971,D. Alibec
Algorand:400282395,Lost Pigs 0044 - Sora,163828,A. Le Fondre
Algorand:400285603,Lost Pigs 0045 - Shigeru,L0014,Nesta
Algorand:400288823,Lost Pigs 0046 - Daichi,221430,U. Đurđević
Algorand:400292350,Lost Pigs 0047 - Kaito,201042,D. Sidibé
Algorand:400298752,Lost Pigs 0048 - Yajū,152554,G. Clichy
Algorand:400304521,Lost Pigs 0049 - Takumi,236593,C. Stengs
Algorand:400310892,Lost Pigs 0050 - Shinobu,176580,L. Suárez
Algorand:430361226,Lost Pigs 0051 - Eduardo,242384,Douglas
Algorand:430295722,Lost Pigs 0052 - Lynn,182494,F. Muslera
Algorand:430310956,Lost Pigs 0053 - W.E.S.T,164835,Ł. Fabiański
Algorand:437907590,Lost Pigs 0054 - William,207926,A. Linde
Algorand:437936008,Lost Pigs 0055 - Christopher,244467,O. Kolář
Algorand:437930521,Lost Pigs 0056 - Matthews,200875,E. Gigliotti
Algorand:442605226,Lost Pigs 0057 - Tucker,199413,T. Kempe
Algorand:442621941,Lost Pigs 0058 - Cornelius,224334,M. Acuña
Algorand:442627260,Lost Pigs 0059 - Jasper,189857,Quique
Algorand:448083891,Lost Pigs 0060 - Freaky Tah,187491,F. Smolov
Algorand:452834141,Lost Pigs 0061 - Marvin,190286,Canales
Algorand:452873601,Lost Pigs 0062 - Noelle,215048,J. Burrai
Algorand:453002619,Lost Pigs 0063 - Dixon,241671,D. Livaković
Algorand:459480368,Lost Pigs 0064 - Victoria,239361,D. de Wit
Algorand:459486835,Lost Pigs 0065 - Hayden,226271,Fabián
Algorand:459490430,Lost Pigs 0066 - Cassandra,217940,D. Djené
Algorand:459494397,Lost Pigs 0067 - Emilia,230460,Prazeracinho
Algorand:627025918,Lost Pigs 0068 - Angelica,225659,G. Rodríguez
Algorand:633130021,Lost Pigs 0069 - Martin,215334,G. Carrillo
Algorand:646027326,Lost Pigs 0070 - Skullkraken,228251,L. Pellegrini
Algorand:651690116,Lost Pigs 0071 - Roger,204472,B. Sarr
Algorand:651695655,Lost Pigs 0072 - Junior,192789,Mario Gaspar
Algorand:651698287,Lost Pigs 0073 - Hank,199482,A. Lopes
Algorand:651702711,Lost Pigs 0074 - Maurice,178005,Rui Patrício
Algorand:651704505,Lost Pigs 0075 - Franz,222716,Everton
Algorand:651717938,Lost Pigs 0076 - Tiger,185221,Luiz Gustavo
Algorand:651722005,Lost Pigs 0077 - Clay,207410,M. Kovačić
Algorand:651724419,Lost Pigs 0078 - Dennis,162835,S. Handanovič
Algorand:651727077,Lost Pigs 0079 - Hawk,189857,Quique
Algorand:666620639,Lost Pigs 0080 - Daxxel,241509,Mauro Júnior
Algorand:671872623,Lost Pigs 0081 - Baha,208448,E. Forsberg
Algorand:671887800,Lost Pigs 0082 - Hexa,224411,Gonçalo Guedes
Algorand:671889035,Lost Pigs 0083 - Ammar,204242,M. Barreto
Algorand:671895172,Lost Pigs 0084 - Namar,230254,Paulson Junqueira
Algorand:671900338,Lost Pigs 0085 - Hosa,246646,M. Caqueret
Algorand:671902199,Lost Pigs 0086 - Xosa,214313,J. Delgado
Algorand:671904513,Lost Pigs 0087 - Asai,212198,Bruno Fernandes
Algorand:671908166,Lost Pigs 0088 - Sai,L0019,Gullit
Algorand:680886331,Lost Pigs 0089 - Akuaku,199482,A. Lopes
Algorand:778016357,Lost Pigs 0090 - Acorn,214379,A. Rodríguez
Algorand:711462177,Lost Pigs 0091 - Walton,236772,D. Szoboszlai
Algorand:711462966,Lost Pigs 0092 - Jazz,244368,A. Besedin
Algorand:711468615,Lost Pigs 0093 - Celeste,215914,N. Kanté
Algorand:711478848,Lost Pigs 0094 - Dorian,233965,A. Castro-Montes
Algorand:711480448,Lost Pigs 0095 - Harmony,241096,S. Tonali
Algorand:711489139,Lost Pigs 0096 - Caprice,208861,J. Gastien
Algorand:711497290,Lost Pigs 0097 - Octavia,152912,J. Sand
Algorand:711498327,Lost Pigs 0098 - Lyra,186569,S. Ulreich
Algorand:711499585,Lost Pigs 0099 - Melody,228251,L. Pellegrini
Algorand:711500219,Lost Pigs 0100 - Aria,230168,Raphaelinho Anjos
Algorand:715583040,Lost Pigs 0101 - Hallie,176580,L. Suárez
Algorand:715578352,Lost Pigs 0102 - Reese,227127,Álex Remiro
Algorand:715584043,Lost Pigs 0103 - May,206517,J. Grealish
Algorand:715584890,Lost Pigs 0104 - Ortiz,198951,C. Bakambu
Algorand:715586355,Lost Pigs 0105 - Mylee,212462,Alex Telles
Algorand:715587652,Lost Pigs 0106 - Dallas,212933,L. Depoitre
Algorand:720818769,Lost Pigs 0107 - Richmond,253444,A. Kalimuendo
Algorand:720819438,Lost Pigs 0108 - Pamela,191058,Camora
Algorand:720823556,Lost Pigs 0109 - Manuel,162835,S. Handanovič
Algorand:711256443,Lost Pigs 0110 - Hiroshi,210935,D. Berardi
Algorand:720824746,Lost Pigs 0111 - Gibbs,199069,V. Aboubakar
Algorand:720825784,Lost Pigs 0112 - Peterson,199848,Pedro Moreira
Algorand:720826336,Lost Pigs 0113 - Warner,252931,L. Ivanušec
Algorand:720827979,Lost Pigs 0114 - Yuki,201285,C. Gytkjær
Algorand:720830872,Lost Pigs 0115 - Middleton,236760,Kike Pérez
Algorand:720832579,Lost Pigs 0116 - Davila,193512,M. Heča
Algorand:720832888,Lost Pigs 0117 - Torres,205693,S. Haller
Algorand:720833245,Lost Pigs 0118 - Dillon,220093,H. Hateboer
Algorand:720834779,Lost Pigs 0119 - Demi,216547,Rafa
Algorand:720835403,Lost Pigs 0120 - Diva,229857,S. Sensi
Algorand:724065717,Lost Pigs 0121 - Emily,156483,C. Lucchetti
Algorand:724067113,Lost Pigs 0122 - Orr,212207,N. Stanciu
Algorand:724068252,Lost Pigs 0123 - Cierra,193504,S. Caulker
Algorand:724069017,Lost Pigs 0124 - Mora,246771,M. Castro
Algorand:724069981,Lost Pigs 0125 - Carol,237286,A. Connolly
Algorand:724112732,Lost Pigs 0126 - Coleman,219411,J. Izquierdo
Algorand:724115316,Lost Pigs 0127 - Quintin,198141,Bartra
Algorand:724117296,Lost Pigs 0128 - Ashlynn,214584,F. Armani
Algorand:724121434,Lost Pigs 0129 - Scott,L0011,Roberto Carlos
Algorand:724124152,Lost Pigs 0130 - Arthur,232293,V. Osimhen
Algorand:727574743,Lost Pigs 0131 - Butler,156519,H. Herrera
Algorand:727576219,Lost Pigs 0132 - Malakai,210441,Fran Sol
Algorand:727578061,Lost Pigs 0133 - Ty,230168,Raphaelinho Anjos
Algorand:727583792,Lost Pigs 0134 - Kennedy,253718,I. Ramírez
Algorand:727615790,Lost Pigs 0135 - Troy,226161,Marcos Llorente
Algorand:727620870,Lost Pigs 0136 - Best,213345,K. Coman
Algorand:727626887,Lost Pigs 0137 - Alondra,232411,C. Nkunku
Algorand:727632660,Lost Pigs 0138 - Peters,230400,Allison Sireo
Algorand:727635624,Lost Pigs 0139 - Sofia,195365,K. Kampl
Algorand:727636485,Lost Pigs 0140 - Vivian,215331,L. Jara
Algorand:710863453,Lost Pigs 0141 - PigLit 4.2,201285,C. Gytkjær
Algorand:737779992,Lost Pigs 0142 - Brisa,183898,Á. Di María
Algorand:739581304,Lost Pigs 0143 - Billy,204935,J. Pickford
Algorand:734347266,Lost Pigs 0144 - Estrada,241771,A. Nwakaeme
Algorand:737790903,Lost Pigs 0145 - Anne,L0021,Platini
Algorand:737791675,Lost Pigs 0146 - Hoffman,207616,A. Webster
Algorand:737792153,Lost Pigs 0147 - Herrera,172114,D. Valeri
Algorand:737792831,Lost Pigs 0148 - Melisma,193631,C. Groß
Algorand:737797078,Lost Pigs 0149 - Moses,214979,J. Musso
Algorand:737797706,Lost Pigs 0150 - Aida,207877,J. Martínez
Algorand:737798318,Lost Pigs 0151 - Marisa,178567,E. Pieters
Algorand:734189217,Lost Pigs 0152 - Damaris,223879,L. Ramos
Algorand:745522865,Lost Pigs 0153 - Ignacio,194753,L. Marrone
Algorand:745523541,Lost Pigs 0154 - Copeland,221087,Pau López
Algorand:745569060,Lost Pigs 0155 - Rhys,238637,S. Vasiliadis
Algorand:745563439,Lost Pigs 0156 - Lawson,189513,Parejo
Algorand:745578148,Lost Pigs 0157 - Porter,200968,F. Ogier
Algorand:745025884,Lost Pigs 0158 - Atkins,L0030,Henry
Algorand:745585315,Lost Pigs 0159 - Rhapsody,228092,S. Berge
Algorand:745590862,Lost Pigs 0160 - Sonatina,216229,R. Dugimont
Algorand:745592144,Lost Pigs 0161 - Tabitha,171579,Raúl García
Algorand:751547276,Lost Pigs 0162 - Russo,200653,G. Burdisso
Algorand:751549620,Lost Pigs 0163 - Blackburn,230478,Jairão Zezé
Algorand:758727298,Lost Pigs 0164 - Knapp,227127,Álex Remiro
Algorand:744959233,Lost Pigs 0165 - Jonas,189511,Sergio Busquets
Algorand:758728985,Lost Pigs 0166 - Lloyd,134779,J. Briand
Algorand:758733657,Lost Pigs 0167 - Alessandra,204963,Carvajal
Algorand:758734822,Lost Pigs 0168 - Averie,204246,M. Bettinelli
Algorand:758735414,Lost Pigs 0169 - Isabela,208093,Gerard Moreno
Algorand:758736029,Lost Pigs 0170 - Zoey,214997,Á. Correa
Algorand:758736971,Lost Pigs 0171- Janelle,210520,Edgar Ié
Algorand:758737494,Lost Pigs 0172 - Natasha,198164,Jonathan Viera
Algorand:758738206,Lost Pigs 0173 - Njal,220407,M. Dúbravka
Algorand:758738818,Lost Pigs 0174 - McCarty,224599,Yan Junling
Algorand:772168996,Lost Pigs 0175 - Rosales,242444,João Félix
Algorand:772170108,Lost Pigs 0176 - Vang,200949,Lucas Moura
Algorand:772165491,Lost Pigs 0177 - Jameson,193910,A. Forshaw
Algorand:772171112,Lost Pigs 0178 - Booker,201893,Recio
Algorand:772172985,Lost Pigs 0179 - Aydin,201922,M. Hinteregger
Algorand:730856468,Lost Pigs 0180 - Huxley,228946,M. Svanberg
Algorand:772194227,Lost Pigs 0181 - Wilkinson,171791,José Fonte
Algorand:772199669,Lost Pigs 0182 - Bryanna,223495,I. Rossi
Algorand:772200485,Lost Pigs 0183 - Lilia,231485,A. Tuanzebe
Algorand:772203249,Lost Pigs 0184 - Ulf,193881,F. Đuričić
Algorand:772203871,Lost Pigs 0185 - Dahlia,162280,A. Mierzejewski
Algorand:778015290,Lost Pigs 0186 - Bond,211231,R. Azeez
Algorand:778015690,Lost Pigs 0187 - Haley,192505,R. Lukaku
Algorand:778024622,Lost Pigs 0188 - Stephany,192119,T. Courtois
Algorand:778024953,Lost Pigs 0189 - Garrett,L0022,Matthäus
Algorand:778025245,Lost Pigs 0190 - Maria,157665,S. Dann
Algorand:778025633,Lost Pigs 0191 - Karley,L0004,Beckenbauer
Algorand:778028081,Lost Pigs 0192 - Pacheco,156483,C. Lucchetti
Algorand:778030331,Lost Pigs 0193 - Lee,222404,M. Normann
Algorand:778030710,Lost Pigs 0194 - Emanuel,L0009,Schmeichel
Algorand:778031028,Lost Pigs 0195 - Fife,201400,Rafinha
Algorand:778033686,Lost Pigs 0196 - Lydia,171146,R. M'Bolhi
Algorand:778034031,Lost Pigs 0197 - Evangeline,191032,G. Töre
Algorand:778035046,Lost Pigs 0198 - Elsa,227550,D. Viera
Algorand:778035680,Lost Pigs 0199 - Elliott,208596,A. Belotti
Algorand:778020005,Lost Pigs 0200 - G.R.E.E.N,214313,J. Delgado
Algorand:778036220,Lost Pigs 0201 - Alegra,235563,M. Chouiar
Algorand:778036827,Lost Pigs 0202 - Cadence,232226,D. Boyko
Algorand:783959815,Lost Pigs 0203 - Jaiden,203486,T. Hazard
Algorand:783961471,Lost Pigs 0204 - Aidyn,250939,D. Stipica
Algorand:792760689,Lost Pigs 0205 - Ingram,192665,A. Luthe
Algorand:794894668,Lost Pigs 0206 - Higgins,201399,M. Icardi
Algorand:783992416,Lost Pigs 0207 - Donte,224574,O. Pineda
Algorand:786210720,Lost Pigs 0208 - Boris,216201,Iñaki Williams
Algorand:784046793,Lost Pigs 0209 - Kamden,175943,D. Mertens
Algorand:784047359,Lost Pigs 0210 - Drew,238924,D. Keita-Ruel
Algorand:784051660,Lost Pigs 0211 - Dodson,240225,M. Safonov
Algorand:784060579,Lost Pigs 0212 - Junfeng,204639,S. Savić
Algorand:784062322,Lost Pigs 0213 - Antony,226754,I. Bennacer
Algorand:784063338,Lost Pigs 0214 - Herring,L0028,Romário
Algorand:792777316,Lost Pigs 0215 - Vincent,204963,Carvajal
Algorand:792778065,Lost Pigs 0216 - Andersen,241095,N. Vlašić
Algorand:792778343,Lost Pigs 0217 - Ingrid,195093,Willian José
Algorand:792778674,Lost Pigs 0218 - Cheyenne,215316,G. Rulli
Algorand:792779524,Lost Pigs 0219 - Jada,208574,F. Kostić
Algorand:792779787,Lost Pigs 0220 - Cloe,222665,M. Ødegaard
Algorand:792780206,Lost Pigs 0221 - Kenley,202078,D. Nagbe
Algorand:792780405,Lost Pigs 0222 - Castaneda,192350,J. Aquino
Algorand:792780760,Lost Pigs 0223 - Rhianna,213565,T. Lemar
Algorand:792781106,Lost Pigs 0224 - Graves,252018,K. Piątkowski
Algorand:794875507,Lost Pigs 0225 - Willis,206218,P. Nardi
Algorand:794880024,Lost Pigs 0226 - Bonny,L0018,Gascoigne
Algorand:794886226,Lost Pigs 0227 - Camilla,180818,D. McGoldrick
Algorand:794886520,Lost Pigs 0228 - Burton,218339,M. Dahoud
Algorand:808655750,Lost Pigs 0229 - Aldo,241410,E. Salcedo
Algorand:794887097,Lost Pigs 0230 - Juliette,233049,J. Sancho
Algorand:794887499,Lost Pigs 0231 - Bullock,230204,Héniton Pires
Algorand:794887755,Lost Pigs 0232 - Edwards,222492,L. Sané
Algorand:787232301,Lost Pigs 0233 - Barth,223959,L. Torreira
Algorand:794888572,Lost Pigs 0234 - Lam,176137,J. Vossen
Algorand:799821825,Lost Pigs 0235 - Holmes,L0031,Müller
Algorand:799822204,Lost Pigs 0236 - August,204485,R. Mahrez
Algorand:808679537,Lost Pigs 0237 - Aedan,212478,G. Zardes
Algorand:808681379,Lost Pigs 0238 - Mitchell,203747,Héctor Bellerín
Algorand:808682447,Lost Pigs 0239 - Theresa,225850,P. Kimpembe
Algorand:808686294,Lost Pigs 0240 - Erickson,192563,B. Leno
Algorand:808686804,Lost Pigs 0241 - Joyce,241671,D. Livaković
Algorand:808688257,Lost Pigs 0242 - Lester,182521,T. Kroos
Algorand:808688675,Lost Pigs 0243 - Camryn,204970,F. Thauvin
Algorand:787222820,Lost Pigs 0244 - Kazuo,212622,J. Kimmich
Algorand:808690797,Lost Pigs 0245 - Viper,230621,G. Donnarumma
Algorand:808692201,Lost Pigs 0246 - Gregory,138956,G. Chiellini
Algorand:808694776,Lost Pigs 0247 - Maryjane,258433,E. Matazo
Algorand:815229961,Lost Pigs 0248 - Mr. Banks,177604,Nacho Monreal
Algorand:815230437,Lost Pigs 0249 - Dean,203889,Y. Touzghar
Algorand:815231386,Lost Pigs 0250 - Ms. Banks,192984,K. Casteels
Algorand:815231588,Lost Pigs 0251 - Nunez,184200,M. Arnautović
Algorand:829989128,Lost Pigs 0252 - Mike,242865,I. Govea
Algorand:815232030,Lost Pigs 0253 - Itzel,244700,Y. Dyupin
Algorand:815234196,Lost Pigs 0254 - Lilianna,192774,K. Manolas
Algorand:805525992,Lost Pigs 0255 - Hiro,215333,D. Zapata
Algorand:815234470,Lost Pigs 0256 - Malaki,209658,L. Goretzka
Algorand:815234859,Lost Pigs 0257 - Annalise,178750,Sergio Asenjo
Algorand:815235589,Lost Pigs 0258 - Barnett,230402,Muo Cadete
Algorand:815235915,Lost Pigs 0259 - Zane,214997,Á. Correa
Algorand:815238436,Lost Pigs 0260 - Dakota,153244,A. Gignac
Algorand:815238885,Lost Pigs 0261 - Schneider,230201,Maikel Catarino
Algorand:815239105,Lost Pigs 0262 - Mathews,224415,Luis Rioja
Algorand:815239674,Lost Pigs 0263 - Miller,225071,B. Whiteman
Algorand:821292451,Lost Pigs 0264 - Dylon,226436,H. ter Avest
Algorand:821307992,Lost Pigs 0265 - Vikram,223689,W. Weghorst
Algorand:821309166,Lost Pigs 0266 - Louis,206003,Y. Mvogo
Algorand:821328320,Lost Pigs 0267 - Carter,242444,João Félix
Algorand:821338182,Lost Pigs 0268 - Tanisha,143076,A. Gómez
Algorand:821341566,Lost Pigs 0269 - Athyne,167948,H. Lloris
Algorand:821340222,Lost Pigs 0270 - Brandon,215316,G. Rulli
Algorand:821342452,Lost Pigs 0271 - Sid,208333,E. Can
Algorand:821343593,Lost Pigs 0272 - Freddy,244987,M. Álvarez
Algorand:821354425,Lost Pigs 0273 - Vanesa,199254,João Pedro
Algorand:833789035,Lost Pigs 0274 - AC,200698,N. Marsman
Algorand:821355646,Lost Pigs 0275 - Buckner,187598,Rafael Tolói
Algorand:821356188,Lost Pigs 0276 - Santos,198031,Sérgio Oliveira
Algorand:831828299,Lost Pigs 0277 - Michael,251292,F. Kastenmeier
Algorand:831828690,Lost Pigs 0278 - Josie,217287,J. De Sart
Algorand:831829741,Lost Pigs 0279 - Miranda,236311,M. Rog
Algorand:831830122,Lost Pigs 0280 - Robbie,202652,R. Sterling
Algorand:831837144,Lost Pigs 0281 - Milla,207725,M. van der Hoorn
Algorand:831837798,Lost Pigs 0282 - Tracy,255409,R. Boženík
Algorand:831838794,Lost Pigs 0283 - Rayner,193474,I. Gueye
Algorand:833791138,Lost Pigs 0284 - Emmanuel,203376,V. van Dijk
Algorand:831857986,Lost Pigs 0285 - Ruth,204884,B. Mendy
Algorand:831864109,Lost Pigs 0286 - Hamilton,244797,P. Musa
Algorand:842087368,Lost Pigs 0287 - English,227127,Álex Remiro
Algorand:850600973,Lost Pigs 0288 - Damian,223685,O. Rivero
Algorand:831864930,Lost Pigs 0289 - Jennifer,225201,Álex Berenguer
Algorand:831857012,Lost Pigs 0290 - Brook,252541,J. Chotard
Algorand:839589327,Lost Pigs 0291 - Miles,173731,G. Bale
Algorand:839590319,Lost Pigs 0292 - McCartney,181872,A. Vidal
Algorand:839592725,Lost Pigs 0293 - Lilly,220048,S. Scuffet
Algorand:839594678,Lost Pigs 0294 - Vera,234153,Carlos Soler
Algorand:841602024,Lost Pigs 0295 - Arissa,193105,A. Areola
Algorand:839595750,Lost Pigs 0296 - Lagertha,230415,Lourival Dinisco
Algorand:946408252,Lost Pigs 0297 - Bruce,233049,J. Sancho
Algorand:839596643,Lost Pigs 0298 - Josh,215522,A. Schlager
Algorand:839597026,Lost Pigs 0299 - Grace,192629,Iago Aspas
Algorand:972117657,Lost Pigs 0300 - Atom,236401,N. Mazraoui
Algorand:839597559,Lost Pigs 0301 - Ishikawa,237321,M. Berisha
Algorand:839598167,Lost Pigs 0302 - Mikey,213661,A. Christensen
Algorand:839598785,Lost Pigs 0303 - Maddison,198039,M. Gillespie
Algorand:847062098,Lost Pigs 0304 - Alexander,236792,T. Souček
Algorand:839600015,Lost Pigs 0305 - Shelby,176676,Marcelo
Algorand:841016330,Lost Pigs 0306 - Stark,252239,L. González
Algorand:847060323,Lost Pigs 0307 - Leo,189357,C. Toselli
Algorand:841024933,Lost Pigs 0308 - McAuley,216594,N. Fekir
Algorand:847115916,Lost Pigs 0309 - Griffin,188377,K. Walker
Algorand:847122158,Lost Pigs 0310 - Walter,223593,J. Correa
Algorand:847122752,Lost Pigs 0311 - Preston,224317,J. Cabrera
Algorand:847123350,Lost Pigs 0312 - Eve,173178,Manolo Reina
Algorand:847123993,Lost Pigs 0313 - Amelia,211108,Fei Nanduo
Algorand:847124782,Lost Pigs 0314 - Daisy,204399,E. Zahavi
Algorand:847126139,Lost Pigs 0315 - Ezra,251292,F. Kastenmeier
Algorand:847127174,Lost Pigs 0316 - Anisha,243576,Pedro Porro
Algorand:847127717,Lost Pigs 0317 - Maddox,168542,David Silva
Algorand:847128569,Lost Pigs 0318 - Miley,239842,G. Giakoumakis
Algorand:847129052,Lost Pigs 0319 - Elize,226382,L. Villarruel
Algorand:850659690,Lost Pigs 0320 - Jermaine,244368,A. Besedin
Algorand:850657668,Lost Pigs 0321 - Kourtney,233999,Jairo Farnias
Algorand:852945754,Lost Pigs 0322 - Heaton,229909,A. Lunev
Algorand:852946279,Lost Pigs 0323 - Flynn,173426,S. Mignolet
Algorand:852946821,Lost Pigs 0324 - Pratt,212622,J. Kimmich
Algorand:852947935,Lost Pigs 0325 - Eilish,207439,L. Paredes
Algorand:852950520,Lost Pigs 0326 - Hicks,202811,E. Martínez
Algorand:852951186,Lost Pigs 0327 - Annabell,224987,I. Provedel
Algorand:852924075,Lost Pigs 0328 - Zhang,L0034,Buffon
Algorand:852953043,Lost Pigs 0329 - Silas,194083,Marco Paixão
Algorand:852954934,Lost Pigs 0330 - Patton,205431,N. Füllkrug
Algorand:852955516,Lost Pigs 0331 - Kayley,214031,G. Mera
Algorand:852967937,Lost Pigs 0332 - Taliyah,L0036,Passarella
Algorand:942752447,Lost Pigs 0333 - Omen the 3rd,L0038,Xavi
Algorand:852971660,Lost Pigs 0334 - Mathilde,234986,P. Retsos
Algorand:859615717,Lost Pigs 0335 - Friedman,230767,Renato Sanches
Algorand:859616212,Lost Pigs 0336 - Davidson,233097,R. van Drongelen
Algorand:859619667,Lost Pigs 0337 - Frazier,231969,R. Malinovskyi
Algorand:859620519,Lost Pigs 0338 - Braxton,171828,I. Scocco
Algorand:859621666,Lost Pigs 0339 - Cortes,199183,Kim Bo Kyung
Algorand:859622038,Lost Pigs 0340 - Jeff,211099,O. Nguette
Algorand:859622363,Lost Pigs 0341 - Maxime,204757,Toño García
Algorand:859623116,Lost Pigs 0342 - Wickens,193408,H. Seferović
Algorand:859623741,Lost Pigs 0343 - Bright,L0024,Best
Algorand:859626161,Lost Pigs 0344 - Winters,212188,T. Werner
Algorand:859627046,Lost Pigs 0345 - Shanae,212261,Brandon Thomas
Algorand:859628178,Lost Pigs 0346 - Adam,230280,Antonaldinho
Algorand:869801792,Lost Pigs 0347 - Kaufman,199354,Lucas Pérez
Algorand:869802208,Lost Pigs 0348 - Greig,211903,B. Kololli
Algorand:869810746,Lost Pigs 0349 - Susan,246608,Fidalgo
Algorand:869812484,Lost Pigs 0350 - Murphy,200145,Casemiro
Algorand:869813230,Lost Pigs 0351 - Shannan,215223,W. Benítez
Algorand:869815654,Lost Pigs 0352 - Alma,208618,Lucas Vázquez
Algorand:850142610,Lost Pigs 0353 - DOOM Pig,197231,K. Babacar
Algorand:869816015,Lost Pigs 0354 - Rose,197136,K. Ansarifard
Algorand:869816513,Lost Pigs 0355 - Joe,186153,W. Szczęsny
Algorand:869816972,Lost Pigs 0356 - Lucas,230384,Nuno Padrenda
Algorand:869817340,Lost Pigs 0357 - McFarland,208507,Dani Barrio
Algorand:869817749,Lost Pigs 0358 - Colley,243238,Júnior Moraes
Algorand:869818102,Lost Pigs 0359 - Stacey,211891,A. Voglsammer
Algorand:879375520,Lost Pigs 0360 - Anna,223959,L. Torreira
Algorand:885852279,Lost Pigs 0361 - Corrina,215247,M. Ingvartsen
Algorand:886009045,Lost Pigs 0362 - Alyx,202716,Abdón Prats
Algorand:942755167,Lost Pigs 0363 - Omen the 6th,240091,G. Vicario
Algorand:886009514,Lost Pigs 0364 - Xuesong,230258,Rosberto Dourado
Algorand:886010786,Lost Pigs 0365 - Cristiano,212240,K. Karaman
Algorand:886137785,Lost Pigs 0366 - Gordie,219683,C. Tolisso
Algorand:886137994,Lost Pigs 0367 - Daisie,193584,G. Burgstaller
Algorand:886138312,Lost Pigs 0368 - Darius,189690,Guaita
Algorand:886138593,Lost Pigs 0369 - Laver,193314,Aitor
Algorand:914369662,Lost Pigs 0370 - Piggy Smalls,212616,R. De Paul
Algorand:886138925,Lost Pigs 0371 - Pierce,197937,P. Djilobodji
Algorand:886174402,Lost Pigs 0372 - Kobie,L0006,Yashin
Algorand:886139394,Lost Pigs 0373 - Anthony,242374,M. Barrow
Algorand:886139734,Lost Pigs 0374 - Bassett,132740,J. Hansen
Algorand:890280303,Lost Pigs 0375 - Hartley,247106,A. Bernabei
Algorand:891667225,Lost Pigs 0376 - Pablo,201399,M. Icardi
Algorand:890289290,Lost Pigs 0377 - Lexi,193474,I. Gueye
Algorand:890289881,Lost Pigs 0378 - Ayda,184432,Azpilicueta
Algorand:890291545,Lost Pigs 0379 - Tyrese,177683,Y. Sommer
Algorand:890313700,Lost Pigs 0380 - Graham,225475,Hernani
Algorand:890315684,Lost Pigs 0381 - Potts,189690,Guaita
Algorand:889827596,Lost Pigs 0382 - Berg,253912,A. Ocanto
Algorand:919037802,Lost Pigs 0383 - Cousteau,189596,T. Müller
Algorand:890316716,Lost Pigs 0384 - Velez,230185,Túlio Changas
Algorand:890317005,Lost Pigs 0385 - Petra,189712,K. Strootman
Algorand:890317385,Lost Pigs 0386 - Raymond,217805,A. Martín Arias
Algorand:902841921,Lost Pigs 0387 - Noor,227290,M. Dmitrović
Algorand:902842293,Lost Pigs 0388 - Blackwell,199564,Sergi Roberto
Algorand:902842616,Lost Pigs 0389 - Marcie,192387,C. Immobile
Algorand:902842898,Lost Pigs 0390 - Saffa,201519,J. Veretout
Algorand:902843231,Lost Pigs 0391 - Winifred,176580,L. Suárez
Algorand:902843503,Lost Pigs 0392 - Hernandez,241941,S. Nsoki
Algorand:942755517,Lost Pigs 0393 - Omen The 9th,226379,M. Díaz
Algorand:902843938,Lost Pigs 0394 - Morgan,191164,F. Martínez
Algorand:902844518,Lost Pigs 0395 - Kelly,224179,Borja Iglesias
Algorand:902845968,Lost Pigs 0396 - Mcdonald,243551,A. Gholizadeh
Algorand:911683978,Lost Pigs 0397 - Hanson,216201,Iñaki Williams
Algorand:902846654,Lost Pigs 0398 - Stuart,189690,Guaita
Algorand:902847096,Lost Pigs 0399 - Cooley,226050,C. Teuchert
Algorand:902847491,Lost Pigs 0400 - Alison,197445,D. Alaba
Algorand:932793594,Lost Pigs 0401 - Tyler,235410,Y. En-Nesyri
Algorand:932794016,Lost Pigs 0402 - Ray,204639,S. Savić
Algorand:932794344,Lost Pigs 0403 - Howarth,214196,D. Bocanegra
Algorand:932795353,Lost Pigs 0404 - Mo,205966,A. Younes
Algorand:923218932,Lost Pigs 0405 - Christer,204399,E. Zahavi
Algorand:932805082,Lost Pigs 0406 - Naima,227127,Álex Remiro
Algorand:921910360,Lost Pigs 0407 - Tsuchigumo,200463,T. Melia
Algorand:914412829,Lost Pigs 0408 - Blake,215522,A. Schlager
Algorand:921911434,Lost Pigs 0409 - Lennon,225149,J. Butez
Algorand:921912002,Lost Pigs 0410 - Woodrow,222716,Everton
Algorand:921912450,Lost Pigs 0411 - Easy,18122,N. Penneteau
Algorand:921916251,Lost Pigs 0412 - Mayer,241130,I. Ganago
Algorand:929850113,Lost Pigs 0413 - Average,236401,N. Mazraoui
Algorand:1002257132,Lost Pigs 0414 - Tiffany,208830,J. Vardy
Algorand:921916970,Lost Pigs 0415 - Gwyneth,204308,H. Van Crombrugge
Algorand:932812092,Lost Pigs 0416 - Kaiya,124375,B. Yılmaz
Algorand:921918820,Lost Pigs 0417 - Pcy,241852,M. Diaby
Algorand:918971682,Lost Pigs 0418 - Dave,241004,F. Carballo
Algorand:921920859,Lost Pigs 0419 - Volach,241486,J. Koundé
Algorand:921921278,Lost Pigs 0420 - Kristie,228279,J. Drommel
Algorand:932825210,Lost Pigs 0421 - Hermione,203263,H. Maguire
Algorand:932833742,Lost Pigs 0422 - Hope,120533,Pepe
Algorand:979492185,Lost Pigs 0423 - Xenomorph,183711,J. Henderson
Algorand:940359342,Lost Pigs 0424 - Amanojaku,185020,José Callejón
Algorand:940361064,Lost Pigs 0425 - Mcdermott,208670,H. Ziyech
Algorand:940361782,Lost Pigs 0426 - Jorge,215213,A. Werner
Algorand:944004978,Lost Pigs 0427 - Mstislav,207471,F. Vázquez
Algorand:944005506,Lost Pigs 0428 - Antonio,230430,Oswaldinato
Algorand:946054773,Lost Pigs 0429 - Koch,192725,M. Le Marchand
Algorand:923218182,Lost Pigs 0430 - Ralph,224179,Borja Iglesias
Algorand:946050137,Lost Pigs 0431 - Barclay,230256,Adryan Zonta
Algorand:946051004,Lost Pigs 0432 - 34T,205678,E. Višća
Algorand:929129450,Lost Pigs 0433 - Hector,240034,L. Štetina
Algorand:946052142,Lost Pigs 0434 - Lionel,201399,M. Icardi
Algorand:923215783,Lost Pigs 0435 - Quack,193061,R. Pereyra
Algorand:946056485,Lost Pigs 0436 - Travis,239978,D. Man
Algorand:953488144,Lost Pigs 0437 - Logan,193314,Aitor
Algorand:923203694,Lost Pigs 0438 - Lost Piggy Doof,198145,S. Araujo
Algorand:972107896,Lost Pigs 0439 - Moss,207877,J. Martínez
Algorand:962271687,Lost Pigs 0440 - Ethelwolf,201262,V. Darida
Algorand:1137039060,Lost Pigs 0441 - Jupiter,231443,O. Dembélé
Algorand:965793640,Lost Pigs 0442 - Nemo,L0007,Banks
Algorand:995054205,Lost Pigs 0443 - Juan,233306,D. Henderson
Algorand:1148379990,Lost Pigs 0444 - Baby,231447,D. Malen
Algorand:358524324,M.N.G.O #1,241976,Tiago Sá
Algorand:358525454,M.N.G.O #10,231197,M. Hilßner
Algorand:358535631,M.N.G.O #100,232755,J. Dasilva
Algorand:358661022,M.N.G.O #1000,172871,J. Vertonghen
Algorand:358671781,M.N.G.O #1001,239356,A. Matusiwa
Algorand:358672271,M.N.G.O #1002,261939,Chen Zhengfeng
Algorand:358672376,M.N.G.O #1003,242448,André Silva
Algorand:358672501,M.N.G.O #1004,215213,A. Werner
Algorand:358672626,M.N.G.O #1005,264127,R. Flueraş
Algorand:358672718,M.N.G.O #1006,237964,I. Jome
Algorand:358672821,M.N.G.O #1007,243032,Hugo Duro
Algorand:358672963,M.N.G.O #1008,223550,J. Omlin
Algorand:358673087,M.N.G.O #1009,179765,E. Vecchio
Algorand:358535740,M.N.G.O #101,230457,Gabrisco Aníbal
Algorand:358673219,M.N.G.O #1010,262327,J. Batioja
Algorand:358673360,M.N.G.O #1011,231485,A. Tuanzebe
Algorand:358673474,M.N.G.O #1012,202033,S. McLaughlin
Algorand:358673654,M.N.G.O #1013,260305,H. Mociu
Algorand:358673791,M.N.G.O #1014,254884,S. Bowen
Algorand:358673895,M.N.G.O #1015,248222,Liu Xinyu
Algorand:358673999,M.N.G.O #1016,234196,J. Bruijn
Algorand:358674151,M.N.G.O #1017,255918,Lee Ji Yong
Algorand:358674280,M.N.G.O #1018,210441,Fran Sol
Algorand:358674367,M.N.G.O #1019,256993,P. Ramfangzauva
Algorand:358535824,M.N.G.O #102,257965,H. Al Slais
Algorand:358674471,M.N.G.O #1020,261414,H. Parsons
Algorand:358674574,M.N.G.O #1021,238410,L. Coyle
Algorand:358674727,M.N.G.O #1022,214940,S. Ojeda
Algorand:358674837,M.N.G.O #1023,259154,K. Aribi
Algorand:358674930,M.N.G.O #1024,254903,J. Ichimori
Algorand:358675036,M.N.G.O #1025,243231,E. Mwepu
Algorand:358675166,M.N.G.O #1026,246728,L. Traoré
Algorand:358675256,M.N.G.O #1027,230084,L. Nmecha
Algorand:358675382,M.N.G.O #1028,226705,D. Atanga
Algorand:358675478,M.N.G.O #1029,233870,Ricardo Alves
Algorand:358535921,M.N.G.O #103,203604,D. Pavelka
Algorand:358675572,M.N.G.O #1030,220093,H. Hateboer
Algorand:358675692,M.N.G.O #1031,242926,Park Jeong Soo
Algorand:358675822,M.N.G.O #1032,262178,C. Dehmie
Algorand:358675955,M.N.G.O #1033,210214,Jozabed
Algorand:358676072,M.N.G.O #1034,159080,C. Bryson
Algorand:358676157,M.N.G.O #1035,216065,M. Sportiello
Algorand:358676256,M.N.G.O #1036,264249,T. Lake
Algorand:358676343,M.N.G.O #1037,245865,S. Bajic
Algorand:358676474,M.N.G.O #1038,254954,D. Pérez
Algorand:358676591,M.N.G.O #1039,219823,G. Mastriani
Algorand:358536042,M.N.G.O #104,262962,A. Ementa
Algorand:358676742,M.N.G.O #1040,257470,A. Elanga
Algorand:358676860,M.N.G.O #1041,260521,J. Bos
Algorand:358676942,M.N.G.O #1042,212214,A. Solari
Algorand:358677056,M.N.G.O #1043,201046,R. Saponara
Algorand:358677214,M.N.G.O #1044,230578,M. Diakhaby
Algorand:358677340,M.N.G.O #1045,246827,M. Kamara
Algorand:358677445,M.N.G.O #1046,247458,Álex Sola
Algorand:358677550,M.N.G.O #1047,211302,G. Lapadula
Algorand:358677637,M.N.G.O #1048,256889,T. Vannoye
Algorand:358677766,M.N.G.O #1049,263185,T. Butoiu
Algorand:358536159,M.N.G.O #105,263187,T. Coman
Algorand:358677884,M.N.G.O #1050,245796,N. Balongo
Algorand:358677970,M.N.G.O #1051,264271,M. Marzouq
Algorand:358678080,M.N.G.O #1052,256220,M. Parra
Algorand:358678225,M.N.G.O #1053,216744,C. Burgess
Algorand:358678329,M.N.G.O #1054,193408,H. Seferović
Algorand:358678414,M.N.G.O #1055,258793,F. Hoti
Algorand:358678505,M.N.G.O #1056,242444,João Félix
Algorand:358678600,M.N.G.O #1057,253406,J. Reckert
Algorand:358678708,M.N.G.O #1058,189857,Quique
Algorand:358678825,M.N.G.O #1059,235579,M. Massop
Algorand:358536266,M.N.G.O #106,262728,D. Paraschiv
Algorand:358678951,M.N.G.O #1060,252239,L. González
Algorand:358679037,M.N.G.O #1061,261984,Wang Jinshuai
Algorand:358679153,M.N.G.O #1062,261939,Chen Zhengfeng
Algorand:358679261,M.N.G.O #1063,155422,J. Szmatuła
Algorand:358679397,M.N.G.O #1064,248723,C. Malley
Algorand:358679527,M.N.G.O #1065,261387,D. Tsekenis
Algorand:358679705,M.N.G.O #1066,263340,H. Wiles-Richards
Algorand:358679804,M.N.G.O #1067,208153,L. Veldwijk
Algorand:358679932,M.N.G.O #1068,196952,J. Bidwell
Algorand:358680040,M.N.G.O #1069,186589,I. Radovanović
Algorand:358536393,M.N.G.O #107,235410,Y. En-Nesyri
Algorand:358680172,M.N.G.O #1070,242335,C. Cándido
Algorand:358680303,M.N.G.O #1071,243656,N. Radonjić
Algorand:358680401,M.N.G.O #1072,239085,E. Haaland
Algorand:358680510,M.N.G.O #1073,255000,T. Moffi
Algorand:358680643,M.N.G.O #1074,239364,P. Köhn
Algorand:358680841,M.N.G.O #1075,252748,K. Adedoyin
Algorand:358681351,M.N.G.O #1076,224483,M. Greve
Algorand:358681620,M.N.G.O #1077,263055,Lalkhawpuimawia
Algorand:358681757,M.N.G.O #1078,256387,Heo Ja Woong
Algorand:358681873,M.N.G.O #1079,235183,C. Acevedo
Algorand:358536498,M.N.G.O #108,264238,Diego López
Algorand:358681971,M.N.G.O #1080,230978,T. Awoniyi
Algorand:358682066,M.N.G.O #1081,172960,L. Grabban
Algorand:358682171,M.N.G.O #1082,259622,H. Landivar
Algorand:358682263,M.N.G.O #1083,230964,M. Santos
Algorand:358682362,M.N.G.O #1084,247272,G. Ito
Algorand:358682486,M.N.G.O #1085,263834,Z. Silini
Algorand:358682585,M.N.G.O #1086,213699,A. Fletcher
Algorand:358682715,M.N.G.O #1087,232474,T. Sasaki
Algorand:358682832,M.N.G.O #1088,260967,A. Păun
Algorand:358682927,M.N.G.O #1089,238923,R. Scheu
Algorand:358536609,M.N.G.O #109,255632,Yang Yiming
Algorand:358683034,M.N.G.O #1090,263055,Lalkhawpuimawia
Algorand:358683124,M.N.G.O #1091,263884,S. Al Mousa
Algorand:358683224,M.N.G.O #1092,261872,N. Al Saadi
Algorand:358683352,M.N.G.O #1093,238717,E. Pinnock
Algorand:358683530,M.N.G.O #1094,241823,A. Cruz
Algorand:358683641,M.N.G.O #1095,241969,D. Martinović
Algorand:358683749,M.N.G.O #1096,260396,Park Sang Hyuk
Algorand:358683853,M.N.G.O #1097,220965,A. Tahiri
Algorand:358683963,M.N.G.O #1098,259423,Iván Azón
Algorand:358684077,M.N.G.O #1099,231455,A. Cuadra
Algorand:358525555,M.N.G.O #11,230315,Ailton Cardenhas
Algorand:358536701,M.N.G.O #110,254549,J. Woodiwiss
Algorand:358684194,M.N.G.O #1100,200715,A. Davies
Algorand:358684306,M.N.G.O #1101,240311,L. Zidane
Algorand:358684405,M.N.G.O #1102,248399,C. Stan
Algorand:358684533,M.N.G.O #1103,257687,Hu Xingyu
Algorand:358684632,M.N.G.O #1104,214876,J. Marriott
Algorand:358684760,M.N.G.O #1105,251243,M. Klimowicz
Algorand:358684884,M.N.G.O #1106,233451,Zhao Yingjie
Algorand:358685015,M.N.G.O #1107,215088,E. Dieseruvwe
Algorand:358685145,M.N.G.O #1108,215735,Willie
Algorand:358685300,M.N.G.O #1109,206545,Manu Trigueros
Algorand:358536803,M.N.G.O #111,246043,Jang Seong Won
Algorand:358685401,M.N.G.O #1110,263809,M. Robberechts
Algorand:358685505,M.N.G.O #1111,235166,M. Jeahze
Algorand:358685629,M.N.G.O #1112,231299,Marteli
Algorand:358685731,M.N.G.O #1113,234742,H. Barnes
Algorand:358685810,M.N.G.O #1114,153079,S. Agüero
Algorand:358685930,M.N.G.O #1115,198288,S. Beitashour
Algorand:358686044,M.N.G.O #1116,253409,G. Links
Algorand:358686137,M.N.G.O #1117,259471,M. Murphy
Algorand:358686321,M.N.G.O #1118,229641,M. Bagayoko
Algorand:358686469,M.N.G.O #1119,222206,J. Correa
Algorand:358536907,M.N.G.O #112,242075,J. Sargent
Algorand:358686579,M.N.G.O #1120,258761,J. Luamba
Algorand:358686703,M.N.G.O #1121,240809,A. Akbulut
Algorand:358686862,M.N.G.O #1122,261876,C. Noonan
Algorand:358686992,M.N.G.O #1123,257187,A. Jones
Algorand:358687087,M.N.G.O #1124,228413,E. Audero
Algorand:358687213,M.N.G.O #1125,205362,M. Nastasić
Algorand:358687321,M.N.G.O #1126,232926,K. Watanabe
Algorand:358687463,M.N.G.O #1127,224103,E. Aguirre
Algorand:358687634,M.N.G.O #1128,248723,C. Malley
Algorand:358687805,M.N.G.O #1129,251116,T. Holeš
Algorand:358537007,M.N.G.O #113,144160,T. Acar
Algorand:358687935,M.N.G.O #1130,201155,R. Morrison
Algorand:358688113,M.N.G.O #1131,263675,M. Alfarela
Algorand:358688246,M.N.G.O #1132,218867,R. Muñoz
Algorand:358688332,M.N.G.O #1133,200489,Douglas Vieira
Algorand:358688437,M.N.G.O #1134,225847,S. Mallan
Algorand:358688527,M.N.G.O #1135,190143,Cote
Algorand:358688621,M.N.G.O #1136,215373,S. Coopman
Algorand:358688705,M.N.G.O #1137,259549,M. Ballesteros
Algorand:358688794,M.N.G.O #1138,207865,Marquinhos
Algorand:358688883,M.N.G.O #1139,225060,M. Hawsawi
Algorand:358537144,M.N.G.O #114,260183,Jair
Algorand:358689010,M.N.G.O #1140,220253,Munir
Algorand:358689166,M.N.G.O #1141,240856,B. Bayazit
Algorand:358689316,M.N.G.O #1142,241482,Gao Haisheng
Algorand:358689478,M.N.G.O #1143,245368,G. Yalçın
Algorand:358689636,M.N.G.O #1144,260260,J. O'Connor
Algorand:358689747,M.N.G.O #1145,233763,P. Dahlberg
Algorand:358689860,M.N.G.O #1146,182365,J. Jones
Algorand:358689978,M.N.G.O #1147,214278,S. Céspedes
Algorand:358690096,M.N.G.O #1148,261283,T. Conway
Algorand:358690201,M.N.G.O #1149,248289,N. Sekar
Algorand:358537330,M.N.G.O #115,213565,T. Lemar
Algorand:358690311,M.N.G.O #1150,232479,T. Nishimura
Algorand:358690406,M.N.G.O #1151,224690,Li Ang
Algorand:358690502,M.N.G.O #1152,203315,G. Teigl
Algorand:358690599,M.N.G.O #1153,222188,Zhou Tong
Algorand:358690723,M.N.G.O #1154,212261,Brandon Thomas
Algorand:358690780,M.N.G.O #1155,235945,Marc Roca
Algorand:358690868,M.N.G.O #1156,200826,M. Quiroga
Algorand:358690964,M.N.G.O #1157,229705,J. Duverne
Algorand:358691095,M.N.G.O #1158,240663,M. Merentiel
Algorand:358691250,M.N.G.O #1159,251451,F. Jäkel
Algorand:358537486,M.N.G.O #116,223113,K. Piątek
Algorand:358691417,M.N.G.O #1160,200215,S. Rode
Algorand:358691548,M.N.G.O #1161,255218,V. Guzmán
Algorand:358691650,M.N.G.O #1162,258343,F. Souček
Algorand:358691747,M.N.G.O #1163,248379,S. Doherty
Algorand:358691864,M.N.G.O #1164,257887,M. Czyżycki
Algorand:358692040,M.N.G.O #1165,240100,T. Augello
Algorand:367227147,M.N.G.O #1166,186884,B. Kantarovski
Algorand:358692256,M.N.G.O #1167,254222,B. Farioli
Algorand:358692367,M.N.G.O #1168,212196,P. Sisto
Algorand:358692468,M.N.G.O #1169,256458,K. Swaleh
Algorand:358537566,M.N.G.O #117,228073,Cheng Yuan
Algorand:358692558,M.N.G.O #1170,199354,Lucas Pérez
Algorand:358692663,M.N.G.O #1171,252037,Fábio Silva
Algorand:358692760,M.N.G.O #1172,241346,Jiang Weipeng
Algorand:358692872,M.N.G.O #1173,252742,T. Chunchukov
Algorand:358692979,M.N.G.O #1174,235925,G. Gómez
Algorand:358693072,M.N.G.O #1175,212750,E. Hurtado
Algorand:358693196,M.N.G.O #1176,142962,E. Bologna
Algorand:358693302,M.N.G.O #1177,189163,A. MacDonald
Algorand:358693419,M.N.G.O #1178,262154,M. Doucouré
Algorand:358693538,M.N.G.O #1179,189251,S. Rudy
Algorand:358537691,M.N.G.O #118,214997,Á. Correa
Algorand:358693647,M.N.G.O #1180,258432,C. Matsima
Algorand:358693735,M.N.G.O #1181,242448,André Silva
Algorand:358693842,M.N.G.O #1182,224555,Xu Jiamin
Algorand:358693946,M.N.G.O #1183,214937,L. Villalba
Algorand:358694020,M.N.G.O #1184,229319,J. Cádiz
Algorand:358694115,M.N.G.O #1185,256388,Choi Ji Moog
Algorand:358694211,M.N.G.O #1186,201112,J. Słowik
Algorand:358694320,M.N.G.O #1187,258497,Miullen
Algorand:358694410,M.N.G.O #1188,219836,Rubén Yáñez
Algorand:358694510,M.N.G.O #1189,209166,M. Malaeka
Algorand:358537815,M.N.G.O #119,215650,L. Bijker
Algorand:358694597,M.N.G.O #1190,223249,G. Arias
Algorand:358694740,M.N.G.O #1191,256513,T. D'Almeida
Algorand:358694824,M.N.G.O #1192,204227,Z. Gano
Algorand:358694933,M.N.G.O #1193,193314,Aitor
Algorand:358695050,M.N.G.O #1194,228196,D. Ganesh
Algorand:358695179,M.N.G.O #1195,263504,B. Leyes
Algorand:358695305,M.N.G.O #1196,24630,Pepe Reina
Algorand:358695435,M.N.G.O #1197,224883,S. Mounié
Algorand:358695560,M.N.G.O #1198,220127,João Silva
Algorand:358695654,M.N.G.O #1199,195272,M. Faraoni
Algorand:358525667,M.N.G.O #12,214485,J. Rodríguez
Algorand:358537920,M.N.G.O #120,222187,Jin Qiang
Algorand:358695781,M.N.G.O #1200,255501,Lee Kang Han
Algorand:358695882,M.N.G.O #1201,262466,A. Nastos
Algorand:358695958,M.N.G.O #1202,209499,Fabinho
Algorand:358696053,M.N.G.O #1203,215330,J. Correa
Algorand:358696153,M.N.G.O #1204,244964,E. Minogue
Algorand:358696262,M.N.G.O #1205,209331,M. Salah
Algorand:358696362,M.N.G.O #1206,192123,C. Wood
Algorand:358696474,M.N.G.O #1207,228607,D. Reimann
Algorand:358696576,M.N.G.O #1208,256234,T. Tagawa
Algorand:358696704,M.N.G.O #1209,238545,F. Al Birekan
Algorand:358538032,M.N.G.O #121,204652,A. Escoboza
Algorand:358696813,M.N.G.O #1210,258562,D. Croitoru
Algorand:358696919,M.N.G.O #1211,243976,Catena
Algorand:358697019,M.N.G.O #1212,241599,B. Crellin
Algorand:358697141,M.N.G.O #1213,211825,P. Göbel
Algorand:358697248,M.N.G.O #1214,232054,B. Cáceres
Algorand:358697362,M.N.G.O #1215,231786,A. Šporar
Algorand:358697450,M.N.G.O #1216,209673,D. Dessoleil
Algorand:358697544,M.N.G.O #1217,173857,M. Andújar
Algorand:358697636,M.N.G.O #1218,248291,N. Kumar
Algorand:358697749,M.N.G.O #1219,237201,K. McIntosh
Algorand:358538145,M.N.G.O #122,227526,G. Canto
Algorand:358697829,M.N.G.O #1220,223734,R. García Guerreño
Algorand:358697934,M.N.G.O #1221,264264,R. Al Qahtani
Algorand:358698034,M.N.G.O #1222,226637,Rubén Duarte
Algorand:358698152,M.N.G.O #1223,236174,Kauã Reisende
Algorand:358698283,M.N.G.O #1224,248548,D. Aguilar
Algorand:358698444,M.N.G.O #1225,185181,Yoel
Algorand:358698538,M.N.G.O #1226,199823,Campaña
Algorand:358698652,M.N.G.O #1227,234223,L. Maciel
Algorand:358698782,M.N.G.O #1228,244684,V. Damascan
Algorand:358698876,M.N.G.O #1229,246430,D. Vlahović
Algorand:358538232,M.N.G.O #123,233772,Lee Dong Su
Algorand:358698952,M.N.G.O #1230,261780,M. Chol
Algorand:358699026,M.N.G.O #1231,241638,B. Worman
Algorand:358699131,M.N.G.O #1232,240045,I. Ljubić
Algorand:358699244,M.N.G.O #1233,261462,P. Hernández
Algorand:358699368,M.N.G.O #1234,230515,Vagnão Junior
Algorand:358699468,M.N.G.O #1235,247103,D. Hancko
Algorand:358699573,M.N.G.O #1236,183712,S. Mölders
Algorand:358699666,M.N.G.O #1237,221789,Gwon Wan Gyu
Algorand:358699764,M.N.G.O #1238,179573,A. Kristiansen
Algorand:358699881,M.N.G.O #1239,251438,Nuno Santos
Algorand:358538311,M.N.G.O #124,262183,B. Idrizi
Algorand:358699984,M.N.G.O #1240,219448,M. Heinloth
Algorand:358700122,M.N.G.O #1241,189661,Álvaro Giménez
Algorand:358700212,M.N.G.O #1242,242710,T. John-Jules
Algorand:358700304,M.N.G.O #1243,218863,M. Deville
Algorand:358700393,M.N.G.O #1244,230817,José Machín
Algorand:358700459,M.N.G.O #1245,261916,Bai Xuesong
Algorand:358700568,M.N.G.O #1246,191210,S. Corchia
Algorand:358700684,M.N.G.O #1247,241050,A. Meyer
Algorand:358700810,M.N.G.O #1248,156437,P. Pentke
Algorand:358700902,M.N.G.O #1249,196889,S. Verdi
Algorand:358538413,M.N.G.O #125,220090,Raphael Rossi
Algorand:358700999,M.N.G.O #1250,192119,T. Courtois
Algorand:358701057,M.N.G.O #1251,237098,Han Seung Gyu
Algorand:358701164,M.N.G.O #1252,244067,M. Lacroix
Algorand:358701302,M.N.G.O #1253,253447,L. Duzel
Algorand:358701434,M.N.G.O #1254,259295,Y. Irrazábal
Algorand:358701581,M.N.G.O #1255,225539,D. Solanke
Algorand:358701715,M.N.G.O #1256,219413,E. Velasco
Algorand:358701849,M.N.G.O #1257,192563,B. Leno
Algorand:358701988,M.N.G.O #1258,162329,K. El Ahmadi
Algorand:358702083,M.N.G.O #1259,223880,P. Lemonnier
Algorand:358538521,M.N.G.O #126,209618,F. Tardieu
Algorand:358702179,M.N.G.O #1260,210406,P. Zieliński
Algorand:358702291,M.N.G.O #1261,184087,T. Alderweireld
Algorand:358702461,M.N.G.O #1262,229831,O. Rodríguez
Algorand:358702608,M.N.G.O #1263,203024,Isaías
Algorand:358702705,M.N.G.O #1264,142902,A. Pyatov
Algorand:358702778,M.N.G.O #1265,234568,Gedson Fernandes
Algorand:358702866,M.N.G.O #1266,264190,R. Al Muwainea
Algorand:358702957,M.N.G.O #1267,262329,H. Ramazani
Algorand:358703072,M.N.G.O #1268,257294,S. Hopeau
Algorand:358703157,M.N.G.O #1269,263657,T. Helgason
Algorand:358538635,M.N.G.O #127,238338,Yun Yong Ho
Algorand:358703296,M.N.G.O #1270,228635,Borja Mayoral
Algorand:358703424,M.N.G.O #1271,259651,Lin Guoyu
Algorand:358703541,M.N.G.O #1272,239671,Tete Morente
Algorand:358703637,M.N.G.O #1273,207683,S. Dioudis
Algorand:358703727,M.N.G.O #1274,244034,D. Kopacz
Algorand:358703903,M.N.G.O #1275,216794,C. Duffus
Algorand:358704039,M.N.G.O #1276,213732,A. Selikhov
Algorand:358704173,M.N.G.O #1277,226781,K. Shelton
Algorand:358704276,M.N.G.O #1278,243539,K. Yakob
Algorand:358704371,M.N.G.O #1279,255836,M. Al Abdulmunem
Algorand:358538748,M.N.G.O #128,215330,J. Correa
Algorand:358704506,M.N.G.O #1280,254130,G. Acosta
Algorand:358704599,M.N.G.O #1281,177279,R. Jenssen
Algorand:358704694,M.N.G.O #1282,193171,Jaume Costa
Algorand:358704759,M.N.G.O #1283,258947,Y. Alounga
Algorand:358704845,M.N.G.O #1284,253061,B. Rodríguez
Algorand:358704918,M.N.G.O #1285,239629,A. Medina
Algorand:358705011,M.N.G.O #1286,242513,F. Purece
Algorand:358705102,M.N.G.O #1287,234760,A. Reca
Algorand:358705185,M.N.G.O #1288,201976,A. Gomis
Algorand:358705275,M.N.G.O #1289,230204,Héniton Pires
Algorand:358538852,M.N.G.O #129,244654,K. Osako
Algorand:358705374,M.N.G.O #1290,242253,M. Toye
Algorand:358705460,M.N.G.O #1291,261872,N. Al Saadi
Algorand:358705528,M.N.G.O #1292,246594,H. Massengo
Algorand:358705617,M.N.G.O #1293,217546,Sequeira
Algorand:358705703,M.N.G.O #1294,264569,R. Aguiar
Algorand:358705802,M.N.G.O #1295,256731,J. Krasso
Algorand:358705952,M.N.G.O #1296,239303,Y. Njie
Algorand:358706095,M.N.G.O #1297,235056,B. Simakala
Algorand:358706193,M.N.G.O #1298,255369,M. Marran
Algorand:367227296,M.N.G.O #1299,207516,J. Świerczok
Algorand:358525803,M.N.G.O #13,206585,Kepa
Algorand:358538977,M.N.G.O #130,257796,D. Balauru
Algorand:358706408,M.N.G.O #1300,180714,Guilherme
Algorand:358706494,M.N.G.O #1301,259919,O. Ekroth
Algorand:358706591,M.N.G.O #1302,259175,N. Prabhu
Algorand:358706723,M.N.G.O #1303,264639,Fernandinho
Algorand:358706875,M.N.G.O #1304,252146,Franquesa
Algorand:358706967,M.N.G.O #1305,254819,K. Urbański
Algorand:358707073,M.N.G.O #1306,257649,A. Ławniczak
Algorand:358707173,M.N.G.O #1307,167812,S. Kaya
Algorand:358707284,M.N.G.O #1308,194319,D. Ward
Algorand:358707405,M.N.G.O #1309,237156,M. Wagué
Algorand:358539082,M.N.G.O #131,236639,Xeka
Algorand:358707535,M.N.G.O #1310,201942,Roberto Firmino
Algorand:358707668,M.N.G.O #1311,203034,J. Day
Algorand:358707726,M.N.G.O #1312,194149,F. Ulvestad
Algorand:358707827,M.N.G.O #1313,205427,Djaniny
Algorand:358707916,M.N.G.O #1314,208418,Y. Carrasco
Algorand:358708026,M.N.G.O #1315,184417,Sergio Tejera
Algorand:358708103,M.N.G.O #1316,260616,A. Saldaña
Algorand:358708212,M.N.G.O #1317,232586,K. Koizumi
Algorand:358708314,M.N.G.O #1318,254179,I. Vidaurre
Algorand:358708401,M.N.G.O #1319,183581,J. Molina
Algorand:358539198,M.N.G.O #132,198904,G. Hanley
Algorand:358708509,M.N.G.O #1320,259186,S. Smith
Algorand:358708574,M.N.G.O #1321,246863,F. Nmecha
Algorand:358708684,M.N.G.O #1322,212198,Bruno Fernandes
Algorand:358708796,M.N.G.O #1323,238716,O. Bugiel
Algorand:358708880,M.N.G.O #1324,224874,A. Pellegrino
Algorand:358708968,M.N.G.O #1325,240391,Feng Boxuan
Algorand:358709064,M.N.G.O #1326,207948,B. Traoré
Algorand:358709151,M.N.G.O #1327,264285,Y. Karagöz
Algorand:358709257,M.N.G.O #1328,257147,R. Malone
Algorand:358709423,M.N.G.O #1329,235569,T. Ndombele
Algorand:358539313,M.N.G.O #133,189084,E. Room
Algorand:358709480,M.N.G.O #1330,235405,D. O'Shea
Algorand:358709563,M.N.G.O #1331,262995,R. Schabbing
Algorand:358709635,M.N.G.O #1332,253775,D. Zalzman
Algorand:358709703,M.N.G.O #1333,236823,I. Pettersson
Algorand:358709782,M.N.G.O #1334,244041,M. Kiprit
Algorand:358709849,M.N.G.O #1335,230217,Mauri Borgho
Algorand:358709981,M.N.G.O #1336,253237,A. Cougo
Algorand:358710074,M.N.G.O #1337,216033,J. Broun
Algorand:358710182,M.N.G.O #1338,217287,J. De Sart
Algorand:358710281,M.N.G.O #1339,228196,D. Ganesh
Algorand:358539436,M.N.G.O #134,208787,A. Thomasson
Algorand:358710419,M.N.G.O #1340,248157,M. Akpınar
Algorand:358710533,M.N.G.O #1341,219969,A. Vasyutin
Algorand:358710632,M.N.G.O #1342,248247,A. Mukherjee
Algorand:358710708,M.N.G.O #1343,189725,T. Cleverley
Algorand:358710820,M.N.G.O #1344,264334,D. Elerewe
Algorand:358710937,M.N.G.O #1345,241463,Dani Raba
Algorand:358711121,M.N.G.O #1346,201325,C. Tătărușanu
Algorand:358711208,M.N.G.O #1347,247458,Álex Sola
Algorand:358711326,M.N.G.O #1348,263310,A. Suhonen
Algorand:358711402,M.N.G.O #1349,223230,B. Mitrea
Algorand:358539570,M.N.G.O #135,209569,H. Al Moqahwi
Algorand:358711471,M.N.G.O #1350,142966,J. Dátolo
Algorand:358711570,M.N.G.O #1351,230493,Fabri Arnoia
Algorand:358711687,M.N.G.O #1352,252916,Nacho Ramón
Algorand:358711866,M.N.G.O #1353,215062,E. Zelaya
Algorand:358711984,M.N.G.O #1354,227599,D. Dianessy
Algorand:358712084,M.N.G.O #1355,172962,V. Moses
Algorand:358712161,M.N.G.O #1356,260380,E. Olsson
Algorand:358712248,M.N.G.O #1357,239782,B. Acosta
Algorand:358712363,M.N.G.O #1358,185181,Yoel
Algorand:358712462,M.N.G.O #1359,251514,A. Procter
Algorand:358539689,M.N.G.O #136,204536,S. Libman
Algorand:358712546,M.N.G.O #1360,215211,B. Cargill
Algorand:358712644,M.N.G.O #1361,216175,C. Stanković
Algorand:358712741,M.N.G.O #1362,124375,B. Yılmaz
Algorand:358712833,M.N.G.O #1363,263990,E. Taylor
Algorand:358712931,M.N.G.O #1364,254978,Seo Ju Hwan
Algorand:358713007,M.N.G.O #1365,257566,Pablo Moreno
Algorand:358713087,M.N.G.O #1366,209493,D. Daniels
Algorand:358713184,M.N.G.O #1367,257260,M. Brems
Algorand:358713324,M.N.G.O #1368,262378,M. Aguek
Algorand:358713466,M.N.G.O #1369,173673,S. Quinn
Algorand:358539813,M.N.G.O #137,241486,J. Koundé
Algorand:358713548,M.N.G.O #1370,262623,N. Wicht
Algorand:358713667,M.N.G.O #1371,198861,N. Mendy
Algorand:358713752,M.N.G.O #1372,182632,Rúben Ribeiro
Algorand:358713841,M.N.G.O #1373,227127,Álex Remiro
Algorand:358713947,M.N.G.O #1374,232163,Y. Niakaté
Algorand:358714040,M.N.G.O #1375,262838,F. Higl
Algorand:358714156,M.N.G.O #1376,234147,Dany Mota
Algorand:358714263,M.N.G.O #1377,253240,I. Franco
Algorand:358714346,M.N.G.O #1378,230524,Formosandrinho
Algorand:358714424,M.N.G.O #1379,256606,R. Murillo
Algorand:358539922,M.N.G.O #138,242893,I. Koné
Algorand:358714542,M.N.G.O #1380,209210,A. Grant
Algorand:358714678,M.N.G.O #1381,183425,T. Elliott
Algorand:358714811,M.N.G.O #1382,263465,J. Gaudin
Algorand:358714901,M.N.G.O #1383,226542,D. Martínez
Algorand:358714980,M.N.G.O #1384,186494,M. Oxley
Algorand:358715081,M.N.G.O #1385,245211,J. Teze
Algorand:358715150,M.N.G.O #1386,264091,M. Spiridakis
Algorand:358715247,M.N.G.O #1387,201038,M. Đuričin
Algorand:358715338,M.N.G.O #1388,210413,A. Romagnoli
Algorand:358715436,M.N.G.O #1389,263622,H. Beadle
Algorand:358540037,M.N.G.O #139,235360,R. Ache
Algorand:358715540,M.N.G.O #1390,235419,N. Dovedan
Algorand:358715614,M.N.G.O #1391,214572,J. Angulo
Algorand:358715712,M.N.G.O #1392,255617,M. Ezmat
Algorand:358715793,M.N.G.O #1393,225757,M. Burgess
Algorand:358715909,M.N.G.O #1394,189296,E. Berisha
Algorand:358715994,M.N.G.O #1395,207562,S. Andersson
Algorand:358716097,M.N.G.O #1396,187208,A. Saldívar
Algorand:358716201,M.N.G.O #1397,262053,Kayky
Algorand:358716327,M.N.G.O #1398,243840,L. O'Connor
Algorand:358716469,M.N.G.O #1399,263791,Ricardinho
Algorand:358525928,M.N.G.O #14,238346,H. Mendyl
Algorand:358540129,M.N.G.O #140,188166,M. Phillips
Algorand:358716556,M.N.G.O #1400,136686,Kim Young Kwang
Algorand:358716657,M.N.G.O #1401,264318,A. Aguilar
Algorand:358716801,M.N.G.O #1402,263838,B. Kelly
Algorand:358716908,M.N.G.O #1403,237161,S. Longstaff
Algorand:358716996,M.N.G.O #1404,234399,J. Eggestein
Algorand:358717095,M.N.G.O #1405,193080,De Gea
Algorand:358717214,M.N.G.O #1406,220165,J. Pohjanpalo
Algorand:358717306,M.N.G.O #1407,139064,L. Ponzio
Algorand:358717401,M.N.G.O #1408,200949,Lucas Moura
Algorand:358717492,M.N.G.O #1409,246671,A. Okonkwo
Algorand:358540234,M.N.G.O #141,194932,A. Townsend
Algorand:358717579,M.N.G.O #1410,213661,A. Christensen
Algorand:358717656,M.N.G.O #1411,226129,J. Gorenc Stanković
Algorand:358717762,M.N.G.O #1412,226710,G. Scamacca
Algorand:358717849,M.N.G.O #1413,248019,R. Ducan
Algorand:358717948,M.N.G.O #1414,263276,S. Goma
Algorand:358718028,M.N.G.O #1415,232594,N. Wako
Algorand:358718120,M.N.G.O #1416,227537,H. Veerman
Algorand:358718204,M.N.G.O #1417,258558,A. Chetri
Algorand:358718304,M.N.G.O #1418,222492,L. Sané
Algorand:358718400,M.N.G.O #1419,263325,J. Hinds
Algorand:358540340,M.N.G.O #142,225355,W. Parra
Algorand:358718488,M.N.G.O #1420,255339,J. Nelson
Algorand:358718615,M.N.G.O #1421,191068,G. Zigoni
Algorand:358718713,M.N.G.O #1422,178213,E. Capoue
Algorand:358718809,M.N.G.O #1423,208621,Óscar Plano
Algorand:358718896,M.N.G.O #1424,230263,Adeilson Gesser
Algorand:358718993,M.N.G.O #1425,256439,C. Johnston
Algorand:358719091,M.N.G.O #1426,255888,E. Kryeziu
Algorand:358719182,M.N.G.O #1427,173546,J. Tomkins
Algorand:358719280,M.N.G.O #1428,245332,S. Opsahl
Algorand:358719426,M.N.G.O #1429,263156,G. Miceli
Algorand:358540449,M.N.G.O #143,221244,J. Ramos
Algorand:358719520,M.N.G.O #1430,211522,A. Callens
Algorand:358719646,M.N.G.O #1431,220886,B. Tuiloma
Algorand:358719760,M.N.G.O #1432,199047,D. Corcoran
Algorand:358719880,M.N.G.O #1433,262021,O. Stanisic
Algorand:358720012,M.N.G.O #1434,257392,J. Kroesen
Algorand:358720124,M.N.G.O #1435,244938,Montero
Algorand:358720299,M.N.G.O #1436,241040,T. Eyoma
Algorand:358720447,M.N.G.O #1437,230292,Eltildo Bessa
Algorand:358720538,M.N.G.O #1438,254480,L. Egloff
Algorand:358720630,M.N.G.O #1439,208559,K. Thomas
Algorand:358540578,M.N.G.O #144,260095,G. Parra
Algorand:358720713,M.N.G.O #1440,247671,B. Al Ahbabi
Algorand:358720791,M.N.G.O #1441,234972,Y. Gomis
Algorand:358720898,M.N.G.O #1442,263416,D. Gómez
Algorand:358720981,M.N.G.O #1443,202305,Lee Seung Gi
Algorand:358721056,M.N.G.O #1444,208024,M. Wallace
Algorand:358721154,M.N.G.O #1445,221250,G. Poblete
Algorand:358721279,M.N.G.O #1446,231826,Y. Karamoh
Algorand:358721416,M.N.G.O #1447,264587,V. Yakovlev
Algorand:358721512,M.N.G.O #1448,240323,J. Earing
Algorand:358721624,M.N.G.O #1449,235493,T. Abdullah
Algorand:358540677,M.N.G.O #145,241920,R. Warland
Algorand:358721711,M.N.G.O #1450,264057,J. Nieuwenhuizen
Algorand:358721788,M.N.G.O #1451,190416,D. Le Tallec
Algorand:358721892,M.N.G.O #1452,261725,J. Charles
Algorand:358721987,M.N.G.O #1453,261314,B. Ruiz
Algorand:358722085,M.N.G.O #1454,240722,Campos
Algorand:358722173,M.N.G.O #1455,256750,Y. Sato
Algorand:358722258,M.N.G.O #1456,251823,T. Tattermusch
Algorand:358722657,M.N.G.O #1457,241977,J. Ogedi-Uzokwe
Algorand:358722787,M.N.G.O #1458,197238,I. Baldé
Algorand:358722917,M.N.G.O #1459,159904,E. Galudio
Algorand:358540757,M.N.G.O #146,259474,B. González
Algorand:358723011,M.N.G.O #1460,253737,Ma Kunyue
Algorand:358723094,M.N.G.O #1461,10899,C. Porter
Algorand:358723165,M.N.G.O #1462,192320,G. Gardner
Algorand:358723228,M.N.G.O #1463,257687,Hu Xingyu
Algorand:358723313,M.N.G.O #1464,228144,Jorge Pombo
Algorand:358723383,M.N.G.O #1465,229212,B. Smeets
Algorand:358723457,M.N.G.O #1466,202693,M. Crooks
Algorand:358723520,M.N.G.O #1467,234870,E. Karaca
Algorand:358723601,M.N.G.O #1468,237681,T. Kubo
Algorand:358723672,M.N.G.O #1469,192123,C. Wood
Algorand:358540860,M.N.G.O #147,233791,A. Maksimenko
Algorand:358723782,M.N.G.O #1470,230258,Rosberto Dourado
Algorand:358723928,M.N.G.O #1471,216282,R. Framberger
Algorand:358724028,M.N.G.O #1472,238104,Zhu Jianrong
Algorand:358724124,M.N.G.O #1473,217242,Y. Kubo
Algorand:358724259,M.N.G.O #1474,258703,D. Fisher
Algorand:358724368,M.N.G.O #1475,192086,A. Kokorin
Algorand:358724484,M.N.G.O #1476,230497,Roni Gameira
Algorand:358724572,M.N.G.O #1477,235623,Álvaro Jiménez
Algorand:358724676,M.N.G.O #1478,255174,L. Tramoni
Algorand:358724787,M.N.G.O #1479,236465,C. McJannet
Algorand:358540986,M.N.G.O #148,221373,M. Al Saiari
Algorand:359023227,M.N.G.O #1480,252707,R. Yapi
Algorand:359023307,M.N.G.O #1481,262904,J. Iredale
Algorand:359023437,M.N.G.O #1482,237575,J. Pourtau
Algorand:359023549,M.N.G.O #1483,223407,M. Al Furayj
Algorand:359023599,M.N.G.O #1484,263187,T. Coman
Algorand:359023657,M.N.G.O #1485,255004,T. Andersson
Algorand:359023738,M.N.G.O #1486,199288,A. Losilla
Algorand:359023798,M.N.G.O #1487,210966,Z. Francis-Angol
Algorand:359023893,M.N.G.O #1488,165247,I. Khune
Algorand:359023953,M.N.G.O #1489,233887,J. Chicco
Algorand:358541082,M.N.G.O #149,246960,M. Ihattaren
Algorand:359024016,M.N.G.O #1490,264257,T. Noslin
Algorand:359024102,M.N.G.O #1491,263716,Papu Mendes
Algorand:359024192,M.N.G.O #1492,235467,M. Moreno
Algorand:359024267,M.N.G.O #1493,244626,A. Kargbo
Algorand:359024325,M.N.G.O #1494,230253,Alson Botelho
Algorand:359024373,M.N.G.O #1495,234066,J. Hove
Algorand:359024471,M.N.G.O #1496,213619,S. Sáez
Algorand:359024576,M.N.G.O #1497,194122,W. Grigg
Algorand:359024692,M.N.G.O #1498,227791,Lee Tae Hee
Algorand:359024761,M.N.G.O #1499,244987,M. Álvarez
Algorand:358526021,M.N.G.O #15,255065,T. Cantoro
Algorand:358541207,M.N.G.O #150,239752,S. Schäfer
Algorand:359024815,M.N.G.O #1500,204936,J. Egan
Algorand:359024870,M.N.G.O #1501,257339,A. Mosór
Algorand:359024915,M.N.G.O #1502,202456,J. Verhoek
Algorand:359024969,M.N.G.O #1503,263939,K. Frimpong
Algorand:359025046,M.N.G.O #1504,238157,M. Roerslev
Algorand:359025149,M.N.G.O #1505,234877,F. Buntić
Algorand:359025227,M.N.G.O #1506,221772,A. Al Bishi
Algorand:359025297,M.N.G.O #1507,190734,G. Makaridze
Algorand:359025366,M.N.G.O #1508,258892,O. Blomberg
Algorand:359025452,M.N.G.O #1509,226507,J. Yates
Algorand:358541331,M.N.G.O #151,261115,Lee Ho Jae
Algorand:359025541,M.N.G.O #1510,262968,A. Brown
Algorand:359025656,M.N.G.O #1511,201346,L. Boyce
Algorand:359025778,M.N.G.O #1512,173521,Marcano
Algorand:359025880,M.N.G.O #1513,255947,N. Gorzel
Algorand:359025960,M.N.G.O #1514,176580,L. Suárez
Algorand:359026039,M.N.G.O #1515,203775,L. Karius
Algorand:359026116,M.N.G.O #1516,242710,T. John-Jules
Algorand:359026196,M.N.G.O #1517,208482,R. Gaikwad
Algorand:359026267,M.N.G.O #1518,255814,J. Briones
Algorand:359026331,M.N.G.O #1519,262165,A. Al Badaoui
Algorand:358541423,M.N.G.O #152,258288,W. Barlasina
Algorand:359026395,M.N.G.O #1520,225927,Q. Lecoeuche
Algorand:359026473,M.N.G.O #1521,222665,M. Ødegaard
Algorand:359026540,M.N.G.O #1522,224965,C. Doidge
Algorand:359026618,M.N.G.O #1523,232882,K. Misao
Algorand:359026713,M.N.G.O #1524,244801,R. Yamasaki
Algorand:359026802,M.N.G.O #1525,153079,S. Agüero
Algorand:359026883,M.N.G.O #1526,198071,G. Williams
Algorand:359027010,M.N.G.O #1527,256903,Gonçalo Ramos
Algorand:359027122,M.N.G.O #1528,184252,L. Pratto
Algorand:359027235,M.N.G.O #1529,208330,A. Januzaj
Algorand:358541541,M.N.G.O #153,254117,M. Beier
Algorand:359027325,M.N.G.O #1530,230321,Rafael de Aseiro
Algorand:359027402,M.N.G.O #1531,260174,S. Ghosh
Algorand:359027479,M.N.G.O #1532,259987,M. Ellborg
Algorand:359027577,M.N.G.O #1533,242656,I. Meslier
Algorand:359027657,M.N.G.O #1534,263397,A. Minda
Algorand:359027748,M.N.G.O #1535,248474,T. Anjorin
Algorand:359027812,M.N.G.O #1536,202526,S. May
Algorand:359027890,M.N.G.O #1537,257019,H. Gambor
Algorand:359027996,M.N.G.O #1538,258537,T. Al Shahrani
Algorand:359028050,M.N.G.O #1539,263998,T. Al Showaiqi
Algorand:358541637,M.N.G.O #154,262662,J. Engel
Algorand:359028119,M.N.G.O #1540,257053,M. Köhl
Algorand:359028214,M.N.G.O #1541,251036,M. Aioani
Algorand:359028265,M.N.G.O #1542,198538,B. Paulsen
Algorand:359028322,M.N.G.O #1543,251431,M. Malone
Algorand:359028418,M.N.G.O #1544,184941,A. Sánchez
Algorand:359028487,M.N.G.O #1545,255809,B. Scorza
Algorand:359028543,M.N.G.O #1546,188350,M. Reus
Algorand:359028611,M.N.G.O #1547,237580,D. Schmidt
Algorand:359028661,M.N.G.O #1548,257893,R. Jesuraj
Algorand:359028718,M.N.G.O #1549,261353,L. Andronache
Algorand:358541735,M.N.G.O #155,214446,F. Campos
Algorand:359028772,M.N.G.O #1550,262914,S. Simons
Algorand:359028844,M.N.G.O #1551,236721,L. Fomba
Algorand:359028916,M.N.G.O #1552,257392,J. Kroesen
Algorand:359028957,M.N.G.O #1553,232253,Lucas Fernandes
Algorand:359029016,M.N.G.O #1554,263872,E. Karataş
Algorand:359029065,M.N.G.O #1555,245866,L. Pelletier
Algorand:359029124,M.N.G.O #1556,258147,M. Mitaj
Algorand:359029193,M.N.G.O #1557,230876,M. Butcher
Algorand:359029238,M.N.G.O #1558,257873,W. Burrell
Algorand:359029298,M.N.G.O #1559,220878,M. Cacutalua
Algorand:358541815,M.N.G.O #156,221766,Y. Pambou
Algorand:359029359,M.N.G.O #1560,205044,S. Maier
Algorand:359029417,M.N.G.O #1561,256935,E. Dobbelaere
Algorand:359029491,M.N.G.O #1562,210801,D. Accam
Algorand:359029550,M.N.G.O #1563,258532,C. Carty
Algorand:359029598,M.N.G.O #1564,188537,L. Négo
Algorand:359029646,M.N.G.O #1565,219998,J. Mauri
Algorand:359029694,M.N.G.O #1566,259628,L. Johnson
Algorand:359029758,M.N.G.O #1567,247181,G. Plata
Algorand:359029836,M.N.G.O #1568,246096,P. Omochere
Algorand:359029905,M.N.G.O #1569,262032,A. Quezada
Algorand:358541923,M.N.G.O #157,210136,T. Kędziora
Algorand:359029963,M.N.G.O #1570,253929,J. Acevedo
Algorand:359030028,M.N.G.O #1571,250854,R. Carstensen
Algorand:359030093,M.N.G.O #1572,263871,J. Nodake
Algorand:359030194,M.N.G.O #1573,229072,Ł. Sekulski
Algorand:359030286,M.N.G.O #1574,211272,C. Corvalán
Algorand:359030395,M.N.G.O #1575,264074,J. Nowakowski
Algorand:359030469,M.N.G.O #1576,253600,V. Melgar
Algorand:359030552,M.N.G.O #1577,251573,Renan Lodi
Algorand:359030941,M.N.G.O #1578,219449,M. Pepić
Algorand:359031034,M.N.G.O #1579,239136,N. Cozza
Algorand:358542063,M.N.G.O #158,224967,M. Sylla
Algorand:359031104,M.N.G.O #1580,256396,S. Kvile
Algorand:359031170,M.N.G.O #1581,199667,R. Funes Mori
Algorand:359031244,M.N.G.O #1582,247630,S. Abdul Samad
Algorand:359031310,M.N.G.O #1583,243620,A. Hellborg
Algorand:359031413,M.N.G.O #1584,205589,C. Thompson
Algorand:359031489,M.N.G.O #1585,257299,I. Kaczmarski
Algorand:359031569,M.N.G.O #1586,233572,D. Udoh
Algorand:359031644,M.N.G.O #1587,200433,L. Hinterseer
Algorand:359031740,M.N.G.O #1588,231150,Jamiro Monteiro
Algorand:359031817,M.N.G.O #1589,178250,P. Diop
Algorand:358542215,M.N.G.O #159,259175,N. Prabhu
Algorand:359031907,M.N.G.O #1590,238686,P. Sohm
Algorand:359031984,M.N.G.O #1591,233791,A. Maksimenko
Algorand:359032072,M.N.G.O #1592,263109,J. Salmon
Algorand:359032153,M.N.G.O #1593,241745,N. Quina
Algorand:359032247,M.N.G.O #1594,211591,M. Dembélé
Algorand:359032328,M.N.G.O #1595,169697,D. Randolph
Algorand:359032432,M.N.G.O #1596,236369,C. Zesiger
Algorand:359032538,M.N.G.O #1597,244624,Álex López
Algorand:359032613,M.N.G.O #1598,244950,J. Rodríguez
Algorand:359032675,M.N.G.O #1599,262521,R. Austin
Algorand:358526111,M.N.G.O #16,241412,A. Preciado
Algorand:358542352,M.N.G.O #160,263673,Andrew
Algorand:359032774,M.N.G.O #1600,246680,S. Mackie
Algorand:359032845,M.N.G.O #1601,167435,O. Ustari
Algorand:359032928,M.N.G.O #1602,183714,S. Terodde
Algorand:359032971,M.N.G.O #1603,227969,Zhao Shi
Algorand:359033081,M.N.G.O #1604,235194,G. Vrioni
Algorand:359033248,M.N.G.O #1605,255632,Yang Yiming
Algorand:359033314,M.N.G.O #1606,244795,J. Auer
Algorand:359033372,M.N.G.O #1607,232915,D. Ishizu
Algorand:359033439,M.N.G.O #1608,205670,D. Gayle
Algorand:359033510,M.N.G.O #1609,253038,A. Fouad
Algorand:358542473,M.N.G.O #161,236803,W. Mazzantti
Algorand:359033590,M.N.G.O #1610,256669,F. Pemi Moumbagna
Algorand:359033682,M.N.G.O #1611,247659,L. N'Diaye
Algorand:359033744,M.N.G.O #1612,264349,J. McAtee
Algorand:359033813,M.N.G.O #1613,235558,T. Campanini
Algorand:359033860,M.N.G.O #1614,230204,Héniton Pires
Algorand:359033933,M.N.G.O #1615,210954,F. Parra
Algorand:359033982,M.N.G.O #1616,161636,N. Ortigoza
Algorand:359034050,M.N.G.O #1617,209075,Á. Flores
Algorand:359034129,M.N.G.O #1618,241920,R. Warland
Algorand:359034183,M.N.G.O #1619,263965,P. Pérez
Algorand:358542542,M.N.G.O #162,247077,A. Saipi
Algorand:359034255,M.N.G.O #1620,213702,H. Ongenda
Algorand:359034325,M.N.G.O #1621,254307,O. Sivertsen
Algorand:359034374,M.N.G.O #1622,254279,E. Sadiku
Algorand:359034414,M.N.G.O #1623,233309,S. Ramírez
Algorand:359034472,M.N.G.O #1624,261277,J. Brown
Algorand:359034526,M.N.G.O #1625,222394,Y. Bnou-Marzouk
Algorand:359034578,M.N.G.O #1626,229153,L. García
Algorand:359034629,M.N.G.O #1627,183885,K. Walker
Algorand:359034688,M.N.G.O #1628,230292,Eltildo Bessa
Algorand:359034758,M.N.G.O #1629,245632,Miguel Morro
Algorand:358542671,M.N.G.O #163,259137,D. Murgaonkar
Algorand:359034807,M.N.G.O #1630,243354,P. Sander
Algorand:359034873,M.N.G.O #1631,210648,A. Hegazi
Algorand:359034928,M.N.G.O #1632,220019,M. Harness
Algorand:359034991,M.N.G.O #1633,248145,K. Isa
Algorand:359035054,M.N.G.O #1634,211348,S. Dimitrievski
Algorand:359035110,M.N.G.O #1635,263161,B. Al Sayali
Algorand:359035166,M.N.G.O #1636,248228,V. De Baunbag
Algorand:359035224,M.N.G.O #1637,257138,B. Nna Noukeu
Algorand:359035298,M.N.G.O #1638,234007,Claudio Mouria
Algorand:359035350,M.N.G.O #1639,256903,Gonçalo Ramos
Algorand:358542764,M.N.G.O #164,262572,N. Pedersen
Algorand:359035408,M.N.G.O #1640,227847,M. James
Algorand:359035469,M.N.G.O #1641,185174,A. Poli
Algorand:359035530,M.N.G.O #1642,202808,Li Ke
Algorand:359035598,M.N.G.O #1643,243073,Teng Shangkun
Algorand:359035671,M.N.G.O #1644,243647,A. Bayındır
Algorand:359035762,M.N.G.O #1645,202292,Kim Soo Beom
Algorand:359035835,M.N.G.O #1646,235840,M. Di Gregorio
Algorand:359035897,M.N.G.O #1647,246563,D. Ciobotariu
Algorand:359035981,M.N.G.O #1648,247904,I. Balaur
Algorand:359036106,M.N.G.O #1649,240587,F. Bin Jamayah
Algorand:358542870,M.N.G.O #165,223848,S. Milinković-Savić
Algorand:359036175,M.N.G.O #1650,215616,Jason
Algorand:359036243,M.N.G.O #1651,241850,M. Retegui
Algorand:359036321,M.N.G.O #1652,257470,A. Elanga
Algorand:359036411,M.N.G.O #1653,257934,Guo Yunqi
Algorand:359036495,M.N.G.O #1654,253383,K. Yengi
Algorand:359036573,M.N.G.O #1655,247734,N. Blom
Algorand:359036661,M.N.G.O #1656,200672,Zhang Linpeng
Algorand:359036749,M.N.G.O #1657,261056,Lee Ji Hoon
Algorand:359036830,M.N.G.O #1658,236303,Jean
Algorand:359036908,M.N.G.O #1659,200110,M. Bizot
Algorand:358543048,M.N.G.O #166,246815,O. Stefánsson
Algorand:359037034,M.N.G.O #1660,256460,T. Maciejewski
Algorand:359037193,M.N.G.O #1661,172619,E. Gutiérrez
Algorand:359037266,M.N.G.O #1662,245279,Reguilón
Algorand:359037344,M.N.G.O #1663,242706,J. Akanyirige
Algorand:359037423,M.N.G.O #1664,222145,S. Ohlsson
Algorand:359037501,M.N.G.O #1665,234669,Đ. Nikolić
Algorand:359037589,M.N.G.O #1666,219683,C. Tolisso
Algorand:359037668,M.N.G.O #1667,240917,Zhang Yufeng
Algorand:359037741,M.N.G.O #1668,244912,T. Sugeno
Algorand:359037795,M.N.G.O #1669,258881,O. Nwobodo
Algorand:358543201,M.N.G.O #167,252870,E. Demir
Algorand:359037889,M.N.G.O #1670,262927,M. Kehl-Goméz
Algorand:359037978,M.N.G.O #1671,261107,N. Pacławski
Algorand:359038028,M.N.G.O #1672,207756,Álex Serrano
Algorand:359038087,M.N.G.O #1673,183244,A. Redmayne
Algorand:359038161,M.N.G.O #1674,233478,M. Zajc
Algorand:359038234,M.N.G.O #1675,242500,A. Benga
Algorand:359038294,M.N.G.O #1676,244284,Y. Letard
Algorand:359038355,M.N.G.O #1677,193983,A. Delort
Algorand:359038419,M.N.G.O #1678,252246,N. Gahlot
Algorand:359038480,M.N.G.O #1679,214977,M. Kranevitter
Algorand:358543333,M.N.G.O #168,218154,K. Billiat
Algorand:359038564,M.N.G.O #1680,263394,J. Affonso
Algorand:359038615,M.N.G.O #1681,245423,I. Al Otaibi
Algorand:359038678,M.N.G.O #1682,263166,B. Mikeltadze
Algorand:359038727,M.N.G.O #1683,248498,K. Al Ghannam
Algorand:359038799,M.N.G.O #1684,167959,Marcelo Grohe
Algorand:359038857,M.N.G.O #1685,242601,M. Najjar
Algorand:359038920,M.N.G.O #1686,264190,R. Al Muwainea
Algorand:359038971,M.N.G.O #1687,256292,J. Schöppner
Algorand:359039036,M.N.G.O #1688,264469,W. Sulaeman
Algorand:359039102,M.N.G.O #1689,259787,L. Esquivel
Algorand:358543448,M.N.G.O #169,228768,Xande Silva
Algorand:359039215,M.N.G.O #1690,252027,A. Vranckx
Algorand:359039316,M.N.G.O #1691,226447,S. Echeverría
Algorand:359039366,M.N.G.O #1692,264569,R. Aguiar
Algorand:359039432,M.N.G.O #1693,264568,G. Cowmeadow
Algorand:359039490,M.N.G.O #1694,236621,P. Hamel
Algorand:359039590,M.N.G.O #1695,238569,K. Schindler
Algorand:359039660,M.N.G.O #1696,227873,A. Touré
Algorand:359039711,M.N.G.O #1697,252692,S. Nicholson
Algorand:359039767,M.N.G.O #1698,244675,Sancet
Algorand:359039831,M.N.G.O #1699,259219,N. Dias
Algorand:358526200,M.N.G.O #17,246841,N. Forastiero
Algorand:358543615,M.N.G.O #170,220715,E. Ponce
Algorand:359039890,M.N.G.O #1700,237419,A. Abedzadeh
Algorand:359039992,M.N.G.O #1701,259134,M. Enggård
Algorand:359040043,M.N.G.O #1702,256811,A. George
Algorand:359040107,M.N.G.O #1703,230171,Carlos Travisso
Algorand:359040170,M.N.G.O #1704,167512,S. Whalley
Algorand:359040230,M.N.G.O #1705,220440,C. Lenglet
Algorand:359040321,M.N.G.O #1706,261669,A. McCabe
Algorand:359040405,M.N.G.O #1707,259940,H. Al Zahrani
Algorand:359040521,M.N.G.O #1708,253272,K. Dawson
Algorand:359040620,M.N.G.O #1709,240311,L. Zidane
Algorand:358543742,M.N.G.O #171,263547,Dalberson
Algorand:359040687,M.N.G.O #1710,256413,J. Lemoignan
Algorand:359040735,M.N.G.O #1711,232728,Y. Yoshida
Algorand:359040806,M.N.G.O #1712,200726,B. Lecomte
Algorand:359040886,M.N.G.O #1713,205175,A. Milik
Algorand:359040964,M.N.G.O #1714,233051,L. Bolton
Algorand:359041083,M.N.G.O #1715,226140,D. Chávez
Algorand:359041178,M.N.G.O #1716,252246,N. Gahlot
Algorand:359041282,M.N.G.O #1717,252434,M. Mawa
Algorand:359041398,M.N.G.O #1718,254475,S. Rathi
Algorand:359041483,M.N.G.O #1719,185431,N. Kalinić
Algorand:358543846,M.N.G.O #172,255042,M. Afana
Algorand:359041622,M.N.G.O #1720,50542,J. Defoe
Algorand:359041700,M.N.G.O #1721,201491,D. Lafferty
Algorand:359041823,M.N.G.O #1722,213189,Joo Min Kyu
Algorand:359041900,M.N.G.O #1723,186127,C. Evans
Algorand:359041976,M.N.G.O #1724,189250,S. Rondón
Algorand:359042048,M.N.G.O #1725,262244,J. Myszor
Algorand:359042121,M.N.G.O #1726,243299,M. Nelson
Algorand:359042220,M.N.G.O #1727,236466,C. Michelin
Algorand:359042301,M.N.G.O #1728,241793,A. Karimi
Algorand:359042367,M.N.G.O #1729,243922,M. Radecki
Algorand:358543947,M.N.G.O #173,227503,J. Bruun Larsen
Algorand:359042477,M.N.G.O #1730,263833,N. Serwy
Algorand:359042560,M.N.G.O #1731,230142,Oyarzabal
Algorand:359042711,M.N.G.O #1732,256427,M. Lahdo
Algorand:359042891,M.N.G.O #1733,200458,L. Digne
Algorand:359043011,M.N.G.O #1734,229367,S. Humphrys
Algorand:359043148,M.N.G.O #1735,257495,L. Lawrie-Lattanzio
Algorand:359043248,M.N.G.O #1736,214755,F. Ragusa
Algorand:359043314,M.N.G.O #1737,205659,A. Cragno
Algorand:359043438,M.N.G.O #1738,263165,S. Spence
Algorand:359043530,M.N.G.O #1739,244234,A. Opoku
Algorand:358544026,M.N.G.O #174,211891,A. Voglsammer
Algorand:359043610,M.N.G.O #1740,152747,A. Lennon
Algorand:359043723,M.N.G.O #1741,153066,L. Licht
Algorand:359043835,M.N.G.O #1742,261746,M. Bulic
Algorand:359043995,M.N.G.O #1743,233484,A. Campbell
Algorand:359044137,M.N.G.O #1744,216264,J. Dixon
Algorand:359044248,M.N.G.O #1745,189300,M. Johansson
Algorand:359044302,M.N.G.O #1746,228303,Jorge Ortiz
Algorand:359044415,M.N.G.O #1747,258615,Zarraga
Algorand:359044493,M.N.G.O #1748,153060,J. Insaurralde
Algorand:359044605,M.N.G.O #1749,230211,Vanderlei Cõembra
Algorand:358544148,M.N.G.O #175,233075,Garrido
Algorand:359044754,M.N.G.O #1750,180717,L. Reddy
Algorand:359044859,M.N.G.O #1751,236165,Paulo Daineiro
Algorand:359044998,M.N.G.O #1752,258615,Zarraga
Algorand:359045100,M.N.G.O #1753,239592,J. Macías
Algorand:359045176,M.N.G.O #1754,257085,T. Ur
Algorand:359045260,M.N.G.O #1755,206222,Bigas
Algorand:359045421,M.N.G.O #1756,236010,C. Herc
Algorand:359045535,M.N.G.O #1757,262081,Cantero
Algorand:359045644,M.N.G.O #1758,259624,M. Romero
Algorand:359045722,M.N.G.O #1759,233483,T. Tissoudali
Algorand:358544291,M.N.G.O #176,256461,S. Hammershaug
Algorand:359045802,M.N.G.O #1760,239380,N. Lang
Algorand:359045898,M.N.G.O #1761,260838,F. Al Garzae
Algorand:359046007,M.N.G.O #1762,258168,J. Oosterwolde
Algorand:359046111,M.N.G.O #1763,219627,J. Verdugo
Algorand:359046239,M.N.G.O #1764,240208,R. Bennett
Algorand:359046372,M.N.G.O #1765,241401,S. Moloney
Algorand:359046456,M.N.G.O #1766,251461,F. Brizuela
Algorand:359046552,M.N.G.O #1767,221697,O. Watkins
Algorand:359046674,M.N.G.O #1768,171877,M. Hamšík
Algorand:359046859,M.N.G.O #1769,244700,Y. Dyupin
Algorand:358544456,M.N.G.O #177,236191,Enzio Julião
Algorand:359046938,M.N.G.O #1770,230713,A. Al Malki
Algorand:359047090,M.N.G.O #1771,232786,K. Endo
Algorand:359047199,M.N.G.O #1772,263650,H. Wood
Algorand:359047331,M.N.G.O #1773,246104,R. Gravenberch
Algorand:359047448,M.N.G.O #1774,210000,M. Gajos
Algorand:359047619,M.N.G.O #1775,261056,Lee Ji Hoon
Algorand:359047749,M.N.G.O #1776,242776,K. Anzai
Algorand:359047907,M.N.G.O #1777,142721,M. Barovero
Algorand:359048040,M.N.G.O #1778,224388,J. Gómez
Algorand:359048155,M.N.G.O #1779,263795,Zhang Xiao
Algorand:358544619,M.N.G.O #178,212478,G. Zardes
Algorand:359048290,M.N.G.O #1780,231747,K. Mbappé
Algorand:359048400,M.N.G.O #1781,264071,G. Kirejczyk
Algorand:359048507,M.N.G.O #1782,262739,T. Bornemann
Algorand:359048610,M.N.G.O #1783,246838,R. Al Shamlan
Algorand:359048750,M.N.G.O #1784,251443,L. Mickels
Algorand:359049088,M.N.G.O #1785,215419,C. Kerr
Algorand:359049374,M.N.G.O #1786,231521,E. Palacios
Algorand:359056792,M.N.G.O #1787,212188,T. Werner
Algorand:359056895,M.N.G.O #1788,263656,M. Sawadogo
Algorand:359056972,M.N.G.O #1789,200630,J. Forrest
Algorand:358544747,M.N.G.O #179,251780,B. Rusu
Algorand:359057022,M.N.G.O #1790,238489,T. Boss
Algorand:359057129,M.N.G.O #1791,238858,Bruno Tabata
Algorand:359057293,M.N.G.O #1792,263939,K. Frimpong
Algorand:359057452,M.N.G.O #1793,231682,T. Heward-Belle
Algorand:359057572,M.N.G.O #1794,230201,Maikel Catarino
Algorand:359057727,M.N.G.O #1795,186562,J. Magennis
Algorand:359057838,M.N.G.O #1796,220061,N. Gyömbér
Algorand:359057939,M.N.G.O #1797,230290,Dêniro Prestes
Algorand:359058044,M.N.G.O #1798,261890,Xie Longfei
Algorand:359058149,M.N.G.O #1799,214463,W. Morelo
Algorand:358526291,M.N.G.O #18,236075,Enzo Merques
Algorand:358544860,M.N.G.O #180,261411,N. Sanjuan
Algorand:359058245,M.N.G.O #1800,222394,Y. Bnou-Marzouk
Algorand:359058325,M.N.G.O #1801,220826,L. Vásquez
Algorand:359058432,M.N.G.O #1802,222590,M. Manotas
Algorand:359058602,M.N.G.O #1803,240947,T. Mitchell
Algorand:359058699,M.N.G.O #1804,243401,André Vidigal
Algorand:359058765,M.N.G.O #1805,183518,Rui Fonte
Algorand:359058859,M.N.G.O #1806,213761,A. Hamdallah
Algorand:359058999,M.N.G.O #1807,262262,J. Gorter
Algorand:359059079,M.N.G.O #1808,263626,Z. Labyad
Algorand:359059163,M.N.G.O #1809,190584,Illarramendi
Algorand:358544946,M.N.G.O #181,252196,Yoon Jong Tae
Algorand:359059264,M.N.G.O #1810,256610,D. Hoogewerf
Algorand:359059333,M.N.G.O #1811,210366,N. Lomb
Algorand:359059403,M.N.G.O #1812,260990,R. Ascone
Algorand:359059485,M.N.G.O #1813,238194,N. Bustos
Algorand:359059624,M.N.G.O #1814,255903,C. Garcia
Algorand:359059753,M.N.G.O #1815,241627,Huang Chuang
Algorand:359059865,M.N.G.O #1816,200875,E. Gigliotti
Algorand:359059976,M.N.G.O #1817,260548,J. Dewsnup
Algorand:359060073,M.N.G.O #1818,257065,N. Lemoine
Algorand:359060209,M.N.G.O #1819,253340,E. Mera
Algorand:358545070,M.N.G.O #182,244161,G. Laura
Algorand:359060309,M.N.G.O #1820,211864,D. Dziwniel
Algorand:359060427,M.N.G.O #1821,232296,F. Moufi
Algorand:359060582,M.N.G.O #1822,251875,R. Ispas
Algorand:359060680,M.N.G.O #1823,262904,J. Iredale
Algorand:359060833,M.N.G.O #1824,258906,W. Gnonto
Algorand:359061034,M.N.G.O #1825,213928,E. Sobol
Algorand:359064112,M.N.G.O #1826,233681,Liu Shibo
Algorand:359064227,M.N.G.O #1827,262514,N. Muci
Algorand:359064312,M.N.G.O #1828,237297,Y. Osorio
Algorand:359064429,M.N.G.O #1829,252213,A. Szczutowski
Algorand:358545196,M.N.G.O #183,210010,J. van Overeem
Algorand:359064534,M.N.G.O #1830,251780,B. Rusu
Algorand:359064636,M.N.G.O #1831,204626,T. Grøgaard
Algorand:359064769,M.N.G.O #1832,246785,Bryan Gil
Algorand:359064891,M.N.G.O #1833,256039,J. Perez
Algorand:359064970,M.N.G.O #1834,190674,B. André
Algorand:359065089,M.N.G.O #1835,263943,Javi Serrano
Algorand:359065215,M.N.G.O #1836,253996,T. Burey
Algorand:359065326,M.N.G.O #1837,259973,P. Boer
Algorand:359065430,M.N.G.O #1838,226765,L. Gamba
Algorand:359065515,M.N.G.O #1839,210011,T. Ondaan
Algorand:358545295,M.N.G.O #184,264160,Pablo Ibáñez
Algorand:359065680,M.N.G.O #1840,238988,M. Ullmann
Algorand:359065774,M.N.G.O #1841,226221,Aritz Elustondo
Algorand:359065865,M.N.G.O #1842,216111,D. Whitehead
Algorand:359066033,M.N.G.O #1843,202771,J. Newell
Algorand:359066140,M.N.G.O #1844,248698,V. Bondar
Algorand:359066263,M.N.G.O #1845,178415,R. Vormer
Algorand:359066407,M.N.G.O #1846,264203,R. Hamed
Algorand:359066561,M.N.G.O #1847,230245,Douglas Carvalheira
Algorand:359066622,M.N.G.O #1848,237595,M. Friedl
Algorand:359066703,M.N.G.O #1849,243000,N. Bancu
Algorand:358545370,M.N.G.O #185,199417,H. Tekin
Algorand:359067136,M.N.G.O #1850,178603,M. Hummels
Algorand:359067243,M.N.G.O #1851,242571,C. Rotondi
Algorand:359067399,M.N.G.O #1852,259311,R. Danu
Algorand:359067504,M.N.G.O #1853,219216,J. Windass
Algorand:359067581,M.N.G.O #1854,253928,M. Bustillo
Algorand:359067720,M.N.G.O #1855,238536,T. Kiss
Algorand:359067878,M.N.G.O #1856,262326,A. Papadopoulos
Algorand:359068024,M.N.G.O #1857,214000,Y. Reyna
Algorand:359068164,M.N.G.O #1858,252788,R. Munro
Algorand:359068294,M.N.G.O #1859,189324,A. McCarthy
Algorand:358545446,M.N.G.O #186,247506,M. Freese
Algorand:359068473,M.N.G.O #1860,220826,L. Vásquez
Algorand:359068652,M.N.G.O #1861,256324,J. Carluccio
Algorand:359068831,M.N.G.O #1862,236987,B. Kamara
Algorand:359068979,M.N.G.O #1863,261615,Mao Kaiyu
Algorand:359069173,M.N.G.O #1864,210930,Carles Gil
Algorand:359069338,M.N.G.O #1865,264500,R. Idowu
Algorand:359069515,M.N.G.O #1866,214562,L. Castro
Algorand:359069655,M.N.G.O #1867,138830,D. Lewington
Algorand:359069810,M.N.G.O #1868,264190,R. Al Muwainea
Algorand:359070001,M.N.G.O #1869,258548,Julen
Algorand:358545539,M.N.G.O #187,238563,D. Wiebe
Algorand:359070277,M.N.G.O #1870,264427,J. Boselli
Algorand:359070426,M.N.G.O #1871,230251,Melvin Parrela
Algorand:359070566,M.N.G.O #1872,242108,K. Grozos
Algorand:359070741,M.N.G.O #1873,196848,Í. Ávila
Algorand:359070944,M.N.G.O #1874,258881,O. Nwobodo
Algorand:359071122,M.N.G.O #1875,245512,G. Iannucci
Algorand:359071298,M.N.G.O #1876,262171,E. Bove
Algorand:359071402,M.N.G.O #1877,257075,P. Nebel
Algorand:359071551,M.N.G.O #1878,231445,J. Dasilva
Algorand:359071625,M.N.G.O #1879,254232,A. Khan
Algorand:358545619,M.N.G.O #188,248182,H. Sveijer
Algorand:359071721,M.N.G.O #1880,167435,O. Ustari
Algorand:359071852,M.N.G.O #1881,200429,B. Raman
Algorand:359071991,M.N.G.O #1882,244426,B. Lednev
Algorand:359072152,M.N.G.O #1883,199049,R. Magyar
Algorand:359072284,M.N.G.O #1884,187701,G. Corral
Algorand:359072355,M.N.G.O #1885,235888,I. Cardona
Algorand:359072441,M.N.G.O #1886,251028,K. Poku
Algorand:359072512,M.N.G.O #1887,184255,K. Sigþórsson
Algorand:359072669,M.N.G.O #1888,222229,Yang Hyung Mo
Algorand:359072811,M.N.G.O #1889,205985,I. Kiese Thelin
Algorand:358545766,M.N.G.O #189,227920,I. Azzaoui
Algorand:359072938,M.N.G.O #1890,262181,A. Meekison
Algorand:359073097,M.N.G.O #1891,259282,C. Kiernan
Algorand:359073193,M.N.G.O #1892,253329,C. Espinoza
Algorand:359073387,M.N.G.O #1893,261694,J. Gurr
Algorand:359073510,M.N.G.O #1894,225146,S. D'Almeida
Algorand:359073607,M.N.G.O #1895,225993,O. Sail
Algorand:359073739,M.N.G.O #1896,214111,S. Otálvaro
Algorand:359073851,M.N.G.O #1897,220710,H. Wilson
Algorand:359073953,M.N.G.O #1898,263657,T. Helgason
Algorand:359074116,M.N.G.O #1899,210385,Rui Silva
Algorand:358526369,M.N.G.O #19,223597,R. Aguilar
Algorand:358545915,M.N.G.O #190,223030,A. Kara
Algorand:359074276,M.N.G.O #1900,205069,Juan Bernat
Algorand:359074377,M.N.G.O #1901,262846,Ș. Dobre
Algorand:359074492,M.N.G.O #1902,236780,A. Türkaslan
Algorand:359074700,M.N.G.O #1903,264116,Alejandro Iturbe
Algorand:359074874,M.N.G.O #1904,214747,D. Orellana
Algorand:359075035,M.N.G.O #1905,263706,M. Chiacig
Algorand:359075298,M.N.G.O #1906,165560,M. Ruben
Algorand:359075796,M.N.G.O #1907,243315,Dani Gómez
Algorand:359076321,M.N.G.O #1908,256798,C. Vestergaard
Algorand:359076812,M.N.G.O #1909,239755,S. Lobjanidze
Algorand:358546114,M.N.G.O #191,190560,O. Gonzalez
Algorand:359077238,M.N.G.O #1910,215245,A. Hunou
Algorand:359077616,M.N.G.O #1911,229694,Moon Seon Min
Algorand:359082101,M.N.G.O #1912,223922,A. Bouchalakis
Algorand:359082318,M.N.G.O #1913,264181,Ž. Gavrić
Algorand:359082558,M.N.G.O #1914,263161,B. Al Sayali
Algorand:359082758,M.N.G.O #1915,232593,M. Suzuki
Algorand:359082964,M.N.G.O #1916,192397,Rafael
Algorand:359083161,M.N.G.O #1917,259987,M. Ellborg
Algorand:359083389,M.N.G.O #1918,232380,Y. Mutō
Algorand:359083552,M.N.G.O #1919,192567,M. Zimmermann
Algorand:358546227,M.N.G.O #192,218738,Ely
Algorand:359083748,M.N.G.O #1920,248772,J. Van Hecke
Algorand:359083915,M.N.G.O #1921,260667,F. Kruspzky
Algorand:359084061,M.N.G.O #1922,224021,S. Ojo
Algorand:359095606,M.N.G.O #1923,238856,Pedro Sá
Algorand:359095743,M.N.G.O #1924,242119,X. Amaechi
Algorand:359095915,M.N.G.O #1925,253644,J. Reyes
Algorand:359096090,M.N.G.O #1926,210832,M. Branderhorst
Algorand:359096237,M.N.G.O #1927,231474,João Costa
Algorand:359096418,M.N.G.O #1928,256882,Javi Cueto
Algorand:359096609,M.N.G.O #1929,255971,S. Hezze
Algorand:358546331,M.N.G.O #193,226050,C. Teuchert
Algorand:359096792,M.N.G.O #1930,234570,Jota
Algorand:359097004,M.N.G.O #1931,256965,J. Eastham
Algorand:359097180,M.N.G.O #1932,237477,M. Tavernier
Algorand:359097339,M.N.G.O #1933,236556,M. Hongla
Algorand:359097480,M.N.G.O #1934,261277,J. Brown
Algorand:359097624,M.N.G.O #1935,220862,J. Hugill
Algorand:359097782,M.N.G.O #1936,257337,D. Warchoł
Algorand:359097931,M.N.G.O #1937,229251,V. Mogoș
Algorand:359098162,M.N.G.O #1938,241696,H. De La Fuente
Algorand:359098346,M.N.G.O #1939,260425,Á. García
Algorand:358546436,M.N.G.O #194,260396,Park Sang Hyuk
Algorand:359098523,M.N.G.O #1940,224045,Juan Muñoz
Algorand:359098709,M.N.G.O #1941,223641,T. Baumgartl
Algorand:359098889,M.N.G.O #1942,237161,S. Longstaff
Algorand:359099045,M.N.G.O #1943,237679,R. Kolo Muani
Algorand:359099170,M.N.G.O #1944,236441,F. Bustos
Algorand:359099303,M.N.G.O #1945,230172,Traeira Lopes
Algorand:359099431,M.N.G.O #1946,240944,M. Estrada
Algorand:359099569,M.N.G.O #1947,251372,C. Carter
Algorand:359099711,M.N.G.O #1948,204350,A. Trajkovski
Algorand:359099818,M.N.G.O #1949,260319,P. Mårtensson
Algorand:358546551,M.N.G.O #195,209254,R. Willmott
Algorand:359099923,M.N.G.O #1950,202126,H. Kane
Algorand:359100002,M.N.G.O #1951,251815,Y. Itahashi
Algorand:359100130,M.N.G.O #1952,225706,M. Trauco
Algorand:359100265,M.N.G.O #1953,167524,J. Torres Nilo
Algorand:359100354,M.N.G.O #1954,219836,Rubén Yáñez
Algorand:359100460,M.N.G.O #1955,203736,S. Bahoken
Algorand:359100558,M.N.G.O #1956,262442,R. Negru
Algorand:359100657,M.N.G.O #1957,253745,Wang Zixiang
Algorand:359100772,M.N.G.O #1958,229255,Charles
Algorand:359100934,M.N.G.O #1959,248573,J. Dina Ebimbe
Algorand:358546643,M.N.G.O #196,244685,M. Mouandilmadji
Algorand:359101050,M.N.G.O #1960,255562,F. Stojilković
Algorand:359101139,M.N.G.O #1961,253371,T. Schlitter
Algorand:359101231,M.N.G.O #1962,235088,Luis Pérez
Algorand:359101303,M.N.G.O #1963,264245,K. Mizuta
Algorand:359101387,M.N.G.O #1964,257896,N. Patterson
Algorand:359101487,M.N.G.O #1965,242661,H. Camara
Algorand:359101569,M.N.G.O #1966,255898,P. Justiniano
Algorand:359101691,M.N.G.O #1967,263381,J. Lemmerer
Algorand:359101758,M.N.G.O #1968,212601,C. Malele
Algorand:359101842,M.N.G.O #1969,211703,M. Schnatterer
Algorand:358546758,M.N.G.O #197,214525,D. Richards
Algorand:359101934,M.N.G.O #1970,199005,M. Ryan
Algorand:359102012,M.N.G.O #1971,245652,M. Gueye
Algorand:359102119,M.N.G.O #1972,224055,Li Yunqiu
Algorand:359102228,M.N.G.O #1973,257469,J. Carney
Algorand:359102323,M.N.G.O #1974,205569,J. Ward-Prowse
Algorand:359102456,M.N.G.O #1975,199987,J. Cillessen
Algorand:359102581,M.N.G.O #1976,203574,J. Stones
Algorand:359102709,M.N.G.O #1977,230185,Túlio Changas
Algorand:359102830,M.N.G.O #1978,192045,L. Rodríguez
Algorand:359102966,M.N.G.O #1979,247633,P. Singh
Algorand:358546880,M.N.G.O #198,229956,L. Zigi
Algorand:359103159,M.N.G.O #1980,226045,J. Gallardo
Algorand:359103323,M.N.G.O #1981,247249,J. Piroe
Algorand:359103523,M.N.G.O #1982,2147,M. Stekelenburg
Algorand:359103714,M.N.G.O #1983,243092,A. Abdugheni
Algorand:359103904,M.N.G.O #1984,224866,J. Akintunde
Algorand:359104056,M.N.G.O #1985,242359,Jorge Fernandes
Algorand:359104176,M.N.G.O #1986,245084,M. Busi
Algorand:359104338,M.N.G.O #1987,260127,D. Watson
Algorand:359104460,M.N.G.O #1988,217157,Huang Xiyang
Algorand:359104563,M.N.G.O #1989,199823,Campaña
Algorand:358547006,M.N.G.O #199,263655,R. Nyakossi
Algorand:359104718,M.N.G.O #1990,241496,T. Weah
Algorand:359104841,M.N.G.O #1991,257693,Zhang Haochen
Algorand:359104958,M.N.G.O #1992,221857,Jin Jingdao
Algorand:359105063,M.N.G.O #1993,152997,D. Cvitanich
Algorand:359105179,M.N.G.O #1994,253904,J. Castillo
Algorand:359105292,M.N.G.O #1995,200630,J. Forrest
Algorand:359105401,M.N.G.O #1996,262968,A. Brown
Algorand:359105534,M.N.G.O #1997,263308,A. Marsh
Algorand:359105658,M.N.G.O #1998,183025,M. Simon
Algorand:359105805,M.N.G.O #1999,240927,L. Collins
Algorand:358524476,M.N.G.O #2,214099,M. Aaquist
Algorand:358526479,M.N.G.O #20,240865,A. Scully
Algorand:358547120,M.N.G.O #200,243977,J. Herrera
Algorand:359105945,M.N.G.O #2000,255856,S. Mandi
Algorand:359112138,M.N.G.O #2001,231521,E. Palacios
Algorand:359112242,M.N.G.O #2002,244958,R. Griffiths
Algorand:359112349,M.N.G.O #2003,220925,A. Schöpf
Algorand:359112591,M.N.G.O #2004,257897,N. Henchoz
Algorand:359112680,M.N.G.O #2005,245501,I. Olaofe
Algorand:359112814,M.N.G.O #2006,242571,C. Rotondi
Algorand:359112938,M.N.G.O #2007,3467,Yuri
Algorand:359113055,M.N.G.O #2008,187837,M. Mešanović
Algorand:359113204,M.N.G.O #2009,194726,J. Ahlmann
Algorand:358547309,M.N.G.O #201,244551,F. Majchrowicz
Algorand:359113332,M.N.G.O #2010,263474,F. Torres
Algorand:359113459,M.N.G.O #2011,236498,S. Lammers
Algorand:359113612,M.N.G.O #2012,256854,W. Omari
Algorand:359113771,M.N.G.O #2013,263244,B. Kłudka
Algorand:359113872,M.N.G.O #2014,261287,A. McNally
Algorand:359114053,M.N.G.O #2015,234846,S. Müller
Algorand:359114166,M.N.G.O #2016,228616,D. Bertaud
Algorand:359114320,M.N.G.O #2017,190854,P. Pekarík
Algorand:359114479,M.N.G.O #2018,193272,S. Şahin-Radlinger
Algorand:359114626,M.N.G.O #2019,224673,Zhang Li
Algorand:358547541,M.N.G.O #202,259255,Lee Kyung Tae
Algorand:359114744,M.N.G.O #2020,262820,L. Rudden
Algorand:359114855,M.N.G.O #2021,244089,T. Hara
Algorand:359114989,M.N.G.O #2022,251423,G. Shelvey
Algorand:359115138,M.N.G.O #2023,240684,F. Al Tryes
Algorand:359115366,M.N.G.O #2024,253537,B. Castillo
Algorand:359115468,M.N.G.O #2025,221944,P. Michorl
Algorand:359115639,M.N.G.O #2026,230666,Gabriel Jesus
Algorand:359115861,M.N.G.O #2027,258084,C. Ibarra
Algorand:359116037,M.N.G.O #2028,246121,S. Kelly
Algorand:359116145,M.N.G.O #2029,230471,Wilsson Rosito
Algorand:358547704,M.N.G.O #203,230332,Wiliam Santinho
Algorand:359116274,M.N.G.O #2030,251197,K. Dlamini
Algorand:359116401,M.N.G.O #2031,208589,K. Pusch
Algorand:359116586,M.N.G.O #2032,259845,M. Santilli
Algorand:359116760,M.N.G.O #2033,257934,Guo Yunqi
Algorand:359116938,M.N.G.O #2034,261234,J. López
Algorand:359117079,M.N.G.O #2035,162347,João Moutinho
Algorand:359117205,M.N.G.O #2036,260462,K. Corbally
Algorand:359117297,M.N.G.O #2037,204353,C. Forsyth
Algorand:359117443,M.N.G.O #2038,264223,N. König
Algorand:359117622,M.N.G.O #2039,215064,J. Furch
Algorand:358547807,M.N.G.O #204,261454,M. Traore
Algorand:359117725,M.N.G.O #2040,208295,R. Saïss
Algorand:359117881,M.N.G.O #2041,189586,D. Hernández
Algorand:359118049,M.N.G.O #2042,223934,B. Yardımcı
Algorand:359118169,M.N.G.O #2043,110606,A. Mannus
Algorand:359118260,M.N.G.O #2044,256769,A. Truffert
Algorand:359118376,M.N.G.O #2045,245252,A. Gürleyen
Algorand:359118518,M.N.G.O #2046,238717,E. Pinnock
Algorand:359118685,M.N.G.O #2047,213648,P. Højbjerg
Algorand:359118804,M.N.G.O #2048,239231,Cucurella
Algorand:359118966,M.N.G.O #2049,235014,J. Smith
Algorand:358547934,M.N.G.O #205,237024,L. Itter
Algorand:359119186,M.N.G.O #2050,243201,Álex Domínguez
Algorand:359119294,M.N.G.O #2051,213573,M. Gersbeck
Algorand:359119374,M.N.G.O #2052,222022,L. Di Plácido
Algorand:359119505,M.N.G.O #2053,260737,A. Da Silveira
Algorand:359119655,M.N.G.O #2054,264007,T. Naustdal
Algorand:359119771,M.N.G.O #2055,261209,D. Csontos
Algorand:359119878,M.N.G.O #2056,246390,S. Bjørshol
Algorand:359119971,M.N.G.O #2057,244514,P. Lima
Algorand:359120097,M.N.G.O #2058,248547,A. Uribe
Algorand:359120204,M.N.G.O #2059,239186,Aylton Boa Morte
Algorand:358548065,M.N.G.O #206,245417,J. Manley
Algorand:359120286,M.N.G.O #2060,211738,M. Flekken
Algorand:359120394,M.N.G.O #2061,261579,A. Mostovoy
Algorand:359120528,M.N.G.O #2062,232619,K. Shibasaki
Algorand:359120673,M.N.G.O #2063,256865,T. Onyeka
Algorand:359120804,M.N.G.O #2064,187031,J. Hyde
Algorand:359120936,M.N.G.O #2065,235945,Marc Roca
Algorand:359121035,M.N.G.O #2066,194765,A. Griezmann
Algorand:359121135,M.N.G.O #2067,232645,F. Cambeses
Algorand:359121237,M.N.G.O #2068,254626,L. Urruti
Algorand:359121340,M.N.G.O #2069,251753,J. Odehnal
Algorand:358548207,M.N.G.O #207,241638,B. Worman
Algorand:359121415,M.N.G.O #2070,241499,C. Garcés
Algorand:359121490,M.N.G.O #2071,223581,J. Iglesias
Algorand:359121555,M.N.G.O #2072,206145,B. Uphoff
Algorand:359121664,M.N.G.O #2073,225266,M. Rasmussen
Algorand:359121799,M.N.G.O #2074,261500,J. Ramírez
Algorand:359121947,M.N.G.O #2075,255659,B. Mæland
Algorand:359158973,M.N.G.O #2076,223627,O. Al Somah
Algorand:359159097,M.N.G.O #2077,198109,C. Anene
Algorand:359159193,M.N.G.O #2078,158626,M. Debuchy
Algorand:359159514,M.N.G.O #2079,230351,Silaldo Taffarel
Algorand:358548351,M.N.G.O #208,252959,J. McPake
Algorand:359159621,M.N.G.O #2080,194728,I. Belfodil
Algorand:359159709,M.N.G.O #2081,243721,D. Wenzel-Halls
Algorand:359159808,M.N.G.O #2082,239981,J. Arp
Algorand:359159927,M.N.G.O #2083,192930,A. Pulido
Algorand:359160019,M.N.G.O #2084,255986,P. McGarvey
Algorand:359160644,M.N.G.O #2085,200984,Rafael Martins
Algorand:359160735,M.N.G.O #2086,240900,Unai Núñez
Algorand:359160835,M.N.G.O #2087,261666,C. Warfield
Algorand:359160926,M.N.G.O #2088,200726,B. Lecomte
Algorand:359161035,M.N.G.O #2089,263181,T. Telcean
Algorand:358548474,M.N.G.O #209,236189,Túlio Sandoiro
Algorand:359161131,M.N.G.O #2090,237875,R. Schlegel
Algorand:359161401,M.N.G.O #2091,236633,J. Bauza
Algorand:359161518,M.N.G.O #2092,184858,Alan Kardec
Algorand:359161636,M.N.G.O #2093,252168,M. Brizuela
Algorand:359161742,M.N.G.O #2094,231932,L. Chhangte
Algorand:359161879,M.N.G.O #2095,198331,M. Vydra
Algorand:359161989,M.N.G.O #2096,213344,D. Barnes
Algorand:359162353,M.N.G.O #2097,256029,C. Dunbar
Algorand:359162456,M.N.G.O #2098,244022,I. Sissoko
Algorand:359162537,M.N.G.O #2099,146536,Jesús Navas
Algorand:358526581,M.N.G.O #21,226161,Marcos Llorente
Algorand:358548577,M.N.G.O #210,232481,K. Matsui
Algorand:359162611,M.N.G.O #2100,264211,S. Westerveld
Algorand:359162740,M.N.G.O #2101,246663,B. Hadžić
Algorand:359162859,M.N.G.O #2102,192608,M. Barthelmé
Algorand:359163260,M.N.G.O #2103,253035,A. Dohling
Algorand:359163410,M.N.G.O #2104,262540,C. Wagner
Algorand:359163489,M.N.G.O #2105,232627,H. Goya
Algorand:359163591,M.N.G.O #2106,259764,N. Bhutia
Algorand:359163679,M.N.G.O #2107,223816,J. Rodríguez
Algorand:359164005,M.N.G.O #2108,256217,W. Vint
Algorand:359164109,M.N.G.O #2109,143809,M. Demir
Algorand:358548656,M.N.G.O #211,260250,Z. Al Jari
Algorand:359164204,M.N.G.O #2110,200895,J. Morris
Algorand:359164295,M.N.G.O #2111,237942,P. Estupiñán
Algorand:359164408,M.N.G.O #2112,263077,L. Breunig
Algorand:359164514,M.N.G.O #2113,208115,L. Zuta
Algorand:359165119,M.N.G.O #2114,233449,Pan Ximing
Algorand:359165236,M.N.G.O #2115,216531,Paulinho
Algorand:359165366,M.N.G.O #2116,201888,V. Berisha
Algorand:359165520,M.N.G.O #2117,203796,F. Gutiérrez
Algorand:359165651,M.N.G.O #2118,202886,B. Siegrist
Algorand:359165755,M.N.G.O #2119,230857,Nuno da Costa
Algorand:358548766,M.N.G.O #212,186562,J. Magennis
Algorand:359165858,M.N.G.O #2120,140420,B. Murphy
Algorand:359166321,M.N.G.O #2121,244828,R. Gutiérrez
Algorand:359166434,M.N.G.O #2122,208697,D. Rogers
Algorand:359166531,M.N.G.O #2123,204709,D. Rubio
Algorand:359166609,M.N.G.O #2124,241592,Hëzimjan Ërpan
Algorand:359166692,M.N.G.O #2125,163619,J. Hayes
Algorand:359166791,M.N.G.O #2126,239491,J. Álvarez
Algorand:359167411,M.N.G.O #2127,259219,N. Dias
Algorand:359167522,M.N.G.O #2128,235844,E. Álvarez
Algorand:359167634,M.N.G.O #2129,253509,S. Das
Algorand:358548864,M.N.G.O #213,255674,Y. Gil
Algorand:359167716,M.N.G.O #2130,232905,J. Ito
Algorand:359167823,M.N.G.O #2131,177326,M. Valbuena
Algorand:359167914,M.N.G.O #2132,236142,Nildo Reisão
Algorand:359168257,M.N.G.O #2133,243526,M. Müldür
Algorand:359168342,M.N.G.O #2134,189561,B. Koita
Algorand:359168470,M.N.G.O #2135,258682,L. Twamley
Algorand:359168569,M.N.G.O #2136,258497,Miullen
Algorand:359168683,M.N.G.O #2137,255526,T. Kaneko
Algorand:359168767,M.N.G.O #2138,233732,D. Okereke
Algorand:359169159,M.N.G.O #2139,210935,D. Berardi
Algorand:358548989,M.N.G.O #214,243159,A. Awad
Algorand:359169277,M.N.G.O #2140,237452,S. Yajima
Algorand:359169480,M.N.G.O #2141,186274,K. Rausch
Algorand:359169571,M.N.G.O #2142,224428,J. Otero
Algorand:359169672,M.N.G.O #2143,206219,Juan Cruz
Algorand:359169771,M.N.G.O #2144,242865,I. Govea
Algorand:359170277,M.N.G.O #2145,223843,D. Frascarelli
Algorand:359170391,M.N.G.O #2146,264390,J. Davis
Algorand:359170472,M.N.G.O #2147,261075,Kang Jae Woo
Algorand:359170563,M.N.G.O #2148,216751,D. Bejarano
Algorand:359170671,M.N.G.O #2149,224520,R. Kent
Algorand:358549132,M.N.G.O #215,255660,T. Hallstensen
Algorand:359170751,M.N.G.O #2150,230396,Weilson Leal
Algorand:359170828,M.N.G.O #2151,202060,E. Bergström
Algorand:359171163,M.N.G.O #2152,262433,Marcelo Machado
Algorand:359171261,M.N.G.O #2153,199236,Hong Chul
Algorand:359171353,M.N.G.O #2154,235167,V. Janelt
Algorand:359171474,M.N.G.O #2155,204120,T. Vaclík
Algorand:359171603,M.N.G.O #2156,210925,S. Otayf
Algorand:359171695,M.N.G.O #2157,211110,P. Dybala
Algorand:359171809,M.N.G.O #2158,199829,Timor
Algorand:359172270,M.N.G.O #2159,255839,J. Antiste
Algorand:358549241,M.N.G.O #216,232850,T. Yanagi
Algorand:359172446,M.N.G.O #2160,254594,J. Rodríguez
Algorand:359172575,M.N.G.O #2161,246669,B. Saka
Algorand:359172665,M.N.G.O #2162,251348,P. Cucchi
Algorand:359172783,M.N.G.O #2163,208630,D. Furman
Algorand:359173167,M.N.G.O #2164,263553,N. Belakovic
Algorand:359173274,M.N.G.O #2165,219536,I. Pussetto
Algorand:359173391,M.N.G.O #2166,263862,M. Valor
Algorand:359173466,M.N.G.O #2167,260969,Pablo Picón
Algorand:359173550,M.N.G.O #2168,250829,B. Wells
Algorand:359173657,M.N.G.O #2169,242730,J. Evans
Algorand:358549344,M.N.G.O #217,261986,Kong Yinquan
Algorand:359173969,M.N.G.O #2170,216269,S. Hertner
Algorand:359174046,M.N.G.O #2171,210801,D. Accam
Algorand:359174128,M.N.G.O #2172,257691,Liao Wei
Algorand:359174242,M.N.G.O #2173,222553,S. Griesbeck
Algorand:359174314,M.N.G.O #2174,259175,N. Prabhu
Algorand:359174398,M.N.G.O #2175,232897,Y. Naganuma
Algorand:359176164,M.N.G.O #2176,212466,C. Cisneros
Algorand:359176296,M.N.G.O #2177,256923,D. Contreras
Algorand:359176383,M.N.G.O #2178,220064,C. Aboagye
Algorand:359176745,M.N.G.O #2179,187915,E. Kujović
Algorand:358549457,M.N.G.O #218,190416,D. Le Tallec
Algorand:359176826,M.N.G.O #2180,241771,A. Nwakaeme
Algorand:359176927,M.N.G.O #2181,223760,A. Singh
Algorand:359177064,M.N.G.O #2182,198219,L. Insigne
Algorand:359177178,M.N.G.O #2183,194781,Renan Ribeiro
Algorand:359177273,M.N.G.O #2184,194765,A. Griezmann
Algorand:359177681,M.N.G.O #2185,260398,N. Saliba
Algorand:359177781,M.N.G.O #2186,257685,L. D'Cunha
Algorand:359177854,M.N.G.O #2187,239596,J. Célestine
Algorand:359177941,M.N.G.O #2188,246815,O. Stefánsson
Algorand:359178040,M.N.G.O #2189,220395,Mula
Algorand:358549582,M.N.G.O #219,213413,L. Vigouroux
Algorand:359178128,M.N.G.O #2190,258248,D. Krzysztofek
Algorand:359178526,M.N.G.O #2191,169792,J. Rodriguez
Algorand:359178662,M.N.G.O #2192,230437,Elias Fontoira
Algorand:359178780,M.N.G.O #2193,244415,T. Rotter
Algorand:359178887,M.N.G.O #2194,182617,D. Hylton
Algorand:359179000,M.N.G.O #2195,256043,M. Bækken
Algorand:359179461,M.N.G.O #2196,201982,J. Schmid
Algorand:359179575,M.N.G.O #2197,263948,L. Schlosser
Algorand:359179691,M.N.G.O #2198,201988,F. Fernández
Algorand:359180328,M.N.G.O #2199,215247,M. Ingvartsen
Algorand:358526691,M.N.G.O #22,183711,J. Henderson
Algorand:358549682,M.N.G.O #220,223573,Munir
Algorand:359181102,M.N.G.O #2200,264255,J. Sraha
Algorand:359181888,M.N.G.O #2201,132740,J. Hansen
Algorand:359184765,M.N.G.O #2202,262730,I. Batha
Algorand:359185794,M.N.G.O #2203,255151,S. Ngapandouetnbu
Algorand:359186553,M.N.G.O #2204,255586,Y. Matsuo
Algorand:359187358,M.N.G.O #2205,232412,E. Adams
Algorand:359188145,M.N.G.O #2206,169214,S. Sinclair
Algorand:359188934,M.N.G.O #2207,158144,Salva Sevilla
Algorand:359190964,M.N.G.O #2208,192505,R. Lukaku
Algorand:359191078,M.N.G.O #2209,263444,N. Bischof
Algorand:358549818,M.N.G.O #221,226085,Léo Jardim
Algorand:359191176,M.N.G.O #2210,258806,P. Komposch
Algorand:359191279,M.N.G.O #2211,215267,T. Figueroa
Algorand:359191371,M.N.G.O #2212,262522,J. Bickerstaff
Algorand:359191494,M.N.G.O #2213,259855,E. Shuranov
Algorand:359191843,M.N.G.O #2214,222741,Leandro Pereira
Algorand:359191972,M.N.G.O #2215,192984,K. Casteels
Algorand:359192057,M.N.G.O #2216,232785,C. Togashi
Algorand:359192148,M.N.G.O #2217,251511,M. Zeghba
Algorand:359192248,M.N.G.O #2218,230950,D. Devine
Algorand:359192367,M.N.G.O #2219,261107,N. Pacławski
Algorand:358549971,M.N.G.O #222,204219,A. Jackson
Algorand:359192697,M.N.G.O #2220,234897,J. Arak
Algorand:359192812,M.N.G.O #2221,232656,T. Hernández
Algorand:359192930,M.N.G.O #2222,221540,Raúl
Algorand:359193034,M.N.G.O #2223,213928,E. Sobol
Algorand:359193160,M.N.G.O #2224,246388,N. Ferraresi
Algorand:359193257,M.N.G.O #2225,215331,L. Jara
Algorand:359193684,M.N.G.O #2226,225100,J. Gomez
Algorand:359193840,M.N.G.O #2227,256043,M. Bækken
Algorand:359193928,M.N.G.O #2228,204542,Y. Yotún
Algorand:359194012,M.N.G.O #2229,196147,G. Moreno
Algorand:358550080,M.N.G.O #223,242055,A. Ståhl
Algorand:359194072,M.N.G.O #2230,190113,M. Günok
Algorand:359194690,M.N.G.O #2231,264362,Dinpuia
Algorand:359194778,M.N.G.O #2232,204987,B. Blume
Algorand:359194874,M.N.G.O #2233,242629,João Moutinho
Algorand:359194961,M.N.G.O #2234,220893,C. Baker-Richardson
Algorand:359195035,M.N.G.O #2235,248075,I. Panțîru
Algorand:359195136,M.N.G.O #2236,228624,M. Khubrani
Algorand:359195493,M.N.G.O #2237,223627,O. Al Somah
Algorand:359195914,M.N.G.O #2238,223489,A. Pešić
Algorand:359195993,M.N.G.O #2239,198331,M. Vydra
Algorand:358550228,M.N.G.O #224,260951,J. Kenny
Algorand:359196114,M.N.G.O #2240,212230,Iuri Medeiros
Algorand:359196218,M.N.G.O #2241,235597,M. Al Anazi
Algorand:359196304,M.N.G.O #2242,263093,S. Skrbo
Algorand:359196625,M.N.G.O #2243,242545,M. Hausjell
Algorand:359196715,M.N.G.O #2244,241568,C. Ferreira
Algorand:359196788,M.N.G.O #2245,263699,J. Sveinhaug
Algorand:359196868,M.N.G.O #2246,183425,T. Elliott
Algorand:359196951,M.N.G.O #2247,216350,A. Ademi
Algorand:359197202,M.N.G.O #2248,243159,A. Awad
Algorand:359197294,M.N.G.O #2249,253499,A. Jadhav
Algorand:358550401,M.N.G.O #225,257483,J. Schwermann
Algorand:359197358,M.N.G.O #2250,262916,M. Badji
Algorand:359197432,M.N.G.O #2251,230613,A. Diawara
Algorand:359197499,M.N.G.O #2252,259219,N. Dias
Algorand:359197588,M.N.G.O #2253,247771,O. Deman
Algorand:359197909,M.N.G.O #2254,257326,N. Milanovic
Algorand:359198000,M.N.G.O #2255,258558,A. Chetri
Algorand:359198083,M.N.G.O #2256,221797,E. Thommy
Algorand:359198300,M.N.G.O #2257,225182,J. Barrera
Algorand:359198396,M.N.G.O #2258,210801,D. Accam
Algorand:359198518,M.N.G.O #2259,245493,M. Al Qaydhi
Algorand:358550509,M.N.G.O #226,202539,L. Griffiths
Algorand:359198630,M.N.G.O #2260,208730,E. Valentini
Algorand:359199217,M.N.G.O #2261,205633,L. Castro
Algorand:359199279,M.N.G.O #2262,263968,K. Sow
Algorand:359199351,M.N.G.O #2263,252540,A. Gözütok
Algorand:359199422,M.N.G.O #2264,254258,Nilton Varela
Algorand:359199496,M.N.G.O #2265,258929,L. Dendoncker
Algorand:359199578,M.N.G.O #2266,261314,B. Ruiz
Algorand:359199631,M.N.G.O #2267,237153,L. Blessing
Algorand:359199945,M.N.G.O #2268,207960,Aitor García
Algorand:359200042,M.N.G.O #2269,204240,B. Reynet
Algorand:358550650,M.N.G.O #227,241298,Liu Huan
Algorand:359200119,M.N.G.O #2270,257304,A. Helac
Algorand:359200197,M.N.G.O #2271,209780,S. Schrijvers
Algorand:359200254,M.N.G.O #2272,263202,M. Bergum
Algorand:359200317,M.N.G.O #2273,235516,R. Kaib
Algorand:359200593,M.N.G.O #2274,259614,J. Marchán
Algorand:359200673,M.N.G.O #2275,214965,C. Riaño
Algorand:359200736,M.N.G.O #2276,223510,A. Mendy
Algorand:359200814,M.N.G.O #2277,254297,Z. Görgen
Algorand:359200942,M.N.G.O #2278,247866,C. Miszta
Algorand:359201344,M.N.G.O #2279,254403,A. Mercado
Algorand:358550817,M.N.G.O #228,259346,G. Martins
Algorand:359201449,M.N.G.O #2280,224186,J. de Wijs
Algorand:359201568,M.N.G.O #2281,212602,Diego Llorente
Algorand:359201677,M.N.G.O #2282,221658,A. Sharahili
Algorand:359201770,M.N.G.O #2283,263684,E. Ingram
Algorand:359201874,M.N.G.O #2284,233642,A. Laïdouni
Algorand:359202269,M.N.G.O #2285,177508,P. Klandt
Algorand:359202421,M.N.G.O #2286,260407,E. Wahi
Algorand:359202507,M.N.G.O #2287,205255,J. Reid
Algorand:359202607,M.N.G.O #2288,229319,J. Cádiz
Algorand:359202706,M.N.G.O #2289,262724,R. Baravykas
Algorand:358550932,M.N.G.O #229,216273,J. Kauko
Algorand:359202795,M.N.G.O #2290,251262,B. Baggley
Algorand:359203172,M.N.G.O #2291,261984,Wang Jinshuai
Algorand:359203263,M.N.G.O #2292,263844,N. Botic
Algorand:359203347,M.N.G.O #2293,263059,Tomás Händel
Algorand:359203429,M.N.G.O #2294,195033,M. Leckie
Algorand:359203528,M.N.G.O #2295,201114,B. Pawłowski
Algorand:359203976,M.N.G.O #2296,208989,F. Ladapo
Algorand:359204074,M.N.G.O #2297,200826,M. Quiroga
Algorand:359204181,M.N.G.O #2298,262641,D. Touré
Algorand:359204243,M.N.G.O #2299,259544,Y. Gamero
Algorand:358526792,M.N.G.O #23,221369,K. Al Kaabi
Algorand:358551033,M.N.G.O #230,207741,M. Lieder
Algorand:359204307,M.N.G.O #2300,208812,M. Benning
Algorand:359204366,M.N.G.O #2301,262248,K. Bracik
Algorand:359204695,M.N.G.O #2302,252888,T. Charters
Algorand:359204782,M.N.G.O #2303,251423,G. Shelvey
Algorand:359204876,M.N.G.O #2304,227232,F. Sotoca
Algorand:359204976,M.N.G.O #2305,198710,J. Rodríguez
Algorand:359205039,M.N.G.O #2306,246423,L. Orellano
Algorand:359205447,M.N.G.O #2307,258039,D. Lagator
Algorand:359205589,M.N.G.O #2308,214944,Gumbau
Algorand:359205685,M.N.G.O #2309,230392,Ailtio Coelho
Algorand:358551386,M.N.G.O #231,254723,L. González
Algorand:359205793,M.N.G.O #2310,257250,L. Carlius
Algorand:359205926,M.N.G.O #2311,221815,Yang Chaosheng
Algorand:359206043,M.N.G.O #2312,199952,E. Çolak
Algorand:359206141,M.N.G.O #2313,235840,M. Di Gregorio
Algorand:359206419,M.N.G.O #2314,253708,N. Meetei
Algorand:359206524,M.N.G.O #2315,208892,S. Byram
Algorand:359206616,M.N.G.O #2316,212790,J. Thiaré
Algorand:359206726,M.N.G.O #2317,198177,B. Schenkeveld
Algorand:359206837,M.N.G.O #2318,177885,K. Özer
Algorand:359206918,M.N.G.O #2319,238575,Lee Jung Moon
Algorand:358551562,M.N.G.O #232,215487,G. Engvall
Algorand:359207256,M.N.G.O #2320,239049,O. Azubuike
Algorand:359207359,M.N.G.O #2321,261876,C. Noonan
Algorand:359207432,M.N.G.O #2322,187113,L. Gerson
Algorand:359207548,M.N.G.O #2323,159145,B. Gomis
Algorand:359207649,M.N.G.O #2324,233525,V. Rai
Algorand:359207755,M.N.G.O #2325,228321,Sergi Palencia
Algorand:359208047,M.N.G.O #2326,248678,A. Crivac
Algorand:359208194,M.N.G.O #2327,176061,J. Bornstein
Algorand:359221102,M.N.G.O #2328,251540,Patrick Luan
Algorand:359221583,M.N.G.O #2329,225213,G. Singh Sandhu
Algorand:358551668,M.N.G.O #233,233245,S. McLoughlin
Algorand:359221709,M.N.G.O #2330,229991,Fran Villalba
Algorand:359221798,M.N.G.O #2331,187607,A. Dzyuba
Algorand:359221881,M.N.G.O #2332,200647,J. Iličić
Algorand:359221979,M.N.G.O #2333,182862,M. Pereira
Algorand:359222075,M.N.G.O #2334,261487,V. Navas
Algorand:359222388,M.N.G.O #2335,257483,J. Schwermann
Algorand:359222464,M.N.G.O #2336,263109,J. Salmon
Algorand:359222559,M.N.G.O #2337,206307,J. Frick
Algorand:359222624,M.N.G.O #2338,208856,Q. Bernard
Algorand:359222690,M.N.G.O #2339,243801,D. Dressel
Algorand:358551751,M.N.G.O #234,226093,C. Adams
Algorand:359222751,M.N.G.O #2340,260998,L. Rhöse
Algorand:359222822,M.N.G.O #2341,259918,I. Diawara
Algorand:359223377,M.N.G.O #2342,246175,L. Ihorst
Algorand:359223500,M.N.G.O #2343,221306,M. Barrios
Algorand:359223573,M.N.G.O #2344,247628,P. Karuthadathkuni
Algorand:359223641,M.N.G.O #2345,190669,O. Jansson
Algorand:359223709,M.N.G.O #2346,253636,P. Galindo
Algorand:359223777,M.N.G.O #2347,263835,G. D'Asaro
Algorand:359224010,M.N.G.O #2348,189125,G. Bonaventura
Algorand:359224080,M.N.G.O #2349,237410,V. Kravets
Algorand:358551842,M.N.G.O #235,237842,D. Jarvis
Algorand:359224152,M.N.G.O #2350,227040,S. Cosgrove
Algorand:359224223,M.N.G.O #2351,240019,N. Baden Frederiksen
Algorand:359224283,M.N.G.O #2352,207722,Cristiano
Algorand:359224343,M.N.G.O #2353,208498,M. Dabbur
Algorand:359224629,M.N.G.O #2354,225757,M. Burgess
Algorand:359224712,M.N.G.O #2355,264446,T. Zajíc
Algorand:359224792,M.N.G.O #2356,186405,F. Di Santo
Algorand:359224852,M.N.G.O #2357,258962,Long Wenhao
Algorand:359224923,M.N.G.O #2358,248165,A. Rațiu
Algorand:359225530,M.N.G.O #2359,240400,C. Manicone
Algorand:358551925,M.N.G.O #236,256807,T. Campbell
Algorand:359225648,M.N.G.O #2360,190778,J. Zoet
Algorand:359225759,M.N.G.O #2361,209196,P. Ziereis
Algorand:359225846,M.N.G.O #2362,218667,Bernardo Silva
Algorand:359225932,M.N.G.O #2363,189163,A. MacDonald
Algorand:359226046,M.N.G.O #2364,200746,J. Lundstram
Algorand:359226621,M.N.G.O #2365,235303,K. Pestka
Algorand:359227992,M.N.G.O #2366,240506,F. Arhin
Algorand:359228124,M.N.G.O #2367,208418,Y. Carrasco
Algorand:359228255,M.N.G.O #2368,252897,C. Ramsay
Algorand:359228366,M.N.G.O #2369,263656,M. Sawadogo
Algorand:358552018,M.N.G.O #237,259677,A. Robertson
Algorand:359228504,M.N.G.O #2370,150724,J. Hart
Algorand:359229005,M.N.G.O #2371,212153,R. Gagliardini
Algorand:359229124,M.N.G.O #2372,259313,L. Jongte
Algorand:359229199,M.N.G.O #2373,253472,E. Kahl
Algorand:359229276,M.N.G.O #2374,208813,G. Williams
Algorand:359229379,M.N.G.O #2375,201457,V. Oliver
Algorand:359229487,M.N.G.O #2376,263877,M. Sjøeng
Algorand:359229605,M.N.G.O #2377,232729,C. Tarragona
Algorand:359229996,M.N.G.O #2378,244654,K. Osako
Algorand:359230095,M.N.G.O #2379,262645,F. Christensen
Algorand:358552111,M.N.G.O #238,225652,G. Pușcaș
Algorand:359230213,M.N.G.O #2380,212623,Santi Mina
Algorand:359230314,M.N.G.O #2381,259089,M. Richter
Algorand:359230424,M.N.G.O #2382,215309,L. Albertengo
Algorand:359230549,M.N.G.O #2383,244133,A. Rossipal
Algorand:359231018,M.N.G.O #2384,262742,Ramón Juan
Algorand:359231168,M.N.G.O #2385,232230,R. Matarrita
Algorand:359231269,M.N.G.O #2386,233581,Song Si Woo
Algorand:359231406,M.N.G.O #2387,254204,P. Reyna
Algorand:359231508,M.N.G.O #2388,257854,J. Newman
Algorand:359231994,M.N.G.O #2389,188567,P. Aubameyang
Algorand:358552174,M.N.G.O #239,199339,M. Riemann
Algorand:359232118,M.N.G.O #2390,261357,A. Al Radeef
Algorand:359232203,M.N.G.O #2391,261173,F. Ferrero
Algorand:359232291,M.N.G.O #2392,235360,R. Ache
Algorand:359232388,M.N.G.O #2393,192922,O. Jiménez
Algorand:359232497,M.N.G.O #2394,256774,S. Henriksen
Algorand:359232914,M.N.G.O #2395,252809,Jeong Ji Yong
Algorand:359233030,M.N.G.O #2396,263364,L. Walta
Algorand:359233156,M.N.G.O #2397,251349,T. Baeten
Algorand:359233271,M.N.G.O #2398,189776,M. Watkins
Algorand:359233395,M.N.G.O #2399,227647,M. Mittelstädt
Algorand:358526905,M.N.G.O #24,240784,J. Bursik
Algorand:358552254,M.N.G.O #240,253364,J. Chalá
Algorand:359233522,M.N.G.O #2400,220573,M. Jakóbowski
Algorand:359233950,M.N.G.O #2401,243945,Gonzalo Verdú
Algorand:359234406,M.N.G.O #2402,264340,K. Al Absi
Algorand:359234533,M.N.G.O #2403,193794,Villalibre
Algorand:359234656,M.N.G.O #2404,243221,D. Sasaki
Algorand:359234764,M.N.G.O #2405,244550,M. Rakoczy
Algorand:359235250,M.N.G.O #2406,208540,A. Schoenfeld
Algorand:359235410,M.N.G.O #2407,264563,F. Alcedo
Algorand:359235538,M.N.G.O #2408,263974,Y. Al Hassan
Algorand:359235687,M.N.G.O #2409,222187,Jin Qiang
Algorand:358552367,M.N.G.O #241,264419,Dominic Vinícius
Algorand:359235835,M.N.G.O #2410,259904,G. Valle
Algorand:359235968,M.N.G.O #2411,258826,D. Rensch
Algorand:359237358,M.N.G.O #2412,208418,Y. Carrasco
Algorand:359237753,M.N.G.O #2413,211732,T. Thiele
Algorand:359237853,M.N.G.O #2414,247304,M. Hundley
Algorand:359237952,M.N.G.O #2415,244250,P. Owusu
Algorand:359238087,M.N.G.O #2416,251532,M. Elia
Algorand:359238237,M.N.G.O #2417,156894,D. Pratley
Algorand:359238356,M.N.G.O #2418,189910,C. Main
Algorand:359238926,M.N.G.O #2419,178086,Adán
Algorand:358552475,M.N.G.O #242,222943,Jony
Algorand:359239008,M.N.G.O #2420,205705,Z. Feddal
Algorand:359239101,M.N.G.O #2421,230513,Gus Outomouro
Algorand:359239243,M.N.G.O #2422,238896,Pepê
Algorand:359239362,M.N.G.O #2423,231616,E. Riis
Algorand:359239461,M.N.G.O #2424,227998,D. Badji
Algorand:359240147,M.N.G.O #2425,243656,N. Radonjić
Algorand:359240279,M.N.G.O #2426,230453,David Seijalbo
Algorand:359240368,M.N.G.O #2427,229255,Charles
Algorand:359240491,M.N.G.O #2428,263334,H. Far
Algorand:359240597,M.N.G.O #2429,229658,C. Dájome
Algorand:358552560,M.N.G.O #243,232645,F. Cambeses
Algorand:359240719,M.N.G.O #2430,211033,L. García
Algorand:359241183,M.N.G.O #2431,231615,K. Gordon
Algorand:359241284,M.N.G.O #2432,224618,Lin Chuangyi
Algorand:359241419,M.N.G.O #2433,219260,F. Dornebusch
Algorand:359241547,M.N.G.O #2434,235073,G. Kobel
Algorand:359241684,M.N.G.O #2435,260364,M. Tashiro
Algorand:359241813,M.N.G.O #2436,263194,I. Gharbi
Algorand:359242497,M.N.G.O #2437,258328,Kewin
Algorand:359242612,M.N.G.O #2438,228761,Ó. Estupiñán
Algorand:359242713,M.N.G.O #2439,237548,O. Haddadi
Algorand:358552665,M.N.G.O #244,260462,K. Corbally
Algorand:359242832,M.N.G.O #2440,198177,B. Schenkeveld
Algorand:359242944,M.N.G.O #2441,170084,W. Hennessey
Algorand:359243056,M.N.G.O #2442,258800,W. Lalnunfela
Algorand:359243647,M.N.G.O #2443,239739,A. Ocejo
Algorand:359243807,M.N.G.O #2444,211098,B. Dack
Algorand:359243919,M.N.G.O #2445,225200,Kike Barja
Algorand:359244062,M.N.G.O #2446,247411,Altube
Algorand:359244169,M.N.G.O #2447,261604,C. Harris
Algorand:359244284,M.N.G.O #2448,257426,E. López
Algorand:359244774,M.N.G.O #2449,263744,D. Jacovic
Algorand:358552760,M.N.G.O #245,235244,R. Nicolaisen
Algorand:359244964,M.N.G.O #2450,222331,L. Klostermann
Algorand:359245063,M.N.G.O #2451,214302,C. Baeza
Algorand:359245176,M.N.G.O #2452,257293,S. Sithole
Algorand:359245282,M.N.G.O #2453,244828,R. Gutiérrez
Algorand:359245396,M.N.G.O #2454,186157,C. Eastmond
Algorand:359246048,M.N.G.O #2455,222352,A. Ajeti
Algorand:359246158,M.N.G.O #2456,228082,D. Burnić
Algorand:359246271,M.N.G.O #2457,203287,E. Harrison
Algorand:359246379,M.N.G.O #2458,261357,A. Al Radeef
Algorand:359246490,M.N.G.O #2459,223934,B. Yardımcı
Algorand:358552816,M.N.G.O #246,261910,G. Sithole
Algorand:359246612,M.N.G.O #2460,256557,A. Santander
Algorand:359246722,M.N.G.O #2461,247019,B. Kouyaté
Algorand:359247396,M.N.G.O #2462,192387,C. Immobile
Algorand:359247504,M.N.G.O #2463,223573,Munir
Algorand:359247615,M.N.G.O #2464,234645,N. McGinley
Algorand:359247727,M.N.G.O #2465,183855,A. Ogbonna
Algorand:359247865,M.N.G.O #2466,239997,Raul Asencio
Algorand:359247974,M.N.G.O #2467,236007,E. Barco
Algorand:359248401,M.N.G.O #2468,104389,R. Jarstein
Algorand:359248517,M.N.G.O #2469,261513,D. Mebude
Algorand:358552929,M.N.G.O #247,262858,M. Ugalde
Algorand:359248623,M.N.G.O #2470,235047,J. Menéndez
Algorand:359248728,M.N.G.O #2471,241998,Dong Honglin
Algorand:359248839,M.N.G.O #2472,186146,D. Welbeck
Algorand:359248944,M.N.G.O #2473,248245,T. Pedersen
Algorand:359249357,M.N.G.O #2474,232610,T. Asano
Algorand:359249469,M.N.G.O #2475,223756,M. Schulz
Algorand:359249599,M.N.G.O #2476,233175,Y. Kamiya
Algorand:359249702,M.N.G.O #2477,261666,C. Warfield
Algorand:359249823,M.N.G.O #2478,215181,G. Peruzzi
Algorand:359249957,M.N.G.O #2479,239523,M. Rossmann
Algorand:358552990,M.N.G.O #248,245553,J. Scott
Algorand:359250075,M.N.G.O #2480,262247,M. Posmyk
Algorand:359250371,M.N.G.O #2481,225995,P. Stojanović
Algorand:359250446,M.N.G.O #2482,251353,K. Laba
Algorand:359250566,M.N.G.O #2483,264318,A. Aguilar
Algorand:359250671,M.N.G.O #2484,220944,J. Wildsmith
Algorand:359250779,M.N.G.O #2485,226370,André Horta
Algorand:359250915,M.N.G.O #2486,225953,S. Bergwijn
Algorand:359251696,M.N.G.O #2487,263849,C. Negoescu
Algorand:359251846,M.N.G.O #2488,264350,F. Craske
Algorand:359252016,M.N.G.O #2489,251195,B. Sam
Algorand:358553134,M.N.G.O #249,262523,M. Cleworth
Algorand:359252155,M.N.G.O #2490,190140,A. White
Algorand:359252304,M.N.G.O #2491,236033,Dani Cárdenas
Algorand:359252439,M.N.G.O #2492,230459,Tiago Pombeira
Algorand:359252597,M.N.G.O #2493,260829,A. Abibi
Algorand:359253090,M.N.G.O #2494,253065,P. Gill
Algorand:359253214,M.N.G.O #2495,193408,H. Seferović
Algorand:359253339,M.N.G.O #2496,183177,L. Barrios
Algorand:359253448,M.N.G.O #2497,213581,M. Nervo
Algorand:359253542,M.N.G.O #2498,193152,Herrerín
Algorand:359253646,M.N.G.O #2499,231547,L. Mansell
Algorand:358527000,M.N.G.O #25,254784,A. Boutoutaou
Algorand:358553289,M.N.G.O #250,192064,Gao Late
Algorand:359253730,M.N.G.O #2500,237034,J. Hernández
Algorand:359254101,M.N.G.O #2501,246313,S. Spasov
Algorand:367226761,M.N.G.O #2502,243299,M. Nelson
Algorand:359254325,M.N.G.O #2503,260854,Y. Ogawa
Algorand:359254429,M.N.G.O #2504,170370,J. dos Santos
Algorand:359254542,M.N.G.O #2505,260208,L. Rodríguez
Algorand:359254876,M.N.G.O #2506,262707,L. Klußmann
Algorand:359255027,M.N.G.O #2507,201095,A. Marchesín
Algorand:359255134,M.N.G.O #2508,225799,D. Čanađija
Algorand:359255248,M.N.G.O #2509,232446,K. Kairinen
Algorand:358553377,M.N.G.O #251,222585,F. Fydriszewski
Algorand:359255360,M.N.G.O #2510,204529,M. Batshuayi
Algorand:359255458,M.N.G.O #2511,260311,J. Tineo
Algorand:359256037,M.N.G.O #2512,236405,Lasure
Algorand:359256145,M.N.G.O #2513,261985,Yang Haoyu
Algorand:359256266,M.N.G.O #2514,229658,C. Dájome
Algorand:359256384,M.N.G.O #2515,194333,R. Gikiewicz
Algorand:359256469,M.N.G.O #2516,262999,L. Becker
Algorand:359256603,M.N.G.O #2517,262168,A. Sanogo
Algorand:359257225,M.N.G.O #2518,236033,Dani Cárdenas
Algorand:359257334,M.N.G.O #2519,243630,J. David
Algorand:358553496,M.N.G.O #252,260316,T. Yamanoi
Algorand:359257446,M.N.G.O #2520,224065,D. Blanco
Algorand:359257549,M.N.G.O #2521,248268,A. Chhetri
Algorand:359257647,M.N.G.O #2522,260086,Alex Millán
Algorand:359262211,M.N.G.O #2523,192629,Iago Aspas
Algorand:359262322,M.N.G.O #2524,233885,E. Cömert
Algorand:359262430,M.N.G.O #2525,236033,Dani Cárdenas
Algorand:359262523,M.N.G.O #2526,240891,N. Sessa
Algorand:359262799,M.N.G.O #2527,242348,Loren
Algorand:359262899,M.N.G.O #2528,193152,Herrerín
Algorand:359263001,M.N.G.O #2529,243427,R. Edmondson
Algorand:358553603,M.N.G.O #253,255154,B. Milovanov
Algorand:359263095,M.N.G.O #2530,206662,M. Hedges
Algorand:359263195,M.N.G.O #2531,244073,Y. Bangsow
Algorand:359263539,M.N.G.O #2532,260381,A. Mortensen
Algorand:359263627,M.N.G.O #2533,260959,B. Ouattara
Algorand:359263740,M.N.G.O #2534,177003,L. Modrić
Algorand:359263848,M.N.G.O #2535,217648,G. Haraguchi
Algorand:359263973,M.N.G.O #2536,246180,A. Bates
Algorand:359264038,M.N.G.O #2537,211299,K. Roos
Algorand:359264143,M.N.G.O #2538,234322,Park Byung Hyun
Algorand:359264554,M.N.G.O #2539,263185,T. Butoiu
Algorand:358553697,M.N.G.O #254,211514,R. James
Algorand:359264704,M.N.G.O #2540,263030,E. McLaughlin
Algorand:359264808,M.N.G.O #2541,262004,M. Campagna
Algorand:359264893,M.N.G.O #2542,255837,N. Al Sharari
Algorand:359264999,M.N.G.O #2543,254119,J. Madelin
Algorand:359265098,M.N.G.O #2544,230241,Enzo Chissano
Algorand:359265195,M.N.G.O #2545,234205,H. Ito
Algorand:359265715,M.N.G.O #2546,209368,J. Powell
Algorand:359265860,M.N.G.O #2547,261916,Bai Xuesong
Algorand:359265966,M.N.G.O #2548,258839,T. Linsbichler
Algorand:359266065,M.N.G.O #2549,175943,D. Mertens
Algorand:358553803,M.N.G.O #255,256893,Kibe
Algorand:359266150,M.N.G.O #2550,262048,H. Ruivah
Algorand:359266284,M.N.G.O #2551,211434,Y. Takahashi
Algorand:359266404,M.N.G.O #2552,167669,F. Higuaín
Algorand:359266694,M.N.G.O #2553,222798,Jeong Woo Jae
Algorand:359266833,M.N.G.O #2554,263842,J. Khemdee
Algorand:359266974,M.N.G.O #2555,254906,R. Scott
Algorand:359267085,M.N.G.O #2556,261423,N. Deka
Algorand:359267213,M.N.G.O #2557,205068,Cristiano
Algorand:359267345,M.N.G.O #2558,255565,K. Mitoma
Algorand:359267813,M.N.G.O #2559,263508,M. Ortiz
Algorand:358553905,M.N.G.O #256,261951,Li Xiang
Algorand:359267927,M.N.G.O #2560,242656,I. Meslier
Algorand:359268038,M.N.G.O #2561,222634,I. Success
Algorand:359268148,M.N.G.O #2562,241327,Chen Wei
Algorand:359268243,M.N.G.O #2563,242179,Y. Fofana
Algorand:359268548,M.N.G.O #2564,229707,J. Lewis
Algorand:359268648,M.N.G.O #2565,211999,R. Khedira
Algorand:359268744,M.N.G.O #2566,230525,João Bruinheira
Algorand:359268853,M.N.G.O #2567,205897,N. Chalobah
Algorand:359268965,M.N.G.O #2568,226579,A. Zendejas
Algorand:359269063,M.N.G.O #2569,254952,I. Pitta
Algorand:358554029,M.N.G.O #257,244288,A. Idah
Algorand:359269135,M.N.G.O #2570,264362,Dinpuia
Algorand:359269422,M.N.G.O #2571,183377,J. Nation
Algorand:359269521,M.N.G.O #2572,260390,R. Zouhir
Algorand:359269616,M.N.G.O #2573,242160,M. Lode
Algorand:359269705,M.N.G.O #2574,194947,J. Vuković
Algorand:359269805,M.N.G.O #2575,216750,P. Carlgren
Algorand:359269903,M.N.G.O #2576,195586,A. Finnbogason
Algorand:359270303,M.N.G.O #2577,262103,D. MacKay
Algorand:359270379,M.N.G.O #2578,216701,H. Menosse
Algorand:359270464,M.N.G.O #2579,258793,F. Hoti
Algorand:358554119,M.N.G.O #258,255789,S. Stehle
Algorand:359270563,M.N.G.O #2580,263699,J. Sveinhaug
Algorand:359270661,M.N.G.O #2581,183714,S. Terodde
Algorand:359270762,M.N.G.O #2582,189242,Coutinho
Algorand:359271107,M.N.G.O #2583,236452,D. Lalhlimpuia
Algorand:359271209,M.N.G.O #2584,263646,Bastida
Algorand:359271318,M.N.G.O #2585,189060,A. Dragović
Algorand:359271404,M.N.G.O #2586,210035,Grimaldo
Algorand:359271516,M.N.G.O #2587,260004,C. Talbot
Algorand:359271608,M.N.G.O #2588,225361,L. McGee
Algorand:359271999,M.N.G.O #2589,260780,S. Denham
Algorand:358554213,M.N.G.O #259,198611,N. Đurđić
Algorand:359272132,M.N.G.O #2590,188727,B. Poulain
Algorand:359272247,M.N.G.O #2591,257930,P. Kyum
Algorand:359272364,M.N.G.O #2592,210241,D. Buballa
Algorand:359272446,M.N.G.O #2593,262449,W. Baeten
Algorand:359272967,M.N.G.O #2594,243725,D. Collins
Algorand:359273086,M.N.G.O #2595,262445,C. Bălan
Algorand:359273182,M.N.G.O #2596,169584,G. Coulibaly
Algorand:359273292,M.N.G.O #2597,213272,L. Cháves
Algorand:359273412,M.N.G.O #2598,102881,K. Stamatopoulos
Algorand:359273528,M.N.G.O #2599,258136,L. Khoury
Algorand:358527113,M.N.G.O #26,237715,P. Cutrone
Algorand:358554322,M.N.G.O #260,202910,D. Mitov Nilsson
Algorand:359273610,M.N.G.O #2600,135190,M. Liendl
Algorand:359274015,M.N.G.O #2601,220172,S. Janko
Algorand:359274127,M.N.G.O #2602,194925,L. Moult
Algorand:359274273,M.N.G.O #2603,242916,Y. Sugawara
Algorand:359274446,M.N.G.O #2604,223925,A. Brunst
Algorand:359274573,M.N.G.O #2605,251916,P. Yade
Algorand:359274696,M.N.G.O #2606,228762,G. Troupée
Algorand:359275065,M.N.G.O #2607,194730,Juan Carlos
Algorand:359275173,M.N.G.O #2608,229123,R. Broom
Algorand:359275262,M.N.G.O #2609,192123,C. Wood
Algorand:358554428,M.N.G.O #261,255903,C. Garcia
Algorand:359275366,M.N.G.O #2610,264568,G. Cowmeadow
Algorand:359275462,M.N.G.O #2611,213280,C. Pain
Algorand:359275561,M.N.G.O #2612,263258,A. Trubeha
Algorand:359276966,M.N.G.O #2613,201304,B. Kadrii
Algorand:359277079,M.N.G.O #2614,230982,M. Roman
Algorand:359277189,M.N.G.O #2615,188044,A Lan
Algorand:359277263,M.N.G.O #2616,261294,C. Raatsie
Algorand:359277398,M.N.G.O #2617,189607,M. Schäffler
Algorand:359277481,M.N.G.O #2618,262742,Ramón Juan
Algorand:359277574,M.N.G.O #2619,217217,D. Cerén
Algorand:358554511,M.N.G.O #262,229319,J. Cádiz
Algorand:359277979,M.N.G.O #2620,188657,D. Rudd
Algorand:359278136,M.N.G.O #2621,220807,M. O'Leary
Algorand:359278241,M.N.G.O #2622,256691,D. Bansais
Algorand:359278325,M.N.G.O #2623,236760,Kike Pérez
Algorand:359278444,M.N.G.O #2624,263596,Josema
Algorand:359278883,M.N.G.O #2625,243792,Iñigo Vicente
Algorand:359279057,M.N.G.O #2626,205407,D. Baselli
Algorand:359279141,M.N.G.O #2627,264401,B. Meïté
Algorand:359279265,M.N.G.O #2628,193408,H. Seferović
Algorand:359279730,M.N.G.O #2629,231436,G. Diangana
Algorand:358554605,M.N.G.O #263,208679,R. Himmelmann
Algorand:359280027,M.N.G.O #2630,219988,F. Avenatti
Algorand:359280597,M.N.G.O #2631,253602,A. Fuentes
Algorand:359280723,M.N.G.O #2632,197225,N. Lodeiro
Algorand:359280829,M.N.G.O #2633,208375,M. Müller
Algorand:359280936,M.N.G.O #2634,193247,H. Lindner
Algorand:359281048,M.N.G.O #2635,229891,J. Ryerson
Algorand:359281784,M.N.G.O #2636,256879,G. Leijon
Algorand:359281919,M.N.G.O #2637,182160,E. Knudtzon
Algorand:359282058,M.N.G.O #2638,201965,S. Thern
Algorand:359282208,M.N.G.O #2639,240866,R. Hannam
Algorand:358554716,M.N.G.O #264,244809,M. Dewhurst
Algorand:359282314,M.N.G.O #2640,171975,G. Bergessio
Algorand:359282410,M.N.G.O #2641,197031,M. Ducksch
Algorand:359282914,M.N.G.O #2642,246841,N. Forastiero
Algorand:359283160,M.N.G.O #2643,230498,Luimo Boas Santos
Algorand:359283276,M.N.G.O #2644,226379,M. Díaz
Algorand:359283414,M.N.G.O #2645,259622,H. Landivar
Algorand:359283533,M.N.G.O #2646,256553,Á. Garrido
Algorand:359283647,M.N.G.O #2647,176009,S. Kums
Algorand:359284044,M.N.G.O #2648,242359,Jorge Fernandes
Algorand:359284149,M.N.G.O #2649,247479,L. Unbehaun
Algorand:358554826,M.N.G.O #265,195363,J. Bruma
Algorand:359284261,M.N.G.O #2650,233941,L. Cullen
Algorand:359284338,M.N.G.O #2651,181820,S. Jovetić
Algorand:359284421,M.N.G.O #2652,259845,M. Santilli
Algorand:359284540,M.N.G.O #2653,192125,T. Björkström
Algorand:359284988,M.N.G.O #2654,258464,L. Lochoshvili
Algorand:359285078,M.N.G.O #2655,242490,S. Gómez
Algorand:359285205,M.N.G.O #2656,204979,I. Touray
Algorand:359285320,M.N.G.O #2657,214193,D. Mosquera
Algorand:359285417,M.N.G.O #2658,190962,T. Aldred
Algorand:359285498,M.N.G.O #2659,251810,B. Brobbey
Algorand:358554940,M.N.G.O #266,216302,E. García
Algorand:359285568,M.N.G.O #2660,220544,J. Arrascaita
Algorand:359285881,M.N.G.O #2661,247176,L. McNicholas
Algorand:359286022,M.N.G.O #2662,233314,R. Canouse
Algorand:359286106,M.N.G.O #2663,202676,A. Taggart
Algorand:359286214,M.N.G.O #2664,L0002,Pelé
Algorand:359286320,M.N.G.O #2665,225406,J. Talbot
Algorand:359286421,M.N.G.O #2666,243559,De Frutos
Algorand:359286792,M.N.G.O #2667,239708,M. Raguž
Algorand:359286968,M.N.G.O #2668,228644,R. Strieder
Algorand:359287072,M.N.G.O #2669,248174,N. Boujellab
Algorand:358555184,M.N.G.O #267,213573,M. Gersbeck
Algorand:359287190,M.N.G.O #2670,261951,Li Xiang
Algorand:359287315,M.N.G.O #2671,254136,E. Just
Algorand:359287449,M.N.G.O #2672,230621,G. Donnarumma
Algorand:359287776,M.N.G.O #2673,219953,Embarba
Algorand:359287900,M.N.G.O #2674,199189,R. Barkley
Algorand:359288016,M.N.G.O #2675,231863,Y. Dhanda
Algorand:359288161,M.N.G.O #2676,201958,E. Ebanks-Landell
Algorand:359288290,M.N.G.O #2677,259745,H. Singh
Algorand:359288377,M.N.G.O #2678,203189,V. Ljung
Algorand:359288796,M.N.G.O #2679,233977,Eduardo Fonseira
Algorand:358555345,M.N.G.O #268,245625,Y. Fukuda
Algorand:359288909,M.N.G.O #2680,232446,K. Kairinen
Algorand:359288996,M.N.G.O #2681,262170,F. Draper
Algorand:359289058,M.N.G.O #2682,206467,A. Plea
Algorand:359289135,M.N.G.O #2683,263459,M. Camara
Algorand:359289216,M.N.G.O #2684,258839,T. Linsbichler
Algorand:359289673,M.N.G.O #2685,263834,Z. Silini
Algorand:359289810,M.N.G.O #2686,252484,R. Deaconu
Algorand:359289929,M.N.G.O #2687,234573,Aurélio Buta
Algorand:359290052,M.N.G.O #2688,242601,M. Najjar
Algorand:359290166,M.N.G.O #2689,234832,K. Pedersen
Algorand:358555463,M.N.G.O #269,110606,A. Mannus
Algorand:359290302,M.N.G.O #2690,259730,M. Singh
Algorand:359290797,M.N.G.O #2691,261916,Bai Xuesong
Algorand:359290912,M.N.G.O #2692,253035,A. Dohling
Algorand:359291006,M.N.G.O #2693,190276,S. Sunzu
Algorand:359291095,M.N.G.O #2694,258972,I. Touré
Algorand:359291196,M.N.G.O #2695,138703,A. D'Alessandro
Algorand:359291270,M.N.G.O #2696,187915,E. Kujović
Algorand:359291361,M.N.G.O #2697,222844,Walace
Algorand:359291649,M.N.G.O #2698,232623,Y. Ideguchi
Algorand:359291784,M.N.G.O #2699,261246,M. Bozinovski
Algorand:358527229,M.N.G.O #27,139668,F. Marchetti
Algorand:358555579,M.N.G.O #270,138412,J. Milner
Algorand:359291872,M.N.G.O #2700,239922,Rui Costa
Algorand:359291979,M.N.G.O #2701,239428,A. Kräuchi
Algorand:359292057,M.N.G.O #2702,261448,S. Lee
Algorand:359292539,M.N.G.O #2703,200718,J. Hammar
Algorand:359292670,M.N.G.O #2704,255253,Vitinha
Algorand:359292764,M.N.G.O #2705,234819,Guilherme
Algorand:359292845,M.N.G.O #2706,233410,Kweon Han Jin
Algorand:372314947,M.N.G.O #2707,243576,Pedro Porro
Algorand:359293024,M.N.G.O #2708,254565,J. Indacoechea
Algorand:359293105,M.N.G.O #2709,246604,C. Kelman
Algorand:358555692,M.N.G.O #271,243756,Fran Gámez
Algorand:359293445,M.N.G.O #2710,177782,H. Özmert
Algorand:359293542,M.N.G.O #2711,231355,Ayrton
Algorand:359293643,M.N.G.O #2712,260048,N. Contreras
Algorand:359293739,M.N.G.O #2713,228456,Juan Pérez
Algorand:359293860,M.N.G.O #2714,203574,J. Stones
Algorand:359293938,M.N.G.O #2715,240332,Brenner
Algorand:359294328,M.N.G.O #2716,264500,R. Idowu
Algorand:359294426,M.N.G.O #2717,260191,M. Niang
Algorand:359294513,M.N.G.O #2718,263560,A. Porter
Algorand:359294646,M.N.G.O #2719,224763,K. Bielik
Algorand:358555825,M.N.G.O #272,200458,L. Digne
Algorand:359294734,M.N.G.O #2720,226414,M. Coco
Algorand:359294846,M.N.G.O #2721,198252,C. Clay
Algorand:359295189,M.N.G.O #2722,233999,Jairo Farnias
Algorand:359295326,M.N.G.O #2723,207472,G. Sakai
Algorand:359295436,M.N.G.O #2724,244233,L. Pfeiffer
Algorand:359295565,M.N.G.O #2725,205295,H. Soudani
Algorand:359295672,M.N.G.O #2726,232363,M. Škriniar
Algorand:359296123,M.N.G.O #2727,204549,D. Roef
Algorand:359296243,M.N.G.O #2728,256043,M. Bækken
Algorand:359296378,M.N.G.O #2729,248324,P. Kumar
Algorand:358555921,M.N.G.O #273,256049,Carrasco
Algorand:359296500,M.N.G.O #2730,255049,A. Odoh
Algorand:359296642,M.N.G.O #2731,239357,C. Gebauer
Algorand:359296781,M.N.G.O #2732,263510,P. Prange
Algorand:359296903,M.N.G.O #2733,261990,L. Rodríguez
Algorand:359297433,M.N.G.O #2734,235237,R. Jendrusch
Algorand:359297572,M.N.G.O #2735,200630,J. Forrest
Algorand:359297710,M.N.G.O #2736,261666,C. Warfield
Algorand:359297819,M.N.G.O #2737,182224,Wang Dalei
Algorand:359297954,M.N.G.O #2738,259291,C. Torres
Algorand:359298035,M.N.G.O #2739,257284,K. Hayde
Algorand:358556025,M.N.G.O #274,223689,W. Weghorst
Algorand:359298454,M.N.G.O #2740,257288,M. Okoye
Algorand:359298583,M.N.G.O #2741,263961,D. Khudyakov
Algorand:359299671,M.N.G.O #2742,226507,J. Yates
Algorand:359299824,M.N.G.O #2743,243459,T. Barlow
Algorand:359299927,M.N.G.O #2744,256935,E. Dobbelaere
Algorand:359300235,M.N.G.O #2745,252001,J. Panzo
Algorand:359300387,M.N.G.O #2746,215330,J. Correa
Algorand:359300490,M.N.G.O #2747,261143,M. Bulat
Algorand:359300595,M.N.G.O #2748,263093,S. Skrbo
Algorand:359300719,M.N.G.O #2749,262101,R. Tanada
Algorand:358556138,M.N.G.O #275,236668,G. Rojas
Algorand:359300828,M.N.G.O #2750,223033,Jorge Meré
Algorand:359301537,M.N.G.O #2751,259598,D. Verón
Algorand:359301625,M.N.G.O #2752,197083,D. Caligiuri
Algorand:392748865,M.N.G.O #2753,228928,S. Lavelle
Algorand:359301848,M.N.G.O #2754,234087,C. Styles
Algorand:359301942,M.N.G.O #2755,242433,C. Akono
Algorand:359302029,M.N.G.O #2756,203725,V. Misidjan
Algorand:359302539,M.N.G.O #2757,256461,S. Hammershaug
Algorand:359302624,M.N.G.O #2758,245233,M. Steinwender
Algorand:359302700,M.N.G.O #2759,262615,F. Yılmaz
Algorand:358556193,M.N.G.O #276,259043,M. Samoise
Algorand:359302775,M.N.G.O #2760,189117,R. Bürki
Algorand:359302844,M.N.G.O #2761,262962,A. Ementa
Algorand:359302934,M.N.G.O #2762,214777,L. Díaz
Algorand:359303353,M.N.G.O #2763,194319,D. Ward
Algorand:359303464,M.N.G.O #2764,264255,J. Sraha
Algorand:359304396,M.N.G.O #2765,256865,T. Onyeka
Algorand:359304516,M.N.G.O #2766,225845,N. Araya
Algorand:359304635,M.N.G.O #2767,148365,A. Cristea
Algorand:359304726,M.N.G.O #2768,250822,B. Fadiga
Algorand:359304832,M.N.G.O #2769,191669,Jeong Hyuk
Algorand:358556301,M.N.G.O #277,231601,Dalmau
Algorand:359305247,M.N.G.O #2770,206652,Sergio Rico
Algorand:359305359,M.N.G.O #2771,264071,G. Kirejczyk
Algorand:359305454,M.N.G.O #2772,243971,T. Knost
Algorand:359305527,M.N.G.O #2773,253774,E. García
Algorand:359305596,M.N.G.O #2774,205069,Juan Bernat
Algorand:359305679,M.N.G.O #2775,240535,E. Chapman
Algorand:359305986,M.N.G.O #2776,255141,S. Nilsen
Algorand:359306064,M.N.G.O #2777,237713,R. César
Algorand:359306153,M.N.G.O #2778,263772,A. Garza
Algorand:359306251,M.N.G.O #2779,231138,C. Bassogog
Algorand:358556438,M.N.G.O #278,236415,R. Alfani
Algorand:359306318,M.N.G.O #2780,228517,A. Rinomhota
Algorand:359306413,M.N.G.O #2781,212287,A. Maxsø
Algorand:359306753,M.N.G.O #2782,165153,K. Benzema
Algorand:359306851,M.N.G.O #2783,235389,C. Rodríguez
Algorand:359306961,M.N.G.O #2784,207427,M. Lampson
Algorand:359307040,M.N.G.O #2785,230383,Pombaxinho
Algorand:359307145,M.N.G.O #2786,237440,H. Delcroix
Algorand:359307238,M.N.G.O #2787,260450,J. Plata
Algorand:359307645,M.N.G.O #2788,260614,Morilla
Algorand:359307798,M.N.G.O #2789,251800,U. Akyol
Algorand:358556612,M.N.G.O #279,236393,Marc Cardona
Algorand:359307876,M.N.G.O #2790,200641,Y. Konoplyanka
Algorand:359307991,M.N.G.O #2791,247622,Bernardo Rosa
Algorand:359308091,M.N.G.O #2792,260941,M. Kosidis
Algorand:359308199,M.N.G.O #2793,228941,André Silva
Algorand:359308672,M.N.G.O #2794,184134,Fernando
Algorand:359308823,M.N.G.O #2795,203424,E. Whitehouse
Algorand:359308899,M.N.G.O #2796,253726,A. Ranawade
Algorand:359308983,M.N.G.O #2797,215886,D. Kreilach
Algorand:359309106,M.N.G.O #2798,226012,R. Manning
Algorand:359309234,M.N.G.O #2799,238194,N. Bustos
Algorand:358527324,M.N.G.O #28,262178,C. Dehmie
Algorand:358556724,M.N.G.O #280,225317,K. Nisbet
Algorand:359309309,M.N.G.O #2800,259895,E. Skistad
Algorand:359310025,M.N.G.O #2801,206562,L. Thompson
Algorand:359310173,M.N.G.O #2802,242334,J. Lindsey
Algorand:359310290,M.N.G.O #2803,153244,A. Gignac
Algorand:359310360,M.N.G.O #2804,213090,T. Al Absi
Algorand:359310452,M.N.G.O #2805,142258,S. Bossut
Algorand:359310561,M.N.G.O #2806,257439,R. Ofori
Algorand:359310646,M.N.G.O #2807,264282,K. Danielewicz
Algorand:359311449,M.N.G.O #2808,203843,D. Suárez
Algorand:359311595,M.N.G.O #2809,259133,K. Leth
Algorand:358556830,M.N.G.O #281,251914,Simón Moreno
Algorand:359311714,M.N.G.O #2810,186881,J. Holland
Algorand:359311820,M.N.G.O #2811,251423,G. Shelvey
Algorand:359311897,M.N.G.O #2812,206534,P. Bamford
Algorand:359312449,M.N.G.O #2813,237704,João Virgínia
Algorand:359312543,M.N.G.O #2814,153244,A. Gignac
Algorand:359312662,M.N.G.O #2815,230213,Kaíqundo Calado
Algorand:359312746,M.N.G.O #2816,194996,Borja Bastón
Algorand:359312834,M.N.G.O #2817,198950,Pablo Sarabia
Algorand:359313237,M.N.G.O #2818,191909,Kim Hyun Sung
Algorand:359313339,M.N.G.O #2819,236989,S. Richey
Algorand:358556921,M.N.G.O #282,222528,L. Gooch
Algorand:359313393,M.N.G.O #2820,255212,G. Caschili
Algorand:359313505,M.N.G.O #2821,204246,M. Bettinelli
Algorand:359313576,M.N.G.O #2822,224179,Borja Iglesias
Algorand:359319153,M.N.G.O #2823,198039,M. Gillespie
Algorand:359319270,M.N.G.O #2824,220475,A. Grassi
Algorand:359319338,M.N.G.O #2825,255907,F. Dangubić
Algorand:359319428,M.N.G.O #2826,226215,Sabin Merino
Algorand:359320051,M.N.G.O #2827,225956,B. Akintola
Algorand:359320165,M.N.G.O #2828,258411,A. Kumar
Algorand:359320244,M.N.G.O #2829,226285,R. Gudiño
Algorand:358557012,M.N.G.O #283,260971,R. Piñeiro
Algorand:359320337,M.N.G.O #2830,241920,R. Warland
Algorand:359320464,M.N.G.O #2831,241410,E. Salcedo
Algorand:359321502,M.N.G.O #2832,239358,S. Dieng
Algorand:359321941,M.N.G.O #2833,261330,R. Arias
Algorand:359322005,M.N.G.O #2834,254229,R. Caicedo
Algorand:359322413,M.N.G.O #2835,259163,M. Hilgers
Algorand:359322530,M.N.G.O #2836,205175,A. Milik
Algorand:359322667,M.N.G.O #2837,214485,J. Rodríguez
Algorand:359322755,M.N.G.O #2838,171579,Raúl García
Algorand:359322830,M.N.G.O #2839,211870,D. Nazarov
Algorand:358557111,M.N.G.O #284,255918,Lee Ji Yong
Algorand:359323151,M.N.G.O #2840,258682,L. Twamley
Algorand:359323259,M.N.G.O #2841,258879,M. Pußwald
Algorand:359323343,M.N.G.O #2842,236568,B. Austin
Algorand:359323419,M.N.G.O #2843,239666,T. Müsel
Algorand:359323514,M.N.G.O #2844,241200,D. Stynes
Algorand:359323621,M.N.G.O #2845,230164,Luciano Cacheira
Algorand:359324249,M.N.G.O #2846,220477,M. Caldara
Algorand:359324376,M.N.G.O #2847,230521,Rafanilton Vilela
Algorand:359324475,M.N.G.O #2848,241053,Gabriel Barbosa
Algorand:359324615,M.N.G.O #2849,164835,Ł. Fabiański
Algorand:358557199,M.N.G.O #285,210406,P. Zieliński
Algorand:359324748,M.N.G.O #2850,183567,E. Mulder
Algorand:359324883,M.N.G.O #2851,242019,A. Lotti
Algorand:359325474,M.N.G.O #2852,262739,T. Bornemann
Algorand:359325646,M.N.G.O #2853,259783,S. Rojas
Algorand:359325767,M.N.G.O #2854,211857,Alex Muñoz
Algorand:359325901,M.N.G.O #2855,255157,Y. Oda
Algorand:359326029,M.N.G.O #2856,235999,L. García
Algorand:359326441,M.N.G.O #2857,210413,A. Romagnoli
Algorand:359326552,M.N.G.O #2858,233977,Eduardo Fonseira
Algorand:359326650,M.N.G.O #2859,188545,R. Lewandowski
Algorand:358557313,M.N.G.O #286,262157,M. Mignon
Algorand:359326765,M.N.G.O #2860,263139,D. Greif
Algorand:359326859,M.N.G.O #2861,250957,M. Wagner
Algorand:359326959,M.N.G.O #2862,203872,G. Hauche
Algorand:359327318,M.N.G.O #2863,243538,K. Letica
Algorand:359327465,M.N.G.O #2864,244787,M. Havel
Algorand:359327562,M.N.G.O #2865,263548,V. Míka
Algorand:359327689,M.N.G.O #2866,262325,R. Byrne
Algorand:359327759,M.N.G.O #2867,245417,J. Manley
Algorand:359327829,M.N.G.O #2868,259465,I. Jensen
Algorand:359328137,M.N.G.O #2869,255918,Lee Ji Yong
Algorand:358557452,M.N.G.O #287,262488,Iker Unzueta
Algorand:359328220,M.N.G.O #2870,244960,Bruno Costa
Algorand:359328299,M.N.G.O #2871,255419,J. Mumbongo
Algorand:359328393,M.N.G.O #2872,156253,J. Lewis
Algorand:359328465,M.N.G.O #2873,227232,F. Sotoca
Algorand:359328575,M.N.G.O #2874,257868,S. Naveda
Algorand:359329013,M.N.G.O #2875,260847,T. Hayakawa
Algorand:359329125,M.N.G.O #2876,260912,O. Cisneros
Algorand:359329247,M.N.G.O #2877,263779,A. Żerkowski
Algorand:359329360,M.N.G.O #2878,219814,S. Klaiber
Algorand:359329454,M.N.G.O #2879,248376,Tao Qianglong
Algorand:358557552,M.N.G.O #288,242748,A. Herzog
Algorand:359329840,M.N.G.O #2880,261448,S. Lee
Algorand:359329941,M.N.G.O #2881,232343,J. Galeano
Algorand:359330024,M.N.G.O #2882,194781,Renan Ribeiro
Algorand:359330133,M.N.G.O #2883,259134,M. Enggård
Algorand:359330241,M.N.G.O #2884,236533,R. Glatzel
Algorand:359330327,M.N.G.O #2885,258820,F. Ristanic
Algorand:359330780,M.N.G.O #2886,188152,Oscar
Algorand:359330876,M.N.G.O #2887,264515,M. Divkovic
Algorand:359331001,M.N.G.O #2888,204153,Y. Stark
Algorand:359331100,M.N.G.O #2889,191625,Kléber
Algorand:358557676,M.N.G.O #289,225539,D. Solanke
Algorand:359331235,M.N.G.O #2890,196885,C. Lampe
Algorand:359331363,M.N.G.O #2891,256370,G. Ludwigson
Algorand:359331461,M.N.G.O #2892,208507,Dani Barrio
Algorand:359331968,M.N.G.O #2893,244700,Y. Dyupin
Algorand:359332112,M.N.G.O #2894,247476,H. Dotson
Algorand:359332194,M.N.G.O #2895,184077,R. Vikstøl
Algorand:359332327,M.N.G.O #2896,201936,Kim Jin Hyeon
Algorand:359332443,M.N.G.O #2897,208482,R. Gaikwad
Algorand:359332594,M.N.G.O #2898,254692,E. Colley
Algorand:359333277,M.N.G.O #2899,192318,M. Götze
Algorand:358527444,M.N.G.O #29,252715,R. Sila
Algorand:358557750,M.N.G.O #290,263548,V. Míka
Algorand:359333392,M.N.G.O #2900,258606,L. Hoole
Algorand:359333519,M.N.G.O #2901,254659,M. Zerkane
Algorand:359333621,M.N.G.O #2902,233483,T. Tissoudali
Algorand:359333745,M.N.G.O #2903,264413,M. Al Hurayji
Algorand:359333847,M.N.G.O #2904,204493,R. Holzhauser
Algorand:359333952,M.N.G.O #2905,252756,B. Barr
Algorand:359334251,M.N.G.O #2906,241102,M. Lercher
Algorand:359334381,M.N.G.O #2907,198153,J. Taylor
Algorand:359334468,M.N.G.O #2908,230333,Jonas Damasto
Algorand:359334518,M.N.G.O #2909,251089,M. Domański
Algorand:358557858,M.N.G.O #291,206626,M. Ishak
Algorand:359334605,M.N.G.O #2910,231237,P. Jensen
Algorand:359334901,M.N.G.O #2911,230501,Gérson Noalha
Algorand:359335026,M.N.G.O #2912,242725,K. Thorstvedt
Algorand:359336627,M.N.G.O #2913,253543,L. Guerra
Algorand:359336761,M.N.G.O #2914,223206,C. Ortiz
Algorand:359337101,M.N.G.O #2915,223334,Joelinton
Algorand:359337215,M.N.G.O #2916,202491,T. Carroll
Algorand:359337292,M.N.G.O #2917,246608,Fidalgo
Algorand:359337371,M.N.G.O #2918,189225,B. Fornaroli
Algorand:359337448,M.N.G.O #2919,191565,Y. Ōsako
Algorand:358557936,M.N.G.O #292,212933,L. Depoitre
Algorand:359337547,M.N.G.O #2920,229816,F. Schubert
Algorand:359337898,M.N.G.O #2921,230497,Roni Gameira
Algorand:359337976,M.N.G.O #2922,264130,Manu Martos
Algorand:359338077,M.N.G.O #2923,153060,J. Insaurralde
Algorand:359338188,M.N.G.O #2924,258262,M. Tolić
Algorand:359339370,M.N.G.O #2925,190875,J. Kucka
Algorand:359339501,M.N.G.O #2926,259858,J. Bolívar
Algorand:359340006,M.N.G.O #2927,184301,J. Emmanuel-Thomas
Algorand:359340098,M.N.G.O #2928,215938,M. Dal Hende
Algorand:359340203,M.N.G.O #2929,240531,M. Al Baqawi
Algorand:358558039,M.N.G.O #293,252733,N. Bergmark
Algorand:359340312,M.N.G.O #2930,232885,T. Sugimoto
Algorand:359340425,M.N.G.O #2931,203424,E. Whitehouse
Algorand:359340534,M.N.G.O #2932,247181,G. Plata
Algorand:359340652,M.N.G.O #2933,187208,A. Saldívar
Algorand:367226158,M.N.G.O #2934,252929,Borja Sainz
Algorand:359341150,M.N.G.O #2935,243107,Cui Lin
Algorand:359341228,M.N.G.O #2936,247121,L. Barraza
Algorand:359341320,M.N.G.O #2937,259341,I. Violante
Algorand:359341414,M.N.G.O #2938,213418,C. Akpom
Algorand:359341491,M.N.G.O #2939,262260,Mini
Algorand:358558164,M.N.G.O #294,259282,C. Kiernan
Algorand:359341971,M.N.G.O #2940,259987,M. Ellborg
Algorand:359342095,M.N.G.O #2941,216939,A. Blake
Algorand:359342187,M.N.G.O #2942,228616,D. Bertaud
Algorand:359342323,M.N.G.O #2943,220477,M. Caldara
Algorand:359342421,M.N.G.O #2944,221620,M. Hairston
Algorand:359342520,M.N.G.O #2945,260301,M. Musolitin
Algorand:359343000,M.N.G.O #2946,212057,J. Tuite
Algorand:359343136,M.N.G.O #2947,201346,L. Boyce
Algorand:359343215,M.N.G.O #2948,243364,D. Watari
Algorand:359343308,M.N.G.O #2949,259469,J. Ægidius
Algorand:358558265,M.N.G.O #295,239053,F. Valverde
Algorand:359343411,M.N.G.O #2950,230918,T. Chalobah
Algorand:359343484,M.N.G.O #2951,244952,V. Loroña
Algorand:359343878,M.N.G.O #2952,194198,J. Delle
Algorand:359343962,M.N.G.O #2953,256630,F. Wirtz
Algorand:359344074,M.N.G.O #2954,201403,Álvaro Vázquez
Algorand:359344203,M.N.G.O #2955,186148,R. Zieler
Algorand:359344304,M.N.G.O #2956,253972,T. Omotoye
Algorand:359344711,M.N.G.O #2957,262420,R. Popa
Algorand:359344834,M.N.G.O #2958,241599,B. Crellin
Algorand:359344960,M.N.G.O #2959,253004,Ansu Fati
Algorand:358558351,M.N.G.O #296,257534,C. Palmer
Algorand:359345055,M.N.G.O #2960,255942,M. Tamás
Algorand:359345165,M.N.G.O #2961,201966,A. Søderlund
Algorand:359345250,M.N.G.O #2962,216518,H. Bonmann
Algorand:359345632,M.N.G.O #2963,204846,J. Blackman
Algorand:359345820,M.N.G.O #2964,251592,T. Taylor
Algorand:359345944,M.N.G.O #2965,230470,Pedrildo Rocha
Algorand:359346074,M.N.G.O #2966,190769,E. Lamanna
Algorand:359346198,M.N.G.O #2967,228861,S. Iljutcenko
Algorand:359346346,M.N.G.O #2968,263683,D. Farooq
Algorand:359346786,M.N.G.O #2969,186158,K. Bartley
Algorand:358558458,M.N.G.O #297,230505,Fachendinho
Algorand:359346954,M.N.G.O #2970,214562,L. Castro
Algorand:359347089,M.N.G.O #2971,226496,N. Miracco
Algorand:359347230,M.N.G.O #2972,231887,Y. Yazıcı
Algorand:359347356,M.N.G.O #2973,167948,H. Lloris
Algorand:359347730,M.N.G.O #2974,233084,N. Molina
Algorand:359347827,M.N.G.O #2975,257689,Wang Huapeng
Algorand:359347904,M.N.G.O #2976,245539,B. Waine
Algorand:359347988,M.N.G.O #2977,244178,T. Kretzschmar
Algorand:359348095,M.N.G.O #2978,226851,B. Pavard
Algorand:359348187,M.N.G.O #2979,199700,Aridai
Algorand:358558567,M.N.G.O #298,214692,C. Cueva
Algorand:359348562,M.N.G.O #2980,261939,Chen Zhengfeng
Algorand:359348681,M.N.G.O #2981,245503,S. Janneh
Algorand:359348794,M.N.G.O #2982,259695,H. Espínola
Algorand:359348930,M.N.G.O #2983,263150,J. Meyer
Algorand:359349014,M.N.G.O #2984,252612,Park Jae Woo
Algorand:359349327,M.N.G.O #2985,204526,Hervías
Algorand:359349429,M.N.G.O #2986,177683,Y. Sommer
Algorand:359349527,M.N.G.O #2987,201519,J. Veretout
Algorand:359349616,M.N.G.O #2988,253395,A. Moescu
Algorand:359349720,M.N.G.O #2989,214641,S. Tanser
Algorand:358558667,M.N.G.O #299,216478,J. Mitchell
Algorand:359349813,M.N.G.O #2990,212466,C. Cisneros
Algorand:359350146,M.N.G.O #2991,221422,S. Ingason
Algorand:359350267,M.N.G.O #2992,255260,N. Machado
Algorand:359350372,M.N.G.O #2993,251585,J. Mary
Algorand:359350454,M.N.G.O #2994,152729,Piqué
Algorand:359350554,M.N.G.O #2995,228684,R. Nyambe
Algorand:359350668,M.N.G.O #2996,242934,B. Petersen
Algorand:365008450,M.N.G.O #2997,210406,P. Zieliński
Algorand:365008736,M.N.G.O #2998,224075,André Simões
Algorand:358524606,M.N.G.O #3,258548,Julen
Algorand:358527545,M.N.G.O #30,234816,N. Gorosito
Algorand:358558841,M.N.G.O #300,204542,Y. Yotún
Algorand:367160306,M.N.G.O #3000,206585,Kepa
Algorand:358559028,M.N.G.O #301,205659,A. Cragno
Algorand:358559147,M.N.G.O #302,208722,S. Mané
Algorand:358559254,M.N.G.O #303,192427,Júnior Caiçara
Algorand:358559369,M.N.G.O #304,243311,Josep Martínez
Algorand:358559482,M.N.G.O #305,263230,M. Osmajić
Algorand:358559591,M.N.G.O #306,260538,C. Cook
Algorand:358559700,M.N.G.O #307,186881,J. Holland
Algorand:358559816,M.N.G.O #308,146758,Soldado
Algorand:358559942,M.N.G.O #309,240580,B. Folami
Algorand:358527678,M.N.G.O #31,212057,J. Tuite
Algorand:358560042,M.N.G.O #310,248272,E. Lalrindika
Algorand:358560152,M.N.G.O #311,190139,Adaílton
Algorand:358560219,M.N.G.O #312,222195,Zhao Xuebin
Algorand:358560308,M.N.G.O #313,184134,Fernando
Algorand:358560431,M.N.G.O #314,227084,R. Rainey
Algorand:358560569,M.N.G.O #315,245148,M. Comba
Algorand:358560700,M.N.G.O #316,241856,Manu Morlanes
Algorand:358560871,M.N.G.O #317,242527,S. Ambrosius
Algorand:358561015,M.N.G.O #318,221964,Wu Yake
Algorand:358561130,M.N.G.O #319,188094,J. McLaughlin
Algorand:358527816,M.N.G.O #32,248290,S. Sarangi
Algorand:358561236,M.N.G.O #320,264259,K. Torstensson
Algorand:358561343,M.N.G.O #321,257027,Jesús Ruiz
Algorand:358561446,M.N.G.O #322,263594,E. Terpiłowski
Algorand:358561639,M.N.G.O #323,259428,F. Al Dawsari
Algorand:358561818,M.N.G.O #324,234897,J. Arak
Algorand:358561952,M.N.G.O #325,258343,F. Souček
Algorand:358562065,M.N.G.O #326,256135,D. Matsumoto
Algorand:358562159,M.N.G.O #327,253409,G. Links
Algorand:358562276,M.N.G.O #328,264464,Tiago Matos
Algorand:358562383,M.N.G.O #329,263602,B. Nadir
Algorand:358527927,M.N.G.O #33,233975,Caio Padricio
Algorand:358562459,M.N.G.O #330,198653,M. Silva
Algorand:358562548,M.N.G.O #331,256098,R. Ledezma
Algorand:358562685,M.N.G.O #332,248809,F. Robertson
Algorand:358562785,M.N.G.O #333,231677,M. Rashford
Algorand:358562879,M.N.G.O #334,18122,N. Penneteau
Algorand:358562996,M.N.G.O #335,240812,M. Dulca
Algorand:358563105,M.N.G.O #336,224020,H. Reina
Algorand:358563224,M.N.G.O #337,258906,W. Gnonto
Algorand:358563322,M.N.G.O #338,193337,J. Obi
Algorand:358563439,M.N.G.O #339,234004,Tomás Nuninho
Algorand:358528095,M.N.G.O #34,252052,A. Lozano
Algorand:358563569,M.N.G.O #340,261245,D. Pereira
Algorand:358563666,M.N.G.O #341,251660,A. Al Safri
Algorand:358563805,M.N.G.O #342,226710,G. Scamacca
Algorand:358563938,M.N.G.O #343,254838,J. Davison
Algorand:358564106,M.N.G.O #344,242514,F. Plach
Algorand:358564290,M.N.G.O #345,258003,M. Mannhardt
Algorand:358564433,M.N.G.O #346,229237,M. Akanji
Algorand:358564567,M.N.G.O #347,222156,J. Bree
Algorand:358564665,M.N.G.O #348,232567,K. Ono
Algorand:358564785,M.N.G.O #349,254840,S. Pavlović
Algorand:358528214,M.N.G.O #35,241026,T. Chancalay
Algorand:358564930,M.N.G.O #350,261431,A. Bayew
Algorand:358565019,M.N.G.O #351,230408,Fabrio Farinha
Algorand:358565129,M.N.G.O #352,248273,S. Haokip
Algorand:358565261,M.N.G.O #353,225939,J. George
Algorand:358565377,M.N.G.O #354,230503,Jadson Vidigal
Algorand:358565461,M.N.G.O #355,258703,D. Fisher
Algorand:358565557,M.N.G.O #356,251407,J. Young
Algorand:358565755,M.N.G.O #357,250780,D. Gugganig
Algorand:358565924,M.N.G.O #358,247962,M. Williamsen
Algorand:358566081,M.N.G.O #359,225126,E. Skhiri
Algorand:358528295,M.N.G.O #36,248253,K. Thatal
Algorand:358566195,M.N.G.O #360,251633,M. Skóraś
Algorand:358566312,M.N.G.O #361,244066,C. Frommann
Algorand:358566415,M.N.G.O #362,233045,I. Ugbo
Algorand:358566514,M.N.G.O #363,263483,Diogo Izata
Algorand:358566605,M.N.G.O #364,231681,W. Mannion
Algorand:358566682,M.N.G.O #365,242245,F. Al Rashidi
Algorand:358566762,M.N.G.O #366,260881,L. Heeney
Algorand:358566880,M.N.G.O #367,255948,M. Byrne
Algorand:358566958,M.N.G.O #368,190854,P. Pekarík
Algorand:358567042,M.N.G.O #369,230322,Teixe Gaúcho
Algorand:358528395,M.N.G.O #37,236028,Javi Díaz
Algorand:358567128,M.N.G.O #370,210723,N. Gießelmann
Algorand:358567211,M.N.G.O #371,253749,Wen Tianpeng
Algorand:358567322,M.N.G.O #372,262954,Fabio Blanco
Algorand:358567404,M.N.G.O #373,247228,D. St. Clair
Algorand:358567495,M.N.G.O #374,221459,L. Villagra
Algorand:358567619,M.N.G.O #375,217620,A. Seck
Algorand:358567700,M.N.G.O #376,171975,G. Bergessio
Algorand:358567792,M.N.G.O #377,198625,S. Bain
Algorand:358567881,M.N.G.O #378,179645,S. Kjær
Algorand:358567967,M.N.G.O #379,212819,K. Nagai
Algorand:358528519,M.N.G.O #38,194925,L. Moult
Algorand:358568076,M.N.G.O #380,258622,M. Marshall
Algorand:358568180,M.N.G.O #381,262240,T. Galván
Algorand:358568286,M.N.G.O #382,201269,F. Rønnow
Algorand:358568431,M.N.G.O #383,213570,S. O'Donnell
Algorand:358568519,M.N.G.O #384,241119,Dani Martín
Algorand:358568644,M.N.G.O #385,251904,J. Schelfhout
Algorand:358568772,M.N.G.O #386,241923,Vagner
Algorand:358568890,M.N.G.O #387,203264,S. Wootton
Algorand:358569034,M.N.G.O #388,239272,V. Barkas
Algorand:367226881,M.N.G.O #389,222095,C. Burton
Algorand:358528645,M.N.G.O #39,261951,Li Xiang
Algorand:358569268,M.N.G.O #390,221540,Raúl
Algorand:358569407,M.N.G.O #391,210489,L. Schaub
Algorand:358569522,M.N.G.O #392,242364,A. Traoré
Algorand:358569622,M.N.G.O #393,235899,D. Zeefuik
Algorand:358569700,M.N.G.O #394,261924,Yi Wenjun
Algorand:358569841,M.N.G.O #395,168651,I. Rakitić
Algorand:358569962,M.N.G.O #396,223671,S. Posch
Algorand:358570101,M.N.G.O #397,240866,R. Hannam
Algorand:358570207,M.N.G.O #398,232670,F. Zampedri
Algorand:358570301,M.N.G.O #399,244364,Gabriel Brazão
Algorand:358524716,M.N.G.O #4,239146,L. Kunga
Algorand:358528774,M.N.G.O #40,247942,A. Bălan
Algorand:358570424,M.N.G.O #400,245740,C. Ortiz
Algorand:358570555,M.N.G.O #401,245455,M. Mohsen
Algorand:358570677,M.N.G.O #402,220786,M. Njie
Algorand:358570882,M.N.G.O #403,210676,W. Falcone
Algorand:358571022,M.N.G.O #404,256413,J. Lemoignan
Algorand:358571180,M.N.G.O #405,251564,J. Tiensia
Algorand:358571315,M.N.G.O #406,255043,D. Dike
Algorand:358571432,M.N.G.O #407,251356,N. Vallys
Algorand:358571563,M.N.G.O #408,264469,W. Sulaeman
Algorand:358571678,M.N.G.O #409,252809,Jeong Ji Yong
Algorand:358528887,M.N.G.O #41,262314,J. Braut-Brunes
Algorand:358571771,M.N.G.O #410,155946,R. Snodgrass
Algorand:358571961,M.N.G.O #411,256404,Jorge Silva
Algorand:358572098,M.N.G.O #412,261184,O. Blanco
Algorand:358572238,M.N.G.O #413,257984,V. Borcea
Algorand:358572362,M.N.G.O #414,263971,K. van der Kaap
Algorand:358572523,M.N.G.O #415,264318,A. Aguilar
Algorand:358572612,M.N.G.O #416,148212,A. Rebrov
Algorand:358572787,M.N.G.O #417,189508,Víctor Vázquez
Algorand:358572886,M.N.G.O #418,254932,J. Caicedo
Algorand:358573025,M.N.G.O #419,248182,H. Sveijer
Algorand:358528974,M.N.G.O #42,247748,Lee Hee Kyun
Algorand:358573267,M.N.G.O #420,223710,V. Muriqi
Algorand:358573451,M.N.G.O #421,263314,D. Dutu
Algorand:358573558,M.N.G.O #422,209329,Dória
Algorand:358573657,M.N.G.O #423,189805,L. de Jong
Algorand:358573838,M.N.G.O #424,233214,V. Gutkovskis
Algorand:358573998,M.N.G.O #425,232623,Y. Ideguchi
Algorand:358574129,M.N.G.O #426,260730,E. Azcona
Algorand:358574257,M.N.G.O #427,263261,C. Heaney
Algorand:358574398,M.N.G.O #428,212129,Borja López
Algorand:358574553,M.N.G.O #429,186488,Li Shuai
Algorand:358529086,M.N.G.O #43,194996,Borja Bastón
Algorand:358574673,M.N.G.O #430,206591,M. Weiser
Algorand:358574788,M.N.G.O #431,236015,M. Gibbs-White
Algorand:358574935,M.N.G.O #432,223823,T. Königsmann
Algorand:358575038,M.N.G.O #433,259508,Anderson
Algorand:358575133,M.N.G.O #434,203024,Isaías
Algorand:358575227,M.N.G.O #435,229221,William
Algorand:358575340,M.N.G.O #436,247138,Fran Navarro
Algorand:358575446,M.N.G.O #437,177390,H. Medunjanin
Algorand:358575572,M.N.G.O #438,257897,N. Henchoz
Algorand:358575732,M.N.G.O #439,260740,J. Porozo
Algorand:358529200,M.N.G.O #44,209975,Alex
Algorand:358575844,M.N.G.O #440,144200,E. Albayrak
Algorand:358575972,M.N.G.O #441,208992,S. Al Qumayzi
Algorand:358576098,M.N.G.O #442,259006,Hu Haoran
Algorand:358576221,M.N.G.O #443,209987,M. Schuhen
Algorand:358576327,M.N.G.O #444,208596,A. Belotti
Algorand:358576442,M.N.G.O #445,215569,Unai García
Algorand:358576609,M.N.G.O #446,252775,D. Hayashi
Algorand:358576768,M.N.G.O #447,247202,H. Constant
Algorand:358576884,M.N.G.O #448,200286,K. Mellor
Algorand:358576994,M.N.G.O #449,236846,Kenny Rocha Santos
Algorand:358529301,M.N.G.O #45,237736,S. Awaka
Algorand:358577124,M.N.G.O #450,213581,M. Nervo
Algorand:358577248,M.N.G.O #451,262180,V. Backman
Algorand:358577331,M.N.G.O #452,260851,S. Tanabe
Algorand:358577428,M.N.G.O #453,261682,M. Martínez
Algorand:358577544,M.N.G.O #454,252310,Miguel Reisinho
Algorand:358577656,M.N.G.O #455,210521,S. Çikalleshi
Algorand:358577758,M.N.G.O #456,225018,F. Andone
Algorand:358577888,M.N.G.O #457,244942,S. Guðjohnsen
Algorand:358577977,M.N.G.O #458,227526,G. Canto
Algorand:358578063,M.N.G.O #459,259144,M. Hannesbo
Algorand:358529428,M.N.G.O #46,201403,Álvaro Vázquez
Algorand:358578127,M.N.G.O #460,232654,L. Malagón
Algorand:358578210,M.N.G.O #461,169415,E. Hernández
Algorand:358578329,M.N.G.O #462,193331,K. Darlow
Algorand:358578405,M.N.G.O #463,223843,D. Frascarelli
Algorand:358578486,M.N.G.O #464,242995,J. Mora
Algorand:358578572,M.N.G.O #465,221919,A. Zeneli
Algorand:358578672,M.N.G.O #466,206485,R. Camacho
Algorand:358578756,M.N.G.O #467,260367,A. Hamashita
Algorand:358578853,M.N.G.O #468,255855,R. Morishita
Algorand:358578991,M.N.G.O #469,245512,G. Iannucci
Algorand:358529523,M.N.G.O #47,256778,A. Lind
Algorand:358579123,M.N.G.O #470,240017,A. Olsen
Algorand:358579223,M.N.G.O #471,220388,S. Chakla
Algorand:358579394,M.N.G.O #472,258176,P. Oro
Algorand:358579496,M.N.G.O #473,255251,D. Bhagat
Algorand:358579634,M.N.G.O #474,260190,P. Nwadike
Algorand:358579751,M.N.G.O #475,203841,N. Pope
Algorand:358579842,M.N.G.O #476,199769,M. Potzmann
Algorand:358579931,M.N.G.O #477,234158,A. Gory
Algorand:358580049,M.N.G.O #478,248567,S. Anderson
Algorand:358580244,M.N.G.O #479,240963,J. García
Algorand:358529596,M.N.G.O #48,259311,R. Danu
Algorand:358580394,M.N.G.O #480,235244,R. Nicolaisen
Algorand:358580546,M.N.G.O #481,190061,S. Deana
Algorand:358580730,M.N.G.O #482,189224,Júnior Negão
Algorand:358580879,M.N.G.O #483,251193,T. Mabasa
Algorand:358581029,M.N.G.O #484,261930,Zhu Yue
Algorand:358581174,M.N.G.O #485,192816,L. Cabrera
Algorand:358581287,M.N.G.O #486,236234,C. Huanca
Algorand:358581410,M.N.G.O #487,247045,J. Kayamba
Algorand:358581563,M.N.G.O #488,11381,M. Gilks
Algorand:358581723,M.N.G.O #489,239049,O. Azubuike
Algorand:358529677,M.N.G.O #49,199206,D. Vida
Algorand:358581883,M.N.G.O #490,264071,G. Kirejczyk
Algorand:358582007,M.N.G.O #491,256743,A. Sylla
Algorand:358582145,M.N.G.O #492,233139,C. Itten
Algorand:358582232,M.N.G.O #493,232473,H. Shiota
Algorand:358582342,M.N.G.O #494,118794,A. Lonergan
Algorand:358582533,M.N.G.O #495,233478,M. Zajc
Algorand:358582652,M.N.G.O #496,208618,Lucas Vázquez
Algorand:358582768,M.N.G.O #497,246430,D. Vlahović
Algorand:358582871,M.N.G.O #498,224692,Liao Chengjian
Algorand:358583052,M.N.G.O #499,263760,G. Ratcliffe
Algorand:358524800,M.N.G.O #5,220414,Diego Rico
Algorand:358529774,M.N.G.O #50,240784,J. Bursik
Algorand:358583143,M.N.G.O #500,190549,M. Henriksen
Algorand:358583238,M.N.G.O #501,242101,Lee Keun Ho
Algorand:358588018,M.N.G.O #502,258834,G. Koutsias
Algorand:358588146,M.N.G.O #503,264210,M. Gümüşkaya
Algorand:358588276,M.N.G.O #504,220570,J. Bednarek
Algorand:358588418,M.N.G.O #505,238794,Vinícius Jr.
Algorand:358588525,M.N.G.O #506,204492,P. Breier
Algorand:358588675,M.N.G.O #507,248175,M. Knudsen
Algorand:358588786,M.N.G.O #508,158121,B. Costil
Algorand:358588977,M.N.G.O #509,244294,T. Scully
Algorand:358529893,M.N.G.O #51,252849,A. Ohata
Algorand:358589107,M.N.G.O #510,173531,B. Amos
Algorand:358589209,M.N.G.O #511,254244,Nabil Touaizi
Algorand:358589359,M.N.G.O #512,212253,A. Scholz
Algorand:358589518,M.N.G.O #513,262541,M. Søndergaard
Algorand:358589639,M.N.G.O #514,199739,Josué
Algorand:358589830,M.N.G.O #515,233974,Nathael Silbeira
Algorand:358590003,M.N.G.O #516,243720,P. Sokół
Algorand:358590100,M.N.G.O #517,256681,W. Lancaster
Algorand:358590179,M.N.G.O #518,261108,A. Kozubal
Algorand:358590272,M.N.G.O #519,200086,M. Jankowski
Algorand:358530015,M.N.G.O #52,216627,K. Moore
Algorand:358590460,M.N.G.O #520,224271,T. Goiginger
Algorand:358590641,M.N.G.O #521,253797,O. Zapata
Algorand:358590810,M.N.G.O #522,193041,K. Navas
Algorand:358590944,M.N.G.O #523,211382,I. Amadou
Algorand:358591101,M.N.G.O #524,257262,A. Bredahl
Algorand:358591193,M.N.G.O #525,207858,D. Dwyer
Algorand:358591321,M.N.G.O #526,228414,Matheus Pereira
Algorand:358591482,M.N.G.O #527,262957,P. Verkamp
Algorand:358591587,M.N.G.O #528,190021,Hugo Fraile
Algorand:358591765,M.N.G.O #529,202770,C. Ripley
Algorand:358530104,M.N.G.O #53,234112,Dodô
Algorand:358591937,M.N.G.O #530,139068,Nani
Algorand:358592036,M.N.G.O #531,263531,S. Van Damme
Algorand:358592106,M.N.G.O #532,224179,Borja Iglesias
Algorand:358592198,M.N.G.O #533,242294,J. Cacciabue
Algorand:358592321,M.N.G.O #534,242306,G. Soto
Algorand:358592430,M.N.G.O #535,232839,M. Muheim
Algorand:358592624,M.N.G.O #536,257892,A. Pavlesic
Algorand:358592748,M.N.G.O #537,202556,M. Depay
Algorand:358592885,M.N.G.O #538,261133,N. John
Algorand:358593018,M.N.G.O #539,263972,J. Melhado
Algorand:358530166,M.N.G.O #54,223573,Munir
Algorand:358593126,M.N.G.O #540,224508,L. Mancuso
Algorand:358593249,M.N.G.O #541,191924,Lee Bum Young
Algorand:358593352,M.N.G.O #542,262621,G. Mamardashvili
Algorand:358593481,M.N.G.O #543,189358,S. Kagawa
Algorand:358593652,M.N.G.O #544,176246,M. Bottani
Algorand:358593754,M.N.G.O #545,256999,J. Dunne
Algorand:358593862,M.N.G.O #546,256108,A. Rojo
Algorand:358594040,M.N.G.O #547,251326,Álex Bermejo
Algorand:358594194,M.N.G.O #548,253398,M. Ulla
Algorand:358594311,M.N.G.O #549,213106,R. Sigurjónsson
Algorand:358530256,M.N.G.O #55,220739,J. Sornoza
Algorand:358594448,M.N.G.O #550,248100,Romário Pires
Algorand:358594632,M.N.G.O #551,232203,A. Donkor
Algorand:358595220,M.N.G.O #552,260720,Léo Ceará
Algorand:358595475,M.N.G.O #553,260250,Z. Al Jari
Algorand:358595615,M.N.G.O #554,253496,C. Zimba
Algorand:358595751,M.N.G.O #555,252580,P. Mukairu
Algorand:358595850,M.N.G.O #556,235806,G. Satalino
Algorand:358596044,M.N.G.O #557,242746,C. Goteni
Algorand:358596183,M.N.G.O #558,263832,E. Spago
Algorand:358596348,M.N.G.O #559,238857,Wilson Manafá
Algorand:358530325,M.N.G.O #56,208104,Matheus
Algorand:358596498,M.N.G.O #560,239320,B. House
Algorand:358596596,M.N.G.O #561,261472,G. Breeze
Algorand:358596721,M.N.G.O #562,262377,S. Thangmuansang
Algorand:358596861,M.N.G.O #563,159145,B. Gomis
Algorand:358597025,M.N.G.O #564,169317,T. Elyounoussi
Algorand:358597197,M.N.G.O #565,193716,D. Wilson
Algorand:358597300,M.N.G.O #566,248781,P. Bardy
Algorand:358597457,M.N.G.O #567,239573,M. Bleve
Algorand:358597597,M.N.G.O #568,230498,Luimo Boas Santos
Algorand:358597707,M.N.G.O #569,228196,D. Ganesh
Algorand:358530435,M.N.G.O #57,191388,T. Usami
Algorand:358597875,M.N.G.O #570,242240,L. D'Arrigo
Algorand:358598067,M.N.G.O #571,246646,M. Caqueret
Algorand:358598215,M.N.G.O #572,263434,F. Mansilla
Algorand:358598320,M.N.G.O #573,262800,M. Emreli
Algorand:358598424,M.N.G.O #574,242612,E. Chilufya
Algorand:358598574,M.N.G.O #575,241872,S. Barreto
Algorand:358598743,M.N.G.O #576,238076,M. Bersano
Algorand:358598852,M.N.G.O #577,224509,U. Rivas
Algorand:358598997,M.N.G.O #578,237556,C. Luyindama
Algorand:358599103,M.N.G.O #579,253966,Huang Ruifeng
Algorand:358530571,M.N.G.O #58,257494,Tan Chun Lok
Algorand:358599262,M.N.G.O #580,264204,A. Atif
Algorand:358599426,M.N.G.O #581,230687,A. Turkeš
Algorand:358599515,M.N.G.O #582,193182,W. Foderingham
Algorand:358599653,M.N.G.O #583,230285,Vincente Dourado
Algorand:358599844,M.N.G.O #584,201505,David López
Algorand:358599986,M.N.G.O #585,263834,Z. Silini
Algorand:358600175,M.N.G.O #586,178566,J. García
Algorand:358600327,M.N.G.O #587,186556,Dentinho
Algorand:358600421,M.N.G.O #588,264353,B. Barcia
Algorand:358600525,M.N.G.O #589,253657,Lan Jingxuan
Algorand:358530701,M.N.G.O #59,167665,N. Domingo
Algorand:358600674,M.N.G.O #590,255809,B. Scorza
Algorand:358600841,M.N.G.O #591,167601,K. Nababkin
Algorand:358600961,M.N.G.O #592,260271,F. Supayabe
Algorand:358601048,M.N.G.O #593,138306,Angulo
Algorand:358601175,M.N.G.O #594,214294,E. Pavez
Algorand:358601332,M.N.G.O #595,205431,N. Füllkrug
Algorand:358601516,M.N.G.O #596,263407,E. Mago
Algorand:358601674,M.N.G.O #597,244675,Sancet
Algorand:358601847,M.N.G.O #598,252756,B. Barr
Algorand:358601948,M.N.G.O #599,253522,L. Pavia
Algorand:358524923,M.N.G.O #6,200952,M. Könnecke
Algorand:358530862,M.N.G.O #60,263559,Neskes
Algorand:358602084,M.N.G.O #600,262700,J. Pek
Algorand:358602190,M.N.G.O #601,241981,Nanu
Algorand:358602310,M.N.G.O #602,149309,A. Rosati
Algorand:358602464,M.N.G.O #603,233201,C. Mepham
Algorand:358602615,M.N.G.O #604,178005,Rui Patrício
Algorand:358602775,M.N.G.O #605,239441,Jordi Mboula
Algorand:358602951,M.N.G.O #606,240776,S. Laiton
Algorand:358603151,M.N.G.O #607,261981,Zhang Xiang
Algorand:358603271,M.N.G.O #608,253438,G. Merloi
Algorand:358603436,M.N.G.O #609,259855,E. Shuranov
Algorand:358530989,M.N.G.O #61,194781,Renan Ribeiro
Algorand:358603576,M.N.G.O #610,246986,E. Ramírez
Algorand:358603809,M.N.G.O #611,195481,J. Proctor
Algorand:358603955,M.N.G.O #612,253629,R. Solís
Algorand:358604075,M.N.G.O #613,218154,K. Billiat
Algorand:358604203,M.N.G.O #614,231582,N. D'Agostino
Algorand:358604356,M.N.G.O #615,184176,G. Bruno
Algorand:358604488,M.N.G.O #616,246145,I. Aliseda
Algorand:358604637,M.N.G.O #617,191980,Yun Suk Young
Algorand:358604782,M.N.G.O #618,254268,D. Cleonise
Algorand:358605030,M.N.G.O #619,237238,S. McTominay
Algorand:358531100,M.N.G.O #62,257288,M. Okoye
Algorand:358605189,M.N.G.O #620,236586,Kim Jin Ya
Algorand:358605333,M.N.G.O #621,263502,F. Zapiola
Algorand:358605459,M.N.G.O #622,242984,S. Power
Algorand:358605568,M.N.G.O #623,207653,M. Bolaños
Algorand:358605660,M.N.G.O #624,190720,T. Ricketts
Algorand:358605804,M.N.G.O #625,248150,R. Kumar
Algorand:358605952,M.N.G.O #626,234066,J. Hove
Algorand:358606135,M.N.G.O #627,263187,T. Coman
Algorand:358606231,M.N.G.O #628,202079,D. Blažević
Algorand:358606353,M.N.G.O #629,219591,S. Simič
Algorand:358531227,M.N.G.O #63,224258,K. Ajer
Algorand:358606514,M.N.G.O #630,255036,R. Königsdörffer
Algorand:358606660,M.N.G.O #631,216549,A. Sørloth
Algorand:358606822,M.N.G.O #632,226429,A. Coote
Algorand:358607044,M.N.G.O #633,242564,D. Tomii
Algorand:358607203,M.N.G.O #634,207440,F. Fragapane
Algorand:358607359,M.N.G.O #635,260737,A. Da Silveira
Algorand:358607472,M.N.G.O #636,237646,D. Muñoz
Algorand:358607604,M.N.G.O #637,259628,L. Johnson
Algorand:358607746,M.N.G.O #638,214415,E. Chaux
Algorand:358607890,M.N.G.O #639,206662,M. Hedges
Algorand:358531359,M.N.G.O #64,260482,T. Ángel
Algorand:358608074,M.N.G.O #640,193107,Paulo Victor
Algorand:358608211,M.N.G.O #641,261666,C. Warfield
Algorand:358608301,M.N.G.O #642,204344,Elber
Algorand:358608429,M.N.G.O #643,242253,M. Toye
Algorand:358608566,M.N.G.O #644,213325,F. Píriz
Algorand:358608719,M.N.G.O #645,162835,S. Handanovič
Algorand:358608841,M.N.G.O #646,221306,M. Barrios
Algorand:358609012,M.N.G.O #647,216692,S. Torrico
Algorand:358609126,M.N.G.O #648,263666,R. González
Algorand:358609261,M.N.G.O #649,190745,M. Silvestri
Algorand:358531451,M.N.G.O #65,238014,R. Janssen
Algorand:358609432,M.N.G.O #650,202855,Tan Long
Algorand:358609558,M.N.G.O #651,237452,S. Yajima
Algorand:358609675,M.N.G.O #652,223489,A. Pešić
Algorand:358609912,M.N.G.O #653,257996,D. Bokov
Algorand:358610026,M.N.G.O #654,222394,Y. Bnou-Marzouk
Algorand:358610160,M.N.G.O #655,230168,Raphaelinho Anjos
Algorand:358610326,M.N.G.O #656,257439,R. Ofori
Algorand:358610488,M.N.G.O #657,243922,M. Radecki
Algorand:358610584,M.N.G.O #658,136686,Kim Young Kwang
Algorand:358610691,M.N.G.O #659,257965,H. Al Slais
Algorand:358531533,M.N.G.O #66,254188,W. Tandazo
Algorand:358610798,M.N.G.O #660,245903,H. White
Algorand:358610901,M.N.G.O #661,171877,M. Hamšík
Algorand:358611038,M.N.G.O #662,198129,C. Ortiz
Algorand:358611192,M.N.G.O #663,204935,J. Pickford
Algorand:358611321,M.N.G.O #664,262846,Ș. Dobre
Algorand:358611475,M.N.G.O #665,255369,M. Marran
Algorand:358611590,M.N.G.O #666,230410,Natinho Mestres
Algorand:358611736,M.N.G.O #667,257494,Tan Chun Lok
Algorand:358611885,M.N.G.O #668,176237,J. Altidore
Algorand:358611995,M.N.G.O #669,192663,F. Klos
Algorand:358531661,M.N.G.O #67,188152,Oscar
Algorand:358612143,M.N.G.O #670,246155,S. McCallum
Algorand:358612291,M.N.G.O #671,204017,C. Sørensen
Algorand:358612426,M.N.G.O #672,202848,G. Caprari
Algorand:358612565,M.N.G.O #673,243666,C. McCowatt
Algorand:358612698,M.N.G.O #674,253932,J. Dos Santos
Algorand:358612849,M.N.G.O #675,259718,F. Gebhardt
Algorand:358612949,M.N.G.O #676,199737,Wilson Eduardo
Algorand:358613023,M.N.G.O #677,219733,L. Ajorque
Algorand:358613186,M.N.G.O #678,191437,A. Al Mazaidi
Algorand:358613300,M.N.G.O #679,261414,H. Parsons
Algorand:358531814,M.N.G.O #68,245761,A. Morgan
Algorand:358613409,M.N.G.O #680,256497,T. Mehew
Algorand:358613561,M.N.G.O #681,260965,Fábio
Algorand:358613719,M.N.G.O #682,252807,S. Dikmen
Algorand:358613920,M.N.G.O #683,194319,D. Ward
Algorand:358614075,M.N.G.O #684,186992,J. Dueñas
Algorand:358614196,M.N.G.O #685,186781,K. Kronholm
Algorand:358614359,M.N.G.O #686,246951,M. Loría
Algorand:358614491,M.N.G.O #687,263294,A. Denholm
Algorand:358614647,M.N.G.O #688,256675,O. Marmoush
Algorand:358614793,M.N.G.O #689,233011,Jeong Chi In
Algorand:358531929,M.N.G.O #69,261759,B. Redžić
Algorand:358614913,M.N.G.O #690,254247,M. Mohamed
Algorand:358615040,M.N.G.O #691,230430,Oswaldinato
Algorand:358615164,M.N.G.O #692,264524,J. Tello
Algorand:358615304,M.N.G.O #693,200888,Danilo Pereira
Algorand:358615464,M.N.G.O #694,256458,K. Swaleh
Algorand:358615581,M.N.G.O #695,202905,C. Nyman
Algorand:358615719,M.N.G.O #696,257339,A. Mosór
Algorand:358615868,M.N.G.O #697,222024,T. Casali
Algorand:358615980,M.N.G.O #698,232130,V. Kulach
Algorand:358616154,M.N.G.O #699,242720,G. Smith
Algorand:358525112,M.N.G.O #7,159145,B. Gomis
Algorand:358532045,M.N.G.O #70,195036,S. Winnall
Algorand:358616250,M.N.G.O #700,262707,L. Klußmann
Algorand:358616356,M.N.G.O #701,260398,N. Saliba
Algorand:358616478,M.N.G.O #702,208304,Moon Chang Jin
Algorand:358616619,M.N.G.O #703,245736,Ezequiel
Algorand:358616740,M.N.G.O #704,263832,E. Spago
Algorand:358616879,M.N.G.O #705,251377,R. Zalazar
Algorand:358616942,M.N.G.O #706,255755,J. de Vries
Algorand:358617105,M.N.G.O #707,223689,W. Weghorst
Algorand:358617277,M.N.G.O #708,257260,M. Brems
Algorand:358617421,M.N.G.O #709,230372,Helito Caldeira
Algorand:358532152,M.N.G.O #71,213687,L. Grimshaw
Algorand:358617504,M.N.G.O #710,260380,E. Olsson
Algorand:358617601,M.N.G.O #711,199110,L. Muriel
Algorand:358617735,M.N.G.O #712,258767,Javier Izquierdo
Algorand:358617861,M.N.G.O #713,263304,E. Fernandez
Algorand:358618036,M.N.G.O #714,207926,A. Linde
Algorand:358618224,M.N.G.O #715,262707,L. Klußmann
Algorand:358618374,M.N.G.O #716,197948,F. Lejeune
Algorand:358618509,M.N.G.O #717,262387,M. Moreira
Algorand:358618650,M.N.G.O #718,184176,G. Bruno
Algorand:358618939,M.N.G.O #719,183141,Oier
Algorand:358532286,M.N.G.O #72,252816,Jeon Sung Soo
Algorand:358619083,M.N.G.O #720,239657,Ricardo Fernandes
Algorand:358619248,M.N.G.O #721,261114,B. Kikanović
Algorand:358619420,M.N.G.O #722,255501,Lee Kang Han
Algorand:358619580,M.N.G.O #723,256330,D. Al Mutairi
Algorand:358619705,M.N.G.O #724,237139,T. Oakley-Boothe
Algorand:358619850,M.N.G.O #725,253012,L. Morales
Algorand:358620002,M.N.G.O #726,253403,R. Borges Rodrigues
Algorand:358620153,M.N.G.O #727,261027,I. Lysgård
Algorand:358620329,M.N.G.O #728,199417,H. Tekin
Algorand:358620413,M.N.G.O #729,263877,M. Sjøeng
Algorand:358532398,M.N.G.O #73,204842,Y. Brecher
Algorand:358620565,M.N.G.O #730,244257,J. Burkardt
Algorand:358620718,M.N.G.O #731,202695,J. Tarkowski
Algorand:358620876,M.N.G.O #732,227947,R. Hendry
Algorand:358621047,M.N.G.O #733,258659,M. Al Shammari
Algorand:358621180,M.N.G.O #734,222422,A. Jakubiak
Algorand:358621310,M.N.G.O #735,224866,J. Akintunde
Algorand:358621482,M.N.G.O #736,194765,A. Griezmann
Algorand:358621615,M.N.G.O #737,253681,Ma Fuyu
Algorand:358621704,M.N.G.O #738,239278,J. Svedberg
Algorand:358621815,M.N.G.O #739,223997,R. Gergel
Algorand:358532541,M.N.G.O #74,239623,D. Torres
Algorand:358621954,M.N.G.O #740,253681,Ma Fuyu
Algorand:358622075,M.N.G.O #741,225926,Pere Milla
Algorand:358622225,M.N.G.O #742,260264,N. Ohio
Algorand:358622358,M.N.G.O #743,243041,J. Guttau
Algorand:358622560,M.N.G.O #744,231745,L. Dimata
Algorand:358622716,M.N.G.O #745,224130,J. Vickers
Algorand:358622869,M.N.G.O #746,253407,S. Greenwood
Algorand:358622964,M.N.G.O #747,211738,M. Flekken
Algorand:358623114,M.N.G.O #748,215374,S. Hogan
Algorand:358623265,M.N.G.O #749,256047,C. Lungoyi
Algorand:358532665,M.N.G.O #75,238880,J. Pestaña
Algorand:358623435,M.N.G.O #750,201549,N. Nikolić
Algorand:358623648,M.N.G.O #751,204242,M. Barreto
Algorand:358623779,M.N.G.O #752,218066,M. Samatta
Algorand:358623904,M.N.G.O #753,226434,R. García
Algorand:358624006,M.N.G.O #754,192665,A. Luthe
Algorand:358624162,M.N.G.O #755,259311,R. Danu
Algorand:358624313,M.N.G.O #756,259549,M. Ballesteros
Algorand:358624454,M.N.G.O #757,239368,M. Bakker
Algorand:358624565,M.N.G.O #758,193158,D. Pröpper
Algorand:358624699,M.N.G.O #759,193957,C. Montaño
Algorand:358532796,M.N.G.O #76,189703,T. Viudez
Algorand:358624858,M.N.G.O #760,260217,O. Heil
Algorand:358624981,M.N.G.O #761,206467,A. Plea
Algorand:358625104,M.N.G.O #762,242619,C. Doucouré
Algorand:358625205,M.N.G.O #763,177684,S. Grippo
Algorand:358625364,M.N.G.O #764,230302,Josué da Feira
Algorand:358625507,M.N.G.O #765,191684,Jung San
Algorand:358625624,M.N.G.O #766,262752,C. Calzadilla
Algorand:358625751,M.N.G.O #767,138949,A. Alcáraz
Algorand:358625877,M.N.G.O #768,224631,Yang Shiyuan
Algorand:358625990,M.N.G.O #769,204401,Diogo Figueiras
Algorand:358532892,M.N.G.O #77,199088,Wang Gang
Algorand:358626097,M.N.G.O #770,233812,A. Lucoqui
Algorand:358626248,M.N.G.O #771,226050,C. Teuchert
Algorand:358626422,M.N.G.O #772,263380,T. Kofler
Algorand:358626573,M.N.G.O #773,202123,C. Aneke
Algorand:358626728,M.N.G.O #774,258822,L. Sulzbacher
Algorand:358626856,M.N.G.O #775,194662,A. Zabolotnyi
Algorand:358626989,M.N.G.O #776,248471,M. Taferner
Algorand:358627142,M.N.G.O #777,259133,K. Leth
Algorand:358627287,M.N.G.O #778,260271,F. Supayabe
Algorand:358627394,M.N.G.O #779,229072,Ł. Sekulski
Algorand:358532981,M.N.G.O #78,214404,V. Huerta
Algorand:358627509,M.N.G.O #780,235397,N. Freeman
Algorand:358627719,M.N.G.O #781,258004,J. Ngounou Djayo
Algorand:358627820,M.N.G.O #782,216264,J. Dixon
Algorand:358627915,M.N.G.O #783,246672,Barrenetxea
Algorand:358628008,M.N.G.O #784,201869,R. Teibert
Algorand:358628104,M.N.G.O #785,261916,Bai Xuesong
Algorand:358628220,M.N.G.O #786,239278,J. Svedberg
Algorand:358628385,M.N.G.O #787,204853,J. White
Algorand:358628506,M.N.G.O #788,255430,M. Barbery
Algorand:358628649,M.N.G.O #789,238694,L. Röser
Algorand:358533083,M.N.G.O #79,216547,Rafa
Algorand:358628790,M.N.G.O #790,243716,S. van der Water
Algorand:358628940,M.N.G.O #791,239573,M. Bleve
Algorand:358629096,M.N.G.O #792,204227,Z. Gano
Algorand:358629254,M.N.G.O #793,218054,K. Vida
Algorand:358629341,M.N.G.O #794,263374,B. Margetson
Algorand:358629492,M.N.G.O #795,206411,D. Garmash
Algorand:358629691,M.N.G.O #796,242084,Carlos Miguel
Algorand:358629848,M.N.G.O #797,243966,G. May
Algorand:358630026,M.N.G.O #798,201935,F. D'Onofrio
Algorand:358630194,M.N.G.O #799,263239,Renato Júnior
Algorand:358525283,M.N.G.O #8,260646,K. Mina
Algorand:358533211,M.N.G.O #80,235840,M. Di Gregorio
Algorand:358630332,M.N.G.O #800,259903,K. Sambonino
Algorand:358630415,M.N.G.O #801,212451,Luís Rocha
Algorand:358630526,M.N.G.O #802,213954,A. Mitryushkin
Algorand:358630649,M.N.G.O #803,262305,Chanza
Algorand:358630808,M.N.G.O #804,262438,Mateus Quaresma
Algorand:358630919,M.N.G.O #805,264061,B. McMorrow
Algorand:358631030,M.N.G.O #806,262371,C. Dundas
Algorand:358631168,M.N.G.O #807,230319,André Milazisco
Algorand:358631340,M.N.G.O #808,185349,D. Odoi
Algorand:358631453,M.N.G.O #809,200724,Nacho Fernández
Algorand:358533321,M.N.G.O #81,176841,L. Jutkiewicz
Algorand:358631606,M.N.G.O #810,231436,G. Diangana
Algorand:358631761,M.N.G.O #811,243773,K. Ludewig
Algorand:358631920,M.N.G.O #812,255903,C. Garcia
Algorand:358632066,M.N.G.O #813,259549,M. Ballesteros
Algorand:367227040,M.N.G.O #814,200353,A. Soumaoro
Algorand:358632308,M.N.G.O #815,224520,R. Kent
Algorand:358632399,M.N.G.O #816,230272,Kauã Abranches
Algorand:358632554,M.N.G.O #817,217731,Sandro
Algorand:358632732,M.N.G.O #818,233258,Y. Kakita
Algorand:358632906,M.N.G.O #819,254594,J. Rodríguez
Algorand:358533443,M.N.G.O #82,176094,P. Tytoń
Algorand:358633085,M.N.G.O #820,216518,H. Bonmann
Algorand:358633171,M.N.G.O #821,193557,F. Nouble
Algorand:358633278,M.N.G.O #822,215785,K. Baldé
Algorand:358633375,M.N.G.O #823,248477,S. Chergui
Algorand:358633492,M.N.G.O #824,263766,O. Al Othman
Algorand:358633603,M.N.G.O #825,259937,Á. Zamudio
Algorand:358633715,M.N.G.O #826,262504,J. Blasco
Algorand:358633896,M.N.G.O #827,225199,V. Koziello
Algorand:358633984,M.N.G.O #828,230857,Nuno da Costa
Algorand:358634071,M.N.G.O #829,224470,He Chao
Algorand:358533551,M.N.G.O #83,233121,C. Timite
Algorand:358634166,M.N.G.O #830,254902,K. Sento
Algorand:358634359,M.N.G.O #831,259779,O. Noronha
Algorand:358634500,M.N.G.O #832,237721,A. Al Khaibari
Algorand:358634655,M.N.G.O #833,262379,M. Halliday
Algorand:358634796,M.N.G.O #834,242047,S. Al Selouli
Algorand:358634928,M.N.G.O #835,189061,S. Burchert
Algorand:358635090,M.N.G.O #836,198717,W. Zaha
Algorand:358635296,M.N.G.O #837,221912,Kang Hyeon Mu
Algorand:358635479,M.N.G.O #838,223934,B. Yardımcı
Algorand:358635672,M.N.G.O #839,240130,Éder Militão
Algorand:358533642,M.N.G.O #84,231056,S. Marinović
Algorand:358635806,M.N.G.O #840,219967,D. Hładun
Algorand:358636024,M.N.G.O #841,262902,V. Sapina
Algorand:358636198,M.N.G.O #842,224673,Zhang Li
Algorand:358636372,M.N.G.O #843,254019,N. Gioacchini
Algorand:358636589,M.N.G.O #844,200726,B. Lecomte
Algorand:358636777,M.N.G.O #845,211604,L. Roberts
Algorand:358636941,M.N.G.O #846,263325,J. Hinds
Algorand:358637135,M.N.G.O #847,204614,Mário Rui
Algorand:358637269,M.N.G.O #848,216750,P. Carlgren
Algorand:358637401,M.N.G.O #849,241637,A. Tchouaméni
Algorand:358533746,M.N.G.O #85,193561,K. Leerdam
Algorand:358637561,M.N.G.O #850,224692,Liao Chengjian
Algorand:358637742,M.N.G.O #851,222173,Chen Jie
Algorand:358637893,M.N.G.O #852,2147,M. Stekelenburg
Algorand:358638034,M.N.G.O #853,244364,Gabriel Brazão
Algorand:358638142,M.N.G.O #854,254143,N. Pijnaker
Algorand:358638275,M.N.G.O #855,162280,A. Mierzejewski
Algorand:358638405,M.N.G.O #856,202685,S. Zaza
Algorand:358638560,M.N.G.O #857,236445,J. Kabongo
Algorand:358638691,M.N.G.O #858,253929,J. Acevedo
Algorand:358638795,M.N.G.O #859,206411,D. Garmash
Algorand:358533858,M.N.G.O #86,245455,M. Mohsen
Algorand:358638939,M.N.G.O #860,259598,D. Verón
Algorand:358639078,M.N.G.O #861,254317,C. Brennan
Algorand:358639238,M.N.G.O #862,263702,S. Adeniran
Algorand:358639415,M.N.G.O #863,171579,Raúl García
Algorand:358639616,M.N.G.O #864,246321,D. Maeda
Algorand:358639921,M.N.G.O #865,230150,Luís Machado
Algorand:358640066,M.N.G.O #866,251873,Y. Demir
Algorand:358640207,M.N.G.O #867,243116,J. Smylie
Algorand:358640369,M.N.G.O #868,261038,K. Caicedo
Algorand:358640510,M.N.G.O #869,219823,G. Mastriani
Algorand:358533969,M.N.G.O #87,228103,T. Akmurzin
Algorand:358640652,M.N.G.O #870,213905,S. Gallagher
Algorand:358640859,M.N.G.O #871,264264,R. Al Qahtani
Algorand:358641075,M.N.G.O #872,264318,A. Aguilar
Algorand:358641234,M.N.G.O #873,244789,A. Čermák
Algorand:358641372,M.N.G.O #874,185038,M. Gliwa
Algorand:358641543,M.N.G.O #875,211382,I. Amadou
Algorand:358641688,M.N.G.O #876,254928,B. Franjic
Algorand:358641825,M.N.G.O #877,259745,H. Singh
Algorand:358641966,M.N.G.O #878,212377,M. Osuna
Algorand:358642089,M.N.G.O #879,258936,L. Hornicek
Algorand:358534089,M.N.G.O #88,204523,Rubén Pardo
Algorand:358642246,M.N.G.O #880,235207,S. Reddemann
Algorand:358642396,M.N.G.O #881,225543,B. Collins
Algorand:358642542,M.N.G.O #882,238227,K. Diatta
Algorand:358642720,M.N.G.O #883,240753,A. Gouiri
Algorand:358642877,M.N.G.O #884,198653,M. Silva
Algorand:358643009,M.N.G.O #885,201401,Campabadal
Algorand:358643169,M.N.G.O #886,258936,L. Hornicek
Algorand:358643328,M.N.G.O #887,244628,B. Samudio
Algorand:358643493,M.N.G.O #888,162328,R. Pasveer
Algorand:358643661,M.N.G.O #889,186274,K. Rausch
Algorand:358534218,M.N.G.O #89,262692,P. Czarnowski
Algorand:358643829,M.N.G.O #890,251563,J. Wright
Algorand:358643997,M.N.G.O #891,229148,Dalbert
Algorand:358644135,M.N.G.O #892,191565,Y. Ōsako
Algorand:358644292,M.N.G.O #893,215443,P. Zinckernagel
Algorand:358644429,M.N.G.O #894,200478,J. Hendrick
Algorand:358644621,M.N.G.O #895,254643,Z. Bailey
Algorand:358644805,M.N.G.O #896,219145,G. Maripán
Algorand:358644962,M.N.G.O #897,236883,M. Anderson
Algorand:358645126,M.N.G.O #898,256453,A. Sarr
Algorand:358645247,M.N.G.O #899,230168,Raphaelinho Anjos
Algorand:358525369,M.N.G.O #9,219522,J. Ledesma
Algorand:358534354,M.N.G.O #90,255434,J. Enciso
Algorand:358645350,M.N.G.O #900,229052,O. Özenç
Algorand:358645492,M.N.G.O #901,239045,E. Kılınç
Algorand:358645704,M.N.G.O #902,257262,A. Bredahl
Algorand:358645783,M.N.G.O #903,238647,M. Schröter
Algorand:358645900,M.N.G.O #904,232507,R. Hironaga
Algorand:358646049,M.N.G.O #905,248272,E. Lalrindika
Algorand:358646208,M.N.G.O #906,210404,S. Doukara
Algorand:358646390,M.N.G.O #907,239646,J. Osabutey
Algorand:358646512,M.N.G.O #908,231025,Hugo Rama
Algorand:358646668,M.N.G.O #909,240271,D. Limnios
Algorand:358534463,M.N.G.O #91,204536,S. Libman
Algorand:358646856,M.N.G.O #910,198176,S. de Vrij
Algorand:358647023,M.N.G.O #911,228103,T. Akmurzin
Algorand:358647159,M.N.G.O #912,264362,Dinpuia
Algorand:358647325,M.N.G.O #913,235589,S. Babić
Algorand:358647549,M.N.G.O #914,210772,P. Drewes
Algorand:358647724,M.N.G.O #915,261536,L. Chambers-Parillon
Algorand:358647885,M.N.G.O #916,237718,S. Ambri
Algorand:358648016,M.N.G.O #917,264470,D. Toševski
Algorand:358648153,M.N.G.O #918,222574,T. Nishi
Algorand:358648322,M.N.G.O #919,166074,Bebé
Algorand:358534605,M.N.G.O #92,253423,A. Paul
Algorand:358648428,M.N.G.O #920,224890,Miguel Cardoso
Algorand:358648570,M.N.G.O #921,255547,Cha Oh Yeon
Algorand:358648727,M.N.G.O #922,218343,R. Hedges
Algorand:358648900,M.N.G.O #923,181468,D. Bouzanis
Algorand:358649037,M.N.G.O #924,261886,Bai Yang
Algorand:358649233,M.N.G.O #925,236593,C. Stengs
Algorand:358649392,M.N.G.O #926,212194,J. Brandt
Algorand:358649520,M.N.G.O #927,225733,Cesinha
Algorand:358649656,M.N.G.O #928,204240,B. Reynet
Algorand:358649888,M.N.G.O #929,245354,J. Paradela
Algorand:358534691,M.N.G.O #93,189505,Pedro
Algorand:358650018,M.N.G.O #930,241990,O. Fernández
Algorand:358650212,M.N.G.O #931,183871,N. Müller
Algorand:358650452,M.N.G.O #932,208697,D. Rogers
Algorand:358650645,M.N.G.O #933,184148,J. Coppens
Algorand:358650784,M.N.G.O #934,216245,L. Cárdenas
Algorand:358650950,M.N.G.O #935,243158,L. Wahlstedt
Algorand:358651128,M.N.G.O #936,260323,M. Murakami
Algorand:358651317,M.N.G.O #937,247851,Bruno Guimarães
Algorand:358651461,M.N.G.O #938,259820,F. Mora
Algorand:358651649,M.N.G.O #939,240008,A. Papadopoulos
Algorand:358534810,M.N.G.O #94,260303,M. Vorobjovas
Algorand:358651813,M.N.G.O #940,253240,I. Franco
Algorand:358652004,M.N.G.O #941,239306,J. Bataille
Algorand:358652132,M.N.G.O #942,226697,M. Lainez
Algorand:358652272,M.N.G.O #943,230170,Jaim Abra
Algorand:358652431,M.N.G.O #944,258181,Joel Sousa
Algorand:358652583,M.N.G.O #945,257685,L. D'Cunha
Algorand:358652812,M.N.G.O #946,154950,Y. Zhirkov
Algorand:358652979,M.N.G.O #947,216388,A. Saint-Maximin
Algorand:358653182,M.N.G.O #948,255717,J. Mero
Algorand:358653314,M.N.G.O #949,214763,P. Goltz
Algorand:358535007,M.N.G.O #95,257917,S. Christiansen
Algorand:358653471,M.N.G.O #950,234376,Lourency
Algorand:358653619,M.N.G.O #951,262233,D. Skundrich
Algorand:358653752,M.N.G.O #952,264119,A. Ingves
Algorand:358653915,M.N.G.O #953,199417,H. Tekin
Algorand:358654081,M.N.G.O #954,190778,J. Zoet
Algorand:358654248,M.N.G.O #955,259323,E. Villar
Algorand:358654361,M.N.G.O #956,181573,O. Akhmedov
Algorand:358654528,M.N.G.O #957,236686,J. Kay
Algorand:358654711,M.N.G.O #958,257671,K. Sadłocha
Algorand:358654878,M.N.G.O #959,234028,Rômulo Calsede
Algorand:358535196,M.N.G.O #96,251831,D. Garcia
Algorand:358654976,M.N.G.O #960,190852,C. McManaman
Algorand:358655103,M.N.G.O #961,243517,C. Logan
Algorand:358655286,M.N.G.O #962,262889,A. Garcia MacNulty
Algorand:358655460,M.N.G.O #963,192361,P. Wojciechowski
Algorand:358655603,M.N.G.O #964,232350,J. Posavec
Algorand:358655768,M.N.G.O #965,242370,J. Bocanegra
Algorand:358655867,M.N.G.O #966,263795,Zhang Xiao
Algorand:358655997,M.N.G.O #967,251924,N. Zohoré
Algorand:358656124,M.N.G.O #968,242230,J. Lennon
Algorand:358656281,M.N.G.O #969,257916,M. Schroers
Algorand:358535299,M.N.G.O #97,261052,Kang Dong Hyeok
Algorand:358656477,M.N.G.O #970,251051,C. Cherchez
Algorand:358656598,M.N.G.O #971,232654,L. Malagón
Algorand:358656730,M.N.G.O #972,242086,M. Sutton
Algorand:358656888,M.N.G.O #973,194354,E. Haji Safi
Algorand:358656982,M.N.G.O #974,264232,A. Al Sultan
Algorand:358657094,M.N.G.O #975,244179,N. Niemann
Algorand:358657260,M.N.G.O #976,248147,M. Praszelik
Algorand:358657496,M.N.G.O #977,158543,O. Peralta
Algorand:358657647,M.N.G.O #978,246885,N. Capaldo
Algorand:358657833,M.N.G.O #979,200197,N. Blandi
Algorand:358535380,M.N.G.O #98,257019,H. Gambor
Algorand:358657982,M.N.G.O #980,229949,Anderson Lopes
Algorand:358658158,M.N.G.O #981,3467,Yuri
Algorand:358658302,M.N.G.O #982,209990,R. Strebinger
Algorand:358658427,M.N.G.O #983,208159,M. Frey
Algorand:358658592,M.N.G.O #984,167665,N. Domingo
Algorand:358658765,M.N.G.O #985,235134,P. Rosario
Algorand:358658874,M.N.G.O #986,179528,Xavi Torres
Algorand:358659032,M.N.G.O #987,230327,Gérson Damesio
Algorand:358659187,M.N.G.O #988,257007,D. Borkowski
Algorand:358659326,M.N.G.O #989,245762,A. Kutucu
Algorand:358535516,M.N.G.O #99,135537,G. Tamaș
Algorand:358659511,M.N.G.O #990,255703,L. Le Roux
Algorand:358659682,M.N.G.O #991,263271,A. Emakhu
Algorand:358659813,M.N.G.O #992,226524,M. Johansson
Algorand:358659988,M.N.G.O #993,211348,S. Dimitrievski
Algorand:358660154,M.N.G.O #994,261330,R. Arias
Algorand:358660274,M.N.G.O #995,200778,C. Christie
Algorand:358660385,M.N.G.O #996,241976,Tiago Sá
Algorand:358660566,M.N.G.O #997,242253,M. Toye
Algorand:358660726,M.N.G.O #998,261984,Wang Jinshuai
Algorand:358660874,M.N.G.O #999,252692,S. Nicholson
Algorand:812513319,Mostly Frens #0001,221279,L. Kelly
Algorand:812513398,Mostly Frens #0002,176550,D. Ospina
Algorand:812513450,Mostly Frens #0003,251789,P. Martin
Algorand:812513534,Mostly Frens #0004,204367,B. van Leer
Algorand:812513742,Mostly Frens #0007,148212,A. Rebrov
Algorand:812513809,Mostly Frens #0008,264173,Iván Romero
Algorand:812513873,Mostly Frens #0009,230296,Cristian Lodeira
Algorand:812513920,Mostly Frens #0010,242542,A. Herrera
Algorand:812520467,Mostly Frens #0011,155463,V. Găman
Algorand:812520527,Mostly Frens #0012,248041,F. Ștefan
Algorand:812520605,Mostly Frens #0013,201438,H. Van Der Bruggen
Algorand:812520710,Mostly Frens #0014,255150,N. Nkounkou
Algorand:812520787,Mostly Frens #0015,256046,G. Dragomir
Algorand:812520834,Mostly Frens #0016,258133,G. De Amores
Algorand:812520901,Mostly Frens #0017,261962,Song Defu
Algorand:812520993,Mostly Frens #0018,264366,J. Gaines
Algorand:812521053,Mostly Frens #0019,241338,Yan Zihao
Algorand:812521133,Mostly Frens #0020,226724,C. Senior
Algorand:812521220,Mostly Frens #0021,193260,M. Pink
Algorand:812521291,Mostly Frens #0022,245689,E. Ferigra
Algorand:812521366,Mostly Frens #0023,258839,T. Linsbichler
Algorand:812521427,Mostly Frens #0024,171923,S. Foley
Algorand:812521497,Mostly Frens #0025,226838,Wang Guoming
Algorand:812521567,Mostly Frens #0026,223926,S. Bastien
Algorand:812521665,Mostly Frens #0027,199601,M. Çağıran
Algorand:812521720,Mostly Frens #0028,212230,Iuri Medeiros
Algorand:812521830,Mostly Frens #0029,248678,A. Crivac
Algorand:812521920,Mostly Frens #0030,257489,J. Carrillo
Algorand:812521983,Mostly Frens #0031,197937,P. Djilobodji
Algorand:812522060,Mostly Frens #0032,222262,C. Dessers
Algorand:812522132,Mostly Frens #0033,213653,T. Dallison
Algorand:812522216,Mostly Frens #0034,259271,I. Gariglio
Algorand:812522318,Mostly Frens #0035,230483,Jacson Zonta
Algorand:812522381,Mostly Frens #0036,154472,Jorge Molina
Algorand:812522469,Mostly Frens #0037,220737,N. Valskis
Algorand:812522526,Mostly Frens #0038,216750,P. Carlgren
Algorand:812522687,Mostly Frens #0040,260998,L. Rhöse
Algorand:812522778,Mostly Frens #0041,260492,Eom Ji Sung
Algorand:812522997,Mostly Frens #0044,203175,L. Burge
Algorand:812523052,Mostly Frens #0045,264334,D. Elerewe
Algorand:812523125,Mostly Frens #0046,189157,Y. Bolasie
Algorand:812523187,Mostly Frens #0047,211348,S. Dimitrievski
Algorand:812523330,Mostly Frens #0049,240592,B. James
Algorand:812523382,Mostly Frens #0050,264133,H. Valdimarsson
Algorand:812523468,Mostly Frens #0051,173608,Joselu
Algorand:812523671,Mostly Frens #0054,236464,J. Ngoy
Algorand:812523728,Mostly Frens #0055,257082,M. Liesegang
Algorand:812523900,Mostly Frens #0057,263584,S. Baş
Algorand:812524004,Mostly Frens #0059,246172,S. Chukwueze
Algorand:812524071,Mostly Frens #0060,229382,J. Quintero
Algorand:812524156,Mostly Frens #0061,240091,G. Vicario
Algorand:812524224,Mostly Frens #0062,229731,M. Stevens
Algorand:812524301,Mostly Frens #0063,253749,Wen Tianpeng
Algorand:812524373,Mostly Frens #0064,243245,O. Kökçü
Algorand:812524435,Mostly Frens #0065,262041,P. Maguire
Algorand:812524543,Mostly Frens #0066,244883,A. Al Yami
Algorand:812524719,Mostly Frens #0069,257549,L. Brochero
Algorand:812524821,Mostly Frens #0070,240452,M. Nzola
Algorand:812524896,Mostly Frens #0071,180739,E. Kawashima
Algorand:812524950,Mostly Frens #0072,234472,M. Sørensen
Algorand:812524999,Mostly Frens #0073,263093,S. Skrbo
Algorand:812525066,Mostly Frens #0074,243485,S. Valenzuela
Algorand:812525146,Mostly Frens #0075,229723,M. Jensen
Algorand:812525223,Mostly Frens #0076,184575,R. Alessandrini
Algorand:812525285,Mostly Frens #0077,256377,T. Rask
Algorand:812525345,Mostly Frens #0078,201454,F. Ghoulam
Algorand:812525409,Mostly Frens #0079,226710,G. Scamacca
Algorand:812525459,Mostly Frens #0080,253275,J. Trindade
Algorand:812525528,Mostly Frens #0081,263943,Javi Serrano
Algorand:812525588,Mostly Frens #0082,184134,Fernando
Algorand:812525680,Mostly Frens #0083,239364,P. Köhn
Algorand:812525728,Mostly Frens #0084,224677,Bi Jinhao
Algorand:812525805,Mostly Frens #0085,254071,A. Blanco
Algorand:812525875,Mostly Frens #0086,245637,G. Rutter
Algorand:812525921,Mostly Frens #0087,206159,S. Sabelli
Algorand:812525992,Mostly Frens #0088,254796,N. Madueke
Algorand:812526071,Mostly Frens #0089,208153,L. Veldwijk
Algorand:812526158,Mostly Frens #0090,258485,F. Jörgensen
Algorand:812526223,Mostly Frens #0091,258352,A. Gülay
Algorand:812526293,Mostly Frens #0092,259524,Aitor Paredes
Algorand:812526340,Mostly Frens #0093,251774,J. Machado
Algorand:812526421,Mostly Frens #0094,204282,C. Kane
Algorand:812526484,Mostly Frens #0095,236621,P. Hamel
Algorand:812526556,Mostly Frens #0096,252238,A. Velasco
Algorand:812526619,Mostly Frens #0097,235456,J. Bellegarde
Algorand:812526694,Mostly Frens #0098,193738,Y. Belhanda
Algorand:812526764,Mostly Frens #0099,259991,I. Larsson
Algorand:812526813,Mostly Frens #0100,261246,M. Bozinovski
Algorand:812526902,Mostly Frens #0101,260702,L. Jackson
Algorand:812526953,Mostly Frens #0102,263418,L. Varaldo
Algorand:812527007,Mostly Frens #0103,252578,A. Šabanadžović
Algorand:812527156,Mostly Frens #0105,240434,J. Tell
Algorand:812527211,Mostly Frens #0106,200918,C. Knasmüllner
Algorand:812527296,Mostly Frens #0107,250753,A. Trubin
Algorand:812527372,Mostly Frens #0108,261242,J. Stafford
Algorand:812527427,Mostly Frens #0109,226266,J. Vargas
Algorand:812527512,Mostly Frens #0110,241171,A. Obispo
Algorand:812527588,Mostly Frens #0111,228303,Jorge Ortiz
Algorand:812527647,Mostly Frens #0112,199475,W. Evseev
Algorand:812527717,Mostly Frens #0113,257896,N. Patterson
Algorand:812527789,Mostly Frens #0114,252541,J. Chotard
Algorand:812527868,Mostly Frens #0115,225667,C. Chaplin
Algorand:812527951,Mostly Frens #0116,251636,D. Haruț
Algorand:812528176,Mostly Frens #0118,255005,Y. Asano
Algorand:812528240,Mostly Frens #0119,252037,Fábio Silva
Algorand:812528348,Mostly Frens #0120,235619,M. Edwards
Algorand:812528458,Mostly Frens #0121,222154,B. Carvallo
Algorand:812528544,Mostly Frens #0122,259054,Tiago Morais
Algorand:812528622,Mostly Frens #0123,260652,C. Ofoedu
Algorand:812528681,Mostly Frens #0124,259991,I. Larsson
Algorand:812528762,Mostly Frens #0125,230457,Gabrisco Aníbal
Algorand:812528830,Mostly Frens #0126,212607,M. Chanot
Algorand:812528909,Mostly Frens #0127,225085,J. Bamba
Algorand:812528977,Mostly Frens #0128,201122,T. Kalas
Algorand:812529037,Mostly Frens #0129,205584,M. Ihiekwe
Algorand:812529122,Mostly Frens #0130,263153,J. Gómez
Algorand:812529160,Mostly Frens #0131,242725,K. Thorstvedt
Algorand:812529224,Mostly Frens #0132,242952,S. Bareiro
Algorand:812529296,Mostly Frens #0133,216354,A. Kramarić
Algorand:812529400,Mostly Frens #0135,200294,Edu García
Algorand:812529453,Mostly Frens #0136,261536,L. Chambers-Parillon
Algorand:812529506,Mostly Frens #0137,259628,L. Johnson
Algorand:812529568,Mostly Frens #0138,230204,Héniton Pires
Algorand:812529633,Mostly Frens #0139,231547,L. Mansell
Algorand:812529701,Mostly Frens #0140,221367,D. Milošević
Algorand:812529752,Mostly Frens #0141,242964,A. Gordon
Algorand:812529819,Mostly Frens #0142,263014,B. Makouana
Algorand:812529947,Mostly Frens #0144,211903,B. Kololli
Algorand:812529997,Mostly Frens #0145,208120,K. Przybyłko
Algorand:812530066,Mostly Frens #0146,229367,S. Humphrys
Algorand:812530188,Mostly Frens #0148,238225,Olabe
Algorand:812530254,Mostly Frens #0149,262373,F. Chalupniczak
Algorand:812530317,Mostly Frens #0150,191488,L. Orbán
Algorand:812530362,Mostly Frens #0151,234988,M. Al Saeed
Algorand:812530422,Mostly Frens #0152,205119,S. Rodríguez
Algorand:812530479,Mostly Frens #0153,235304,B. Mrozek
Algorand:812530523,Mostly Frens #0154,251368,K. Kostorz
Algorand:812530577,Mostly Frens #0155,240702,R. Yaremchuk
Algorand:812530633,Mostly Frens #0156,206202,O. Norburn
Algorand:812530693,Mostly Frens #0157,192546,E. Stevens
Algorand:812530737,Mostly Frens #0158,242578,B. Badiashile
Algorand:812530814,Mostly Frens #0159,238319,T. Edwards
Algorand:812530890,Mostly Frens #0160,223732,A. Damen
Algorand:812530934,Mostly Frens #0161,243882,J. Dörfler
Algorand:812531170,Mostly Frens #0163,226278,Xavier
Algorand:812531270,Mostly Frens #0164,208615,C. Jullien
Algorand:812531353,Mostly Frens #0165,220702,G. Silva
Algorand:812531424,Mostly Frens #0166,261075,Kang Jae Woo
Algorand:812531501,Mostly Frens #0167,190780,S. Johnson
Algorand:812531631,Mostly Frens #0169,262916,M. Badji
Algorand:812531704,Mostly Frens #0170,263110,I. Baldé
Algorand:812531780,Mostly Frens #0171,206631,K. Rowe
Algorand:812531834,Mostly Frens #0172,220581,Rafael Ratão
Algorand:812531931,Mostly Frens #0173,246093,André Luís
Algorand:812532024,Mostly Frens #0174,185431,N. Kalinić
Algorand:812532097,Mostly Frens #0175,187339,J. Hamad
Algorand:812532181,Mostly Frens #0176,257709,Deng Jiaxing
Algorand:812532267,Mostly Frens #0177,264114,M. Cahill
Algorand:812532315,Mostly Frens #0178,234513,A. Ba
Algorand:812532388,Mostly Frens #0179,215755,F. Černych
Algorand:812532441,Mostly Frens #0180,259646,A. Shaikh
Algorand:812532627,Mostly Frens #0182,197965,Pizzi
Algorand:812532705,Mostly Frens #0183,201301,D. Høegh
Algorand:812532757,Mostly Frens #0184,258964,Zhang Jinliang
Algorand:812532843,Mostly Frens #0185,230942,J. Pask
Algorand:812532899,Mostly Frens #0186,208626,A. Said
Algorand:812532999,Mostly Frens #0187,226122,J. Arias
Algorand:812533062,Mostly Frens #0188,263325,J. Hinds
Algorand:812533202,Mostly Frens #0190,263969,F. Momoh
Algorand:812533283,Mostly Frens #0191,234834,K. Andrić
Algorand:812533376,Mostly Frens #0192,202282,S. Armstrong
Algorand:812533418,Mostly Frens #0193,172619,E. Gutiérrez
Algorand:812533484,Mostly Frens #0194,240947,T. Mitchell
Algorand:812533556,Mostly Frens #0195,236245,A. Elis
Algorand:812533617,Mostly Frens #0196,212261,Brandon Thomas
Algorand:812533699,Mostly Frens #0197,261129,Cho Sang Jun
Algorand:812533768,Mostly Frens #0198,258923,Arribas
Algorand:812533810,Mostly Frens #0199,260965,Fábio
Algorand:812533962,Mostly Frens #0201,253955,Han Jiaqi
Algorand:812534033,Mostly Frens #0202,264499,N. Singh
Algorand:812534108,Mostly Frens #0203,262521,R. Austin
Algorand:812534190,Mostly Frens #0204,202749,Kim Oh Gyu
Algorand:812534258,Mostly Frens #0205,206254,M. Stevanović
Algorand:812534320,Mostly Frens #0206,264396,T. Nkeng
Algorand:812534387,Mostly Frens #0207,253824,D. Noboa
Algorand:812534435,Mostly Frens #0208,248678,A. Crivac
Algorand:812534501,Mostly Frens #0209,207865,Marquinhos
Algorand:812534570,Mostly Frens #0210,263622,H. Beadle
Algorand:812534709,Mostly Frens #0212,193336,V. Belec
Algorand:812534766,Mostly Frens #0213,257707,Z. Muñoz
Algorand:812534844,Mostly Frens #0214,264455,D. Gomes
Algorand:812534914,Mostly Frens #0215,263445,A. Abdijanovic
Algorand:812534981,Mostly Frens #0216,234049,B. Niasse
Algorand:812535038,Mostly Frens #0217,243025,L. Kamberi
Algorand:812535127,Mostly Frens #0218,251346,J. Martin
Algorand:812535196,Mostly Frens #0219,235834,F. Depaoli
Algorand:812535265,Mostly Frens #0220,259168,Y. Maronne
Algorand:812535333,Mostly Frens #0221,258917,Francisco Teixeira
Algorand:812535398,Mostly Frens #0222,246341,T. Shichi
Algorand:812535472,Mostly Frens #0223,243932,D. Philipp
Algorand:812535544,Mostly Frens #0224,263666,R. González
Algorand:812535636,Mostly Frens #0225,181436,D. Marcq
Algorand:812535690,Mostly Frens #0226,225783,S. Mavididi
Algorand:812535765,Mostly Frens #0227,257023,P. Johansen
Algorand:812535853,Mostly Frens #0228,214076,N. Vikonis
Algorand:812535898,Mostly Frens #0229,205953,João Paulo
Algorand:812535995,Mostly Frens #0230,245612,E. Katayama
Algorand:812536066,Mostly Frens #0231,262885,H. Muller
Algorand:812536142,Mostly Frens #0232,236527,S. Cáseres
Algorand:812536221,Mostly Frens #0233,251684,J. Tunnicliffe
Algorand:812536431,Mostly Frens #0235,199439,M. Gregoritsch
Algorand:812536500,Mostly Frens #0236,259825,A. Rodríguez
Algorand:812536582,Mostly Frens #0237,184878,T. Høiland
Algorand:812536645,Mostly Frens #0238,214584,F. Armani
Algorand:812536702,Mostly Frens #0239,222411,J. Prior
Algorand:812536755,Mostly Frens #0240,247187,Júnior Brumado
Algorand:812536805,Mostly Frens #0241,241039,N. Tsaroulla
Algorand:812536887,Mostly Frens #0242,245653,J. Murray
Algorand:812536954,Mostly Frens #0243,255450,M. Chahiri
Algorand:812537010,Mostly Frens #0244,259650,F. Molla
Algorand:812537080,Mostly Frens #0245,240460,B. Al Bahrani
Algorand:812537138,Mostly Frens #0246,231025,Hugo Rama
Algorand:812537208,Mostly Frens #0247,238674,K. Broll
Algorand:812537268,Mostly Frens #0248,243166,B. Paton
Algorand:812537319,Mostly Frens #0249,142962,E. Bologna
Algorand:812537439,Mostly Frens #0250,257946,A. Seidu
Algorand:812537572,Mostly Frens #0251,185405,D. Kuciak
Algorand:812537654,Mostly Frens #0252,143699,G. Gönül
Algorand:812537724,Mostly Frens #0253,245336,M. Kilman
Algorand:812537797,Mostly Frens #0254,240684,F. Al Tryes
Algorand:812537896,Mostly Frens #0255,209597,Antônio Carlos
Algorand:812538016,Mostly Frens #0256,260244,A. Disaro
Algorand:812538098,Mostly Frens #0257,264540,E. Lalchhanchhuaha
Algorand:812538157,Mostly Frens #0258,170597,T. Krul
Algorand:812538234,Mostly Frens #0259,225694,T. Thomas
Algorand:812538336,Mostly Frens #0260,245766,Y. Ohashi
Algorand:812538437,Mostly Frens #0261,223553,Serginho
Algorand:812538526,Mostly Frens #0262,256545,A. Bajic
Algorand:812538601,Mostly Frens #0263,225706,M. Trauco
Algorand:812538676,Mostly Frens #0264,255500,Seo Min Woo
Algorand:812538741,Mostly Frens #0265,256893,Kibe
Algorand:812538822,Mostly Frens #0266,241410,E. Salcedo
Algorand:812538909,Mostly Frens #0267,227796,C. Pulisic
Algorand:812538996,Mostly Frens #0268,206003,Y. Mvogo
Algorand:812539047,Mostly Frens #0269,233510,T. Chong
Algorand:812539122,Mostly Frens #0270,209317,P. Vlachodimos
Algorand:812539276,Mostly Frens #0271,259805,S. Schendl
Algorand:812539348,Mostly Frens #0272,209937,Quini
Algorand:812539428,Mostly Frens #0273,233440,F. Antonini
Algorand:812539506,Mostly Frens #0274,178090,D. Biseswar
Algorand:812539556,Mostly Frens #0275,259119,S. Sow
Algorand:812539696,Mostly Frens #0277,189024,M. Banguera
Algorand:812539738,Mostly Frens #0278,241645,V. Torp
Algorand:812539805,Mostly Frens #0279,233512,A. Toșca
Algorand:812539879,Mostly Frens #0280,264295,N. Ødegård
Algorand:812540002,Mostly Frens #0282,231624,F. Schleusener
Algorand:812540071,Mostly Frens #0283,246791,M. Solomon
Algorand:812540142,Mostly Frens #0284,264075,K. Kundaikar
Algorand:812540208,Mostly Frens #0285,239816,N. Mantl
Algorand:812540279,Mostly Frens #0286,200389,J. Oblak
Algorand:812540382,Mostly Frens #0287,248305,S. Panwar
Algorand:812540515,Mostly Frens #0289,202827,C. Battocchio
Algorand:812540660,Mostly Frens #0291,258512,L. Stellwagen
Algorand:812540716,Mostly Frens #0292,258342,J. Sikora
Algorand:812540783,Mostly Frens #0293,216214,J. Gorman
Algorand:812540879,Mostly Frens #0294,223058,D. Kuzyaev
Algorand:812540940,Mostly Frens #0295,247148,J. Segovia
Algorand:812541012,Mostly Frens #0296,256632,Luis Henrique
Algorand:812541079,Mostly Frens #0297,240506,F. Arhin
Algorand:812541158,Mostly Frens #0298,237161,S. Longstaff
Algorand:812541206,Mostly Frens #0299,257082,M. Liesegang
Algorand:812541280,Mostly Frens #0300,254994,M. Tenho
Algorand:812541349,Mostly Frens #0301,205211,M. Borjan
Algorand:812541430,Mostly Frens #0302,264451,E. Vergani
Algorand:812541512,Mostly Frens #0303,263419,K. Silvestre
Algorand:812541548,Mostly Frens #0304,234795,A. Bernede
Algorand:812541620,Mostly Frens #0305,233097,R. van Drongelen
Algorand:812541738,Mostly Frens #0307,255809,B. Scorza
Algorand:812542289,Mostly Frens #0310,211899,F. Niederlechner
Algorand:812542368,Mostly Frens #0311,215817,D. Islamović
Algorand:812542442,Mostly Frens #0312,230471,Wilsson Rosito
Algorand:812542519,Mostly Frens #0313,230283,Evandro Rochedo
Algorand:812542616,Mostly Frens #0314,214968,F. Mancuello
Algorand:812542666,Mostly Frens #0315,225647,M. Campaña
Algorand:812542745,Mostly Frens #0316,261161,M. Giménez
Algorand:812542833,Mostly Frens #0317,49000,A. McGregor
Algorand:812542924,Mostly Frens #0318,245558,G. Maley
Algorand:812543060,Mostly Frens #0320,251936,P. Petkovski
Algorand:812543135,Mostly Frens #0321,241458,O. Gallacher
Algorand:812543193,Mostly Frens #0322,262573,S. Gavriel
Algorand:812543268,Mostly Frens #0323,223578,Mata
Algorand:812543337,Mostly Frens #0324,230722,S. Boyd
Algorand:812543409,Mostly Frens #0325,211241,Rubén Peña
Algorand:812543470,Mostly Frens #0326,190459,A. Hansen
Algorand:812543609,Mostly Frens #0328,202698,L. Young
Algorand:812543685,Mostly Frens #0329,198611,N. Đurđić
Algorand:812543744,Mostly Frens #0330,256414,P. Ferry
Algorand:812543800,Mostly Frens #0331,262403,P. Rommens
Algorand:812543880,Mostly Frens #0332,223248,J. Lucero
Algorand:812543961,Mostly Frens #0333,201403,Álvaro Vázquez
Algorand:812544029,Mostly Frens #0334,215262,F. Márquez
Algorand:812544108,Mostly Frens #0335,193310,D. Schmidt
Algorand:812544176,Mostly Frens #0336,178418,F. Peluso
Algorand:812544229,Mostly Frens #0337,244017,M. Asselah
Algorand:812544301,Mostly Frens #0338,213871,K. Junker
Algorand:812544377,Mostly Frens #0339,215965,C. Strandberg
Algorand:812544451,Mostly Frens #0340,257392,J. Kroesen
Algorand:812544521,Mostly Frens #0341,215363,L. Montipò
Algorand:812544613,Mostly Frens #0342,227911,R. Leal
Algorand:812544741,Mostly Frens #0344,263488,R. Adigo
Algorand:812544884,Mostly Frens #0346,215064,J. Furch
Algorand:812544950,Mostly Frens #0347,259835,Robson
Algorand:812545028,Mostly Frens #0348,227686,K. Anderson
Algorand:812545149,Mostly Frens #0350,258440,N. Dosis
Algorand:812545282,Mostly Frens #0352,201304,B. Kadrii
Algorand:812545346,Mostly Frens #0353,256427,M. Lahdo
Algorand:812545403,Mostly Frens #0354,258248,D. Krzysztofek
Algorand:812545530,Mostly Frens #0356,262931,T. Ernst
Algorand:812545586,Mostly Frens #0357,216437,Wallace
Algorand:812545641,Mostly Frens #0358,240439,R. Porteous
Algorand:812545702,Mostly Frens #0359,259997,A. Johansson
Algorand:812545769,Mostly Frens #0360,262831,D. Orsi
Algorand:812545835,Mostly Frens #0361,230170,Jaim Abra
Algorand:812545894,Mostly Frens #0362,260472,Kim Ye Ji
Algorand:812545939,Mostly Frens #0363,257836,J. Fjeldskår
Algorand:812545991,Mostly Frens #0364,263933,N. Raj
Algorand:812546057,Mostly Frens #0365,253322,L. Quiñonez
Algorand:812546123,Mostly Frens #0366,223771,B. Singh
Algorand:812546181,Mostly Frens #0367,226851,B. Pavard
Algorand:812546232,Mostly Frens #0368,199412,Sebá
Algorand:812546372,Mostly Frens #0370,184851,D. Vega
Algorand:812546432,Mostly Frens #0371,259834,G. Villamíl
Algorand:812546553,Mostly Frens #0373,166844,K. Lafferty
Algorand:812546616,Mostly Frens #0374,245610,A. Kıvanç
Algorand:812546694,Mostly Frens #0375,256427,M. Lahdo
Algorand:812546827,Mostly Frens #0377,263451,F. Galván
Algorand:812546940,Mostly Frens #0379,243202,A. Jones
Algorand:812547019,Mostly Frens #0380,264475,M. Boylan
Algorand:812547123,Mostly Frens #0381,242952,S. Bareiro
Algorand:812547212,Mostly Frens #0382,196978,C. Wilson
Algorand:812547337,Mostly Frens #0383,163264,T. Heaton
Algorand:812547420,Mostly Frens #0384,253537,B. Castillo
Algorand:812547502,Mostly Frens #0385,248379,S. Doherty
Algorand:812547707,Mostly Frens #0387,215990,Ó. Benítez
Algorand:812547791,Mostly Frens #0388,263491,V. Dumitrache
Algorand:812547862,Mostly Frens #0389,264205,N. Angulo
Algorand:812547959,Mostly Frens #0390,241075,P. Smyth
Algorand:812548039,Mostly Frens #0391,263387,K. Kouassi
Algorand:812548129,Mostly Frens #0392,236445,J. Kabongo
Algorand:812548217,Mostly Frens #0393,204078,R. Wolski
Algorand:812548294,Mostly Frens #0394,226861,S. Thioub
Algorand:812548393,Mostly Frens #0395,172685,José Crespo
Algorand:812548564,Mostly Frens #0397,262402,Sergi Cardona
Algorand:812548644,Mostly Frens #0398,257300,R. Cielemęcki
Algorand:812548727,Mostly Frens #0399,241048,J. Tuominen
Algorand:812548818,Mostly Frens #0400,262088,H. Haraldsson
Algorand:812548911,Mostly Frens #0401,205288,Fernando
Algorand:812549088,Mostly Frens #0403,264060,N. Foster
Algorand:812549196,Mostly Frens #0404,208894,F. Bednarek
Algorand:812549320,Mostly Frens #0405,193152,Herrerín
Algorand:812549396,Mostly Frens #0406,239798,A. Chernov
Algorand:812549479,Mostly Frens #0407,253861,M. Ferreira
Algorand:812549581,Mostly Frens #0408,239342,H. Koffi
Algorand:812549825,Mostly Frens #0410,248268,A. Chhetri
Algorand:812549991,Mostly Frens #0411,263187,T. Coman
Algorand:812550096,Mostly Frens #0412,242547,J. Scherzer
Algorand:812550183,Mostly Frens #0413,252912,Jofre Cherta
Algorand:812550228,Mostly Frens #0414,264440,Guille Bueno
Algorand:812550307,Mostly Frens #0415,203210,Y. Songo'o
Algorand:812550355,Mostly Frens #0416,241402,S. Shotton
Algorand:812550408,Mostly Frens #0417,248308,R. Kumar
Algorand:812550476,Mostly Frens #0418,242656,I. Meslier
Algorand:812550523,Mostly Frens #0419,197496,Y. Al Mosailem
Algorand:812550688,Mostly Frens #0422,258228,S. Sanogo
Algorand:812550755,Mostly Frens #0423,176137,J. Vossen
Algorand:812550878,Mostly Frens #0425,246313,S. Spasov
Algorand:812550995,Mostly Frens #0427,222612,M. Kelly
Algorand:812551074,Mostly Frens #0428,228716,Kevin
Algorand:812551199,Mostly Frens #0430,219525,E. Cerutti
Algorand:812551310,Mostly Frens #0432,227106,Diego González
Algorand:812551360,Mostly Frens #0433,200466,V. Eicher
Algorand:812551418,Mostly Frens #0434,224933,K. Lasagna
Algorand:812551490,Mostly Frens #0435,230294,Louri Beretta
Algorand:812551539,Mostly Frens #0436,242601,M. Najjar
Algorand:812551596,Mostly Frens #0437,211732,T. Thiele
Algorand:812551680,Mostly Frens #0438,263169,F. Stevanović
Algorand:812551741,Mostly Frens #0439,221445,Wu Lei
Algorand:812551846,Mostly Frens #0441,246815,O. Stefánsson
Algorand:812551888,Mostly Frens #0442,241859,R. Hoffmann
Algorand:812551938,Mostly Frens #0443,247159,C. Sertel
Algorand:812551985,Mostly Frens #0444,263666,R. González
Algorand:812552065,Mostly Frens #0445,186402,S. Candia
Algorand:812552196,Mostly Frens #0446,205201,O. Yokuşlu
Algorand:812552323,Mostly Frens #0447,224987,I. Provedel
Algorand:812552468,Mostly Frens #0448,256414,P. Ferry
Algorand:812552564,Mostly Frens #0449,261666,C. Warfield
Algorand:812552621,Mostly Frens #0450,259018,Diogo Silva
Algorand:812552688,Mostly Frens #0451,253065,P. Gill
Algorand:812552769,Mostly Frens #0452,252995,V. Torop
Algorand:812552847,Mostly Frens #0453,263704,Thaciano
Algorand:812552969,Mostly Frens #0454,261766,A. Hountondji
Algorand:812553034,Mostly Frens #0455,198455,J. Larsson
Algorand:812553115,Mostly Frens #0456,230613,A. Diawara
Algorand:812553264,Mostly Frens #0457,192922,O. Jiménez
Algorand:812553355,Mostly Frens #0458,247648,K. Miller
Algorand:812553434,Mostly Frens #0459,254087,R. Juárez
Algorand:812553513,Mostly Frens #0460,258748,C. Chukwuemeka
Algorand:812553575,Mostly Frens #0461,205953,João Paulo
Algorand:812553617,Mostly Frens #0462,192373,M. Caraglio
Algorand:812553813,Mostly Frens #0464,184781,D. Petrić
Algorand:812553866,Mostly Frens #0465,204092,J. Blaswich
Algorand:812553910,Mostly Frens #0466,256326,P. Abraham
Algorand:812554109,Mostly Frens #0467,241150,J. Mbom
Algorand:812554225,Mostly Frens #0468,198132,D. Oberhauser
Algorand:812554370,Mostly Frens #0469,202491,T. Carroll
Algorand:812554634,Mostly Frens #0470,227530,D. Lemos
Algorand:812554815,Mostly Frens #0471,172232,J. Toivio
Algorand:812555015,Mostly Frens #0472,255717,J. Mero
Algorand:812555098,Mostly Frens #0473,253244,I. Don
Algorand:812555390,Mostly Frens #0477,188674,M. Pektemek
Algorand:812555449,Mostly Frens #0478,245622,S. Machino
Algorand:812555485,Mostly Frens #0479,211143,J. Ironside
Algorand:812555546,Mostly Frens #0480,25798,R. Santa Cruz
Algorand:812555595,Mostly Frens #0481,239393,D. Frieser
Algorand:812555621,Mostly Frens #0482,236537,G. Arteaga
Algorand:812555661,Mostly Frens #0483,262802,A. Kostrzewski
Algorand:812555717,Mostly Frens #0484,261502,G. Cabezas
Algorand:812555800,Mostly Frens #0486,231219,B. Rivero
Algorand:812555858,Mostly Frens #0487,192970,D. Mayor
Algorand:812555900,Mostly Frens #0488,257380,F. Flores
Algorand:812555941,Mostly Frens #0489,259568,C. Harvey
Algorand:812555969,Mostly Frens #0490,228075,Zhou Yuchen
Algorand:812555998,Mostly Frens #0491,261910,G. Sithole
Algorand:812556032,Mostly Frens #0492,229393,S. Hornby
Algorand:812556069,Mostly Frens #0493,213061,M. Kanazaki
Algorand:812556268,Mostly Frens #0494,213092,S. Piette
Algorand:812556329,Mostly Frens #0495,178250,P. Diop
Algorand:812556454,Mostly Frens #0496,202043,K. Holmberg
Algorand:812556555,Mostly Frens #0497,223737,P. Leeuwenburgh
Algorand:812556624,Mostly Frens #0498,240493,A. Paschalakis
Algorand:812556709,Mostly Frens #0499,216391,Erik
Algorand:812556824,Mostly Frens #0501,263272,P. Schulze
Algorand:812556942,Mostly Frens #0503,241496,T. Weah
Algorand:812556989,Mostly Frens #0504,237555,J. Bolingi
Algorand:812557044,Mostly Frens #0505,246911,F. Sjølstad
Algorand:812557092,Mostly Frens #0506,222644,Y. Asad
Algorand:812557161,Mostly Frens #0507,263841,P. Fahrner
Algorand:812557245,Mostly Frens #0508,175941,J. Horn
Algorand:812557408,Mostly Frens #0511,193348,X. Shaqiri
Algorand:812557468,Mostly Frens #0512,230046,L. Zahović
Algorand:812557526,Mostly Frens #0513,263490,J. McGonigle
Algorand:812557584,Mostly Frens #0514,230327,Gérson Damesio
Algorand:812557779,Mostly Frens #0515,221854,Wu Xinghan
Algorand:812558017,Mostly Frens #0517,205894,P. Iliev
Algorand:812558128,Mostly Frens #0518,199575,Jordi Masip
Algorand:812558203,Mostly Frens #0519,213697,P. McNair
Algorand:812558329,Mostly Frens #0520,264110,Llabrés
Algorand:812558527,Mostly Frens #0521,257962,L. Wouters
Algorand:812558673,Mostly Frens #0522,194018,J. Collins
Algorand:812558903,Mostly Frens #0523,235033,S. Chabbi
Algorand:812559253,Mostly Frens #0524,234914,M. D'Arpino
Algorand:812559449,Mostly Frens #0525,244393,Gonzalo Villar
Algorand:812559577,Mostly Frens #0526,198751,J. Madueña
Algorand:812559655,Mostly Frens #0527,165229,L. Koscielny
Algorand:812559714,Mostly Frens #0528,243211,N. Zedán
Algorand:812559822,Mostly Frens #0530,254357,S. Adrián
Algorand:812559876,Mostly Frens #0531,263151,F. Antovski
Algorand:812559929,Mostly Frens #0532,253325,R. Champang
Algorand:812559968,Mostly Frens #0533,254586,A. Marinelli
Algorand:812560052,Mostly Frens #0534,184890,C. Chávez
Algorand:812560203,Mostly Frens #0536,239322,C. Zimmermann
Algorand:812560260,Mostly Frens #0537,260450,J. Plata
Algorand:812560306,Mostly Frens #0538,189296,E. Berisha
Algorand:812560347,Mostly Frens #0539,248291,N. Kumar
Algorand:812560428,Mostly Frens #0540,190549,M. Henriksen
Algorand:812560485,Mostly Frens #0541,198946,D. D'Ambrosio
Algorand:812560533,Mostly Frens #0542,225282,J. Devecchi
Algorand:812560585,Mostly Frens #0543,243055,Rafael Camacho
Algorand:812560645,Mostly Frens #0544,263189,Patrick
Algorand:812560697,Mostly Frens #0545,224599,Yan Junling
Algorand:812560752,Mostly Frens #0546,245437,A. Gaich
Algorand:812560824,Mostly Frens #0547,261756,Thiago Andrade
Algorand:812560879,Mostly Frens #0548,182224,Wang Dalei
Algorand:812560978,Mostly Frens #0549,190653,I. Brizuela
Algorand:812561393,Mostly Frens #0553,221467,Lee Chang Min
Algorand:812561494,Mostly Frens #0554,253466,D. Singh
Algorand:812561683,Mostly Frens #0555,232585,N. Sakai
Algorand:812561780,Mostly Frens #0556,223994,S. Mugoša
Algorand:812561830,Mostly Frens #0557,189560,Iborra
Algorand:812561892,Mostly Frens #0558,186416,C. Hidalgo
Algorand:812561937,Mostly Frens #0559,254819,K. Urbański
Algorand:812562014,Mostly Frens #0560,261423,N. Deka
Algorand:812562080,Mostly Frens #0561,213030,J. Marié
Algorand:812562146,Mostly Frens #0562,220545,R. Ramallo
Algorand:812562191,Mostly Frens #0563,245558,G. Maley
Algorand:812562234,Mostly Frens #0564,262955,N. Wimmer
Algorand:812562283,Mostly Frens #0565,243097,Yin Congyao
Algorand:812562346,Mostly Frens #0566,230182,Lucas Mantela
Algorand:812562393,Mostly Frens #0567,195361,Javi López
Algorand:812562433,Mostly Frens #0568,199721,M. Gorgelin
Algorand:812562477,Mostly Frens #0569,254841,K. Kurokawa
Algorand:812562527,Mostly Frens #0570,233046,J. Grant
Algorand:812562567,Mostly Frens #0571,255814,J. Briones
Algorand:812562607,Mostly Frens #0572,247166,J. Olayinka
Algorand:812562659,Mostly Frens #0573,240955,T. Durso
Algorand:812562702,Mostly Frens #0574,211221,M. Boyle
Algorand:812562773,Mostly Frens #0576,193713,Qian Jiegei
Algorand:812562896,Mostly Frens #0577,254119,J. Madelin
Algorand:812562977,Mostly Frens #0578,206198,D. Heintz
Algorand:812563033,Mostly Frens #0579,260332,R. Garcés
Algorand:812563121,Mostly Frens #0580,261336,J. Philogene-Bidace
Algorand:812563157,Mostly Frens #0581,183898,Á. Di María
Algorand:812563195,Mostly Frens #0582,244319,R. Stewart
Algorand:812563255,Mostly Frens #0583,208374,A. Wooten
Algorand:812563297,Mostly Frens #0584,236287,N. Ibáñez
Algorand:812563347,Mostly Frens #0585,240751,G. Poussin
Algorand:812563385,Mostly Frens #0586,190734,G. Makaridze
Algorand:812563473,Mostly Frens #0588,228061,M. Bali
Algorand:812563591,Mostly Frens #0590,206003,Y. Mvogo
Algorand:812563648,Mostly Frens #0591,262377,S. Thangmuansang
Algorand:812563753,Mostly Frens #0593,254822,F. Tudor
Algorand:812563880,Mostly Frens #0595,200502,Marc Martínez
Algorand:812563915,Mostly Frens #0596,262733,N. Wassberg
Algorand:812563970,Mostly Frens #0597,204447,F. Lucioni
Algorand:812564091,Mostly Frens #0598,188268,L. Acosta
Algorand:812564194,Mostly Frens #0599,212915,Yun Pyeong Gook
Algorand:812564305,Mostly Frens #0600,202873,K. Müller
Algorand:812564364,Mostly Frens #0601,213959,E. Andersson
Algorand:812564426,Mostly Frens #0602,256387,Heo Ja Woong
Algorand:812564464,Mostly Frens #0603,200446,Camilo Sanvezzo
Algorand:812564518,Mostly Frens #0604,255065,T. Cantoro
Algorand:812564591,Mostly Frens #0605,159080,C. Bryson
Algorand:812564657,Mostly Frens #0606,262999,L. Becker
Algorand:812564699,Mostly Frens #0607,262695,K. Śpiewak
Algorand:812564759,Mostly Frens #0608,262063,K. Ichimori
Algorand:812564828,Mostly Frens #0609,247357,T. Freeman
Algorand:812564896,Mostly Frens #0610,256050,M. Correa
Algorand:812564937,Mostly Frens #0611,230377,Sanaldo Caiado
Algorand:812565035,Mostly Frens #0613,248174,N. Boujellab
Algorand:812565132,Mostly Frens #0614,244559,Carlos Mendes Gomes
Algorand:812565176,Mostly Frens #0615,226765,L. Gamba
Algorand:812565230,Mostly Frens #0616,223689,W. Weghorst
Algorand:812565339,Mostly Frens #0618,228668,M. Taylor
Algorand:812565572,Mostly Frens #0619,263688,R. Gașpar
Algorand:812565687,Mostly Frens #0620,153244,A. Gignac
Algorand:812565775,Mostly Frens #0621,243427,R. Edmondson
Algorand:812565856,Mostly Frens #0622,199912,S. Kittel
Algorand:812566239,Mostly Frens #0624,242291,K. Brünker
Algorand:812566304,Mostly Frens #0625,258498,B. Verbruggen
Algorand:812566451,Mostly Frens #0627,220893,C. Baker-Richardson
Algorand:812566545,Mostly Frens #0628,247143,A. Vombergar
Algorand:812566602,Mostly Frens #0629,228103,T. Akmurzin
Algorand:812566708,Mostly Frens #0630,260449,C. Chore
Algorand:812566781,Mostly Frens #0631,261030,S. Adjei
Algorand:812566855,Mostly Frens #0632,232885,T. Sugimoto
Algorand:812566920,Mostly Frens #0633,236331,E. Cabaco
Algorand:812566982,Mostly Frens #0634,229391,Palhinha
Algorand:812567040,Mostly Frens #0635,264040,R. Shirley
Algorand:812567100,Mostly Frens #0636,222493,M. Friedrich
Algorand:812567141,Mostly Frens #0637,245542,G. Figliuzzi
Algorand:812567297,Mostly Frens #0639,228414,Matheus Pereira
Algorand:812567353,Mostly Frens #0640,245524,H. Al Shaie
Algorand:812567413,Mostly Frens #0641,245554,J. Mvondo
Algorand:812567459,Mostly Frens #0642,202014,R. Lopes
Algorand:812567512,Mostly Frens #0643,207863,Felipe
Algorand:812567559,Mostly Frens #0644,253461,L. Cundle
Algorand:812567626,Mostly Frens #0645,209800,M. Herrera
Algorand:812567705,Mostly Frens #0646,183596,E. Domaschke
Algorand:812567746,Mostly Frens #0647,243632,C. Abi
Algorand:812567799,Mostly Frens #0648,207427,M. Lampson
Algorand:812567963,Mostly Frens #0650,224874,A. Pellegrino
Algorand:812568028,Mostly Frens #0651,260742,B. Mensah
Algorand:812568109,Mostly Frens #0652,260025,M. Paredes
Algorand:812568173,Mostly Frens #0653,255618,Gao Xiang
Algorand:812568231,Mostly Frens #0654,263872,E. Karataş
Algorand:812568302,Mostly Frens #0655,262020,I. Homoki
Algorand:812568348,Mostly Frens #0656,218848,J. Sanguinetti
Algorand:812568391,Mostly Frens #0657,189709,Alcalá
Algorand:812568448,Mostly Frens #0658,227653,E. Edwards Jr.
Algorand:812568495,Mostly Frens #0659,205391,S. Meïté
Algorand:812568536,Mostly Frens #0660,240037,S. Plavšić
Algorand:812568738,Mostly Frens #0663,261558,V. Cuellar
Algorand:812568791,Mostly Frens #0664,177358,M. Schneiderlin
Algorand:812568827,Mostly Frens #0665,261159,M. Beernaert
Algorand:812569002,Mostly Frens #0668,232293,V. Osimhen
Algorand:812569050,Mostly Frens #0669,200200,E. Schouten
Algorand:812569096,Mostly Frens #0670,256831,D. Cirkin
Algorand:812569198,Mostly Frens #0672,241454,B. Kimpioka
Algorand:812569258,Mostly Frens #0673,262802,A. Kostrzewski
Algorand:812569340,Mostly Frens #0674,192778,I. Mboyo
Algorand:812569398,Mostly Frens #0675,256323,K. Molefe
Algorand:812569535,Mostly Frens #0677,228616,D. Bertaud
Algorand:812569601,Mostly Frens #0678,177782,H. Özmert
Algorand:812569646,Mostly Frens #0679,188152,Oscar
Algorand:812569705,Mostly Frens #0680,183280,A. Rami
Algorand:812569753,Mostly Frens #0681,197225,N. Lodeiro
Algorand:812569811,Mostly Frens #0682,209954,B. Jopek
Algorand:812569867,Mostly Frens #0683,258348,P. Méliande
Algorand:812569912,Mostly Frens #0684,238011,P. Pušić
Algorand:812569975,Mostly Frens #0685,226197,Feng Jin
Algorand:812570026,Mostly Frens #0686,259868,P. Sarr
Algorand:812570102,Mostly Frens #0687,178319,W. Brama
Algorand:812570212,Mostly Frens #0689,261875,P. Yazbek
Algorand:812570261,Mostly Frens #0690,204401,Diogo Figueiras
Algorand:812570332,Mostly Frens #0691,230092,Emerson Santos
Algorand:812570391,Mostly Frens #0692,246047,A. Perea
Algorand:812570481,Mostly Frens #0694,225368,B. Gueye
Algorand:812570540,Mostly Frens #0695,260838,F. Al Garzae
Algorand:812570648,Mostly Frens #0697,261129,Cho Sang Jun
Algorand:812570731,Mostly Frens #0698,208135,A. Doucouré
Algorand:812570847,Mostly Frens #0700,226379,M. Díaz
Algorand:812571020,Mostly Frens #0702,246452,S. Bouzar
Algorand:812571082,Mostly Frens #0703,189391,Juanan
Algorand:812571122,Mostly Frens #0704,179871,M. Viniegra
Algorand:812571182,Mostly Frens #0705,225455,V. Dávila
Algorand:812571242,Mostly Frens #0706,261669,A. McCabe
Algorand:812571369,Mostly Frens #0707,251132,E. Piovi
Algorand:812571465,Mostly Frens #0708,211267,R. Centurión
Algorand:812571587,Mostly Frens #0710,262535,J. Fjeldberg
Algorand:812571668,Mostly Frens #0711,222572,Iván Villar
Algorand:812571718,Mostly Frens #0712,264154,S. Visentin
Algorand:812571770,Mostly Frens #0713,226161,Marcos Llorente
Algorand:812571826,Mostly Frens #0714,239212,Carlitos
Algorand:812571915,Mostly Frens #0716,246399,C. Björk
Algorand:812571966,Mostly Frens #0717,230432,Dagoberto Esteiro
Algorand:812572072,Mostly Frens #0718,202824,L. García
Algorand:812572173,Mostly Frens #0720,252239,L. González
Algorand:812572252,Mostly Frens #0721,164459,S. Larsson
Algorand:812572348,Mostly Frens #0722,263224,V. Barretto
Algorand:812572650,Mostly Frens #0723,191625,Kléber
Algorand:812572723,Mostly Frens #0724,264067,A. Hrosu
Algorand:812572798,Mostly Frens #0725,247147,L. Miranda
Algorand:812572857,Mostly Frens #0726,169619,G. Liddle
Algorand:812572926,Mostly Frens #0727,264091,M. Spiridakis
Algorand:812572999,Mostly Frens #0728,211152,M. Al Olayan
Algorand:812573055,Mostly Frens #0729,251449,Brian Araújo
Algorand:812573110,Mostly Frens #0730,205081,Diego Oliveira
Algorand:812573301,Mostly Frens #0733,192732,E. Prib
Algorand:812573363,Mostly Frens #0734,256064,Rafael Pereira
Algorand:812573422,Mostly Frens #0735,228802,D. Zhivoglyadov
Algorand:812573497,Mostly Frens #0736,256287,F. Farías
Algorand:812573553,Mostly Frens #0737,214415,E. Chaux
Algorand:812573595,Mostly Frens #0738,243089,Tan Kaiyuan
Algorand:812573649,Mostly Frens #0739,237631,L. Mothiba
Algorand:812573708,Mostly Frens #0740,231361,J. Gnagnon
Algorand:812573783,Mostly Frens #0741,238127,M. Tissera
Algorand:812573849,Mostly Frens #0742,228326,Brian Oliván
Algorand:812573929,Mostly Frens #0743,234049,B. Niasse
Algorand:812574134,Mostly Frens #0746,264114,M. Cahill
Algorand:812574199,Mostly Frens #0747,258793,F. Hoti
Algorand:812574269,Mostly Frens #0748,176580,L. Suárez
Algorand:812574322,Mostly Frens #0749,224887,D. Telford
Algorand:812574464,Mostly Frens #0751,190362,T. Pukki
Algorand:812574750,Mostly Frens #0753,49674,Igor de Camargo
Algorand:812574939,Mostly Frens #0754,211096,M. Fraser
Algorand:812574992,Mostly Frens #0755,197226,S. Bertram
Algorand:812575078,Mostly Frens #0756,180930,E. Džeko
Algorand:812575369,Mostly Frens #0759,223593,J. Correa
Algorand:812575422,Mostly Frens #0760,163303,G. Whelan
Algorand:812575478,Mostly Frens #0761,221756,Lee Gwang Hyeok
Algorand:812575642,Mostly Frens #0764,235812,G. Kvilitaia
Algorand:812575716,Mostly Frens #0765,258879,M. Pußwald
Algorand:812575763,Mostly Frens #0766,263248,G. Tsoutsouki
Algorand:812575844,Mostly Frens #0767,183580,N. Petersen
Algorand:812575887,Mostly Frens #0768,253670,G. Bora
Algorand:812575943,Mostly Frens #0769,264236,Raúl Caballero
Algorand:812575989,Mostly Frens #0770,219581,S. Gigot
Algorand:812576034,Mostly Frens #0771,205863,B. Diallo
Algorand:812576089,Mostly Frens #0772,247668,K. N'Dri
Algorand:812576154,Mostly Frens #0773,238686,P. Sohm
Algorand:812576208,Mostly Frens #0774,237704,João Virgínia
Algorand:812576387,Mostly Frens #0777,201888,V. Berisha
Algorand:812576518,Mostly Frens #0779,177299,A. Gabbarini
Algorand:812576576,Mostly Frens #0780,246946,I. Coulibaly
Algorand:812576642,Mostly Frens #0781,242166,A. Layouni
Algorand:812576749,Mostly Frens #0783,221969,F. Mladenović
Algorand:812576823,Mostly Frens #0784,228888,G. Edmundson
Algorand:812576883,Mostly Frens #0785,252549,J. Bird
Algorand:812576955,Mostly Frens #0786,207562,S. Andersson
Algorand:812577011,Mostly Frens #0787,259738,W. Angousana
Algorand:812577081,Mostly Frens #0788,259475,J. Hollman
Algorand:812577147,Mostly Frens #0789,263969,F. Momoh
Algorand:812577206,Mostly Frens #0790,194229,Hugo Mallo
Algorand:812577244,Mostly Frens #0791,260912,O. Cisneros
Algorand:812577315,Mostly Frens #0792,225342,J. Stevens
Algorand:812577375,Mostly Frens #0793,219990,V. Hoff
Algorand:812577413,Mostly Frens #0794,192660,S. Polter
Algorand:812577462,Mostly Frens #0795,252183,H. Vandermersch
Algorand:812577512,Mostly Frens #0796,231786,A. Šporar
Algorand:812577557,Mostly Frens #0797,240992,N. Estévez
Algorand:812577695,Mostly Frens #0798,229748,M. George
Algorand:812577773,Mostly Frens #0799,263856,F. Hoxha
Algorand:812577879,Mostly Frens #0801,244787,M. Havel
Algorand:812577940,Mostly Frens #0802,230386,Césario Limberg
Algorand:812577991,Mostly Frens #0803,238464,J. Mlakar
Algorand:812578045,Mostly Frens #0804,248041,F. Ștefan
Algorand:812578171,Mostly Frens #0806,180206,M. Pjanić
Algorand:812578215,Mostly Frens #0807,207471,F. Vázquez
Algorand:812578276,Mostly Frens #0808,168435,S. Sirigu
Algorand:812578345,Mostly Frens #0809,255260,N. Machado
Algorand:812578390,Mostly Frens #0810,248567,S. Anderson
Algorand:812578445,Mostly Frens #0811,230767,Renato Sanches
Algorand:812578509,Mostly Frens #0812,264427,J. Boselli
Algorand:812578567,Mostly Frens #0813,264074,J. Nowakowski
Algorand:812578609,Mostly Frens #0814,229984,B. Chilwell
Algorand:812578713,Mostly Frens #0816,230180,Adrizinho Bastos
Algorand:812578765,Mostly Frens #0817,193564,M. Álvarez
Algorand:812578808,Mostly Frens #0818,220763,R. Thomas
Algorand:812578859,Mostly Frens #0819,182043,Zeng Cheng
Algorand:812578979,Mostly Frens #0821,208917,K. Al Ghamdi
Algorand:812579057,Mostly Frens #0822,263840,W. Jarvis
Algorand:812579126,Mostly Frens #0823,263968,K. Sow
Algorand:812579195,Mostly Frens #0824,250939,D. Stipica
Algorand:812579263,Mostly Frens #0825,203504,A. Amadi-Holloway
Algorand:812579318,Mostly Frens #0826,230479,Jessé Ledeiro
Algorand:812579377,Mostly Frens #0827,215062,E. Zelaya
Algorand:812579424,Mostly Frens #0828,205849,E. Andrada
Algorand:812579534,Mostly Frens #0830,232869,G. Shoji
Algorand:812579569,Mostly Frens #0831,184826,Adrien Silva
Algorand:812579617,Mostly Frens #0832,227604,F. Platte
Algorand:812579681,Mostly Frens #0833,221600,M. Clarke
Algorand:812579732,Mostly Frens #0834,212137,A. Vindheim
Algorand:812579782,Mostly Frens #0835,228941,André Silva
Algorand:812579850,Mostly Frens #0836,220185,B. Barker
Algorand:812579906,Mostly Frens #0837,229530,R. Wulle
Algorand:812579997,Mostly Frens #0839,238033,F. Niță
Algorand:812580169,Mostly Frens #0842,255601,Li Zhizhao
Algorand:812580216,Mostly Frens #0843,206218,P. Nardi
Algorand:812580274,Mostly Frens #0844,248673,D. Grosu
Algorand:812580308,Mostly Frens #0845,226377,G. Martínez
Algorand:812580368,Mostly Frens #0846,259215,F. Mendy
Algorand:812580483,Mostly Frens #0848,192448,M. ter Stegen
Algorand:812580533,Mostly Frens #0849,261176,J. López
Algorand:812580638,Mostly Frens #0851,221271,T. Pellenard
Algorand:812580709,Mostly Frens #0852,238913,M. Harzan
Algorand:812580762,Mostly Frens #0853,235728,W. O'Hora
Algorand:812580841,Mostly Frens #0854,232474,T. Sasaki
Algorand:812580899,Mostly Frens #0855,179899,A. Skúlason
Algorand:812581033,Mostly Frens #0857,206463,J. Dudziak
Algorand:812581089,Mostly Frens #0858,256263,D. Markitesov
Algorand:812581151,Mostly Frens #0859,256811,A. George
Algorand:812581202,Mostly Frens #0860,229595,L. Rodríguez
Algorand:812581279,Mostly Frens #0861,243862,J. Igbekeme
Algorand:812581493,Mostly Frens #0862,234824,Y. Wissa
Algorand:812582111,Mostly Frens #0863,241999,J. Billong
Algorand:812583260,Mostly Frens #0865,246258,L. Beltrán
Algorand:812583916,Mostly Frens #0866,262163,R. Djedje
Algorand:812585094,Mostly Frens #0868,252699,M. Freke
Algorand:812585686,Mostly Frens #0869,210321,R. Quioto
Algorand:812586258,Mostly Frens #0870,258661,R. Khaleel
Algorand:812587429,Mostly Frens #0872,230317,Fred Aníbão
Algorand:812588034,Mostly Frens #0873,248182,H. Sveijer
Algorand:812588611,Mostly Frens #0874,211461,Luiz Phellype
Algorand:812589195,Mostly Frens #0875,263621,İ. Çelik
Algorand:812590375,Mostly Frens #0877,257714,S. Augustijns
Algorand:812590983,Mostly Frens #0878,215251,G. Herrera
Algorand:812591618,Mostly Frens #0879,262627,J. Forst
Algorand:812592211,Mostly Frens #0880,247200,A. Mance
Algorand:812592816,Mostly Frens #0881,205388,E. Akichi
Algorand:812593426,Mostly Frens #0882,264305,J. Carragher
Algorand:812594050,Mostly Frens #0883,209193,P. Wiegers
Algorand:812594656,Mostly Frens #0884,186518,P. Zeballos
Algorand:812595302,Mostly Frens #0885,262178,C. Dehmie
Algorand:812596428,Mostly Frens #0887,247856,B. Nieto
Algorand:812597021,Mostly Frens #0888,211672,T. Boyd
Algorand:812597607,Mostly Frens #0889,248177,S. Chakrabarti
Algorand:812598193,Mostly Frens #0890,245531,R. Stirk
Algorand:812598789,Mostly Frens #0891,260587,A. Nazih
Algorand:812599977,Mostly Frens #0893,211908,G. Güvenç
Algorand:812600572,Mostly Frens #0894,263576,A. Makatounakis
Algorand:812601179,Mostly Frens #0895,247228,D. St. Clair
Algorand:812602995,Mostly Frens #0898,261470,R. Chacón
Algorand:812603582,Mostly Frens #0899,258585,I. Pandur
Algorand:812604162,Mostly Frens #0900,190139,Adaílton
Algorand:812605334,Mostly Frens #0902,240950,Pedro Gonçalves
Algorand:812605917,Mostly Frens #0903,229429,K. McKenzie-Lyle
Algorand:812606423,Mostly Frens #0904,215052,L. Kruspzky
Algorand:812606946,Mostly Frens #0905,237522,Jorge Cuenca
Algorand:812607532,Mostly Frens #0906,238332,E. Copetti
Algorand:812608112,Mostly Frens #0907,201940,Z. MacMath
Algorand:812608170,Mostly Frens #0908,260856,Y. Funabashi
Algorand:812608359,Mostly Frens #0909,261488,R. Chávez
Algorand:812608937,Mostly Frens #0910,186839,N. McGinn
Algorand:812609552,Mostly Frens #0911,255349,J. Sosa
Algorand:812609807,Mostly Frens #0912,260409,A. Özçimen
Algorand:812609873,Mostly Frens #0913,262088,H. Haraldsson
Algorand:812611001,Mostly Frens #0915,179663,T. Rowe
Algorand:812611514,Mostly Frens #0916,240592,B. James
Algorand:812612097,Mostly Frens #0917,251586,Yeljan Shinar
Algorand:812613820,Mostly Frens #0920,255836,M. Al Abdulmunem
Algorand:812614396,Mostly Frens #0921,257892,A. Pavlesic
Algorand:812614973,Mostly Frens #0922,241522,J. Wind
Algorand:812615528,Mostly Frens #0923,180714,Guilherme
Algorand:812616091,Mostly Frens #0924,192572,S. Neville
Algorand:812616698,Mostly Frens #0925,236622,M. Holzer
Algorand:812617278,Mostly Frens #0926,248331,L. Khawlhring
Algorand:812618507,Mostly Frens #0928,261584,T. Kato
Algorand:812619101,Mostly Frens #0929,248823,S. Straudi
Algorand:812620834,Mostly Frens #0932,251636,D. Haruț
Algorand:812621463,Mostly Frens #0933,193113,T. Jänicke
Algorand:812622010,Mostly Frens #0934,199576,Oriol Romeu
Algorand:812622602,Mostly Frens #0935,219553,C. Aquino
Algorand:812623191,Mostly Frens #0936,225403,İ. Kahveci
Algorand:812623807,Mostly Frens #0937,213449,P. Stolarski
Algorand:812624367,Mostly Frens #0938,234833,F. Müller
Algorand:812624952,Mostly Frens #0939,264530,A. Obhakhan
Algorand:812625566,Mostly Frens #0940,198288,S. Beitashour
Algorand:812626133,Mostly Frens #0941,224218,F. Kamano
Algorand:812626713,Mostly Frens #0942,193186,N. Etheridge
Algorand:812627287,Mostly Frens #0943,200061,A. Tutte
Algorand:812627865,Mostly Frens #0944,247378,Y. Machida
Algorand:812628417,Mostly Frens #0945,263308,A. Marsh
Algorand:812629005,Mostly Frens #0946,258465,Ž. Rogelj
Algorand:812630130,Mostly Frens #0948,228327,F. Azemi
Algorand:812630682,Mostly Frens #0949,257949,B. Camp
Algorand:812631254,Mostly Frens #0950,263308,A. Marsh
Algorand:812631788,Mostly Frens #0951,263212,T. Costello
Algorand:812632364,Mostly Frens #0952,256046,G. Dragomir
Algorand:812632910,Mostly Frens #0953,254646,K. De La Hoz
Algorand:812633498,Mostly Frens #0954,259649,E. Singh
Algorand:812634040,Mostly Frens #0955,230203,Claytinho Branco
Algorand:812634618,Mostly Frens #0956,248548,D. Aguilar
Algorand:812635199,Mostly Frens #0957,256001,N. Molina
Algorand:812635729,Mostly Frens #0958,263449,G. Amanda
Algorand:812637415,Mostly Frens #0961,263490,J. McGonigle
Algorand:812637979,Mostly Frens #0962,208498,M. Dabbur
Algorand:812638521,Mostly Frens #0963,257353,W. Bondo
Algorand:812639063,Mostly Frens #0964,191154,T. Sana
Algorand:812639574,Mostly Frens #0965,225455,V. Dávila
Algorand:812639654,Mostly Frens #0966,215810,C. Lombardi
Algorand:812639777,Mostly Frens #0967,211435,S. Sosa Sánchez
Algorand:812639940,Mostly Frens #0969,183425,T. Elliott
Algorand:812639994,Mostly Frens #0970,262703,A. Iacob
Algorand:812640097,Mostly Frens #0971,193301,A. Lacazette
Algorand:812640168,Mostly Frens #0972,256463,B. Grawe
Algorand:812640226,Mostly Frens #0973,260192,A. Hackford
Algorand:812640313,Mostly Frens #0974,204458,D. Oshilaja
Algorand:812640443,Mostly Frens #0976,246313,S. Spasov
Algorand:812640526,Mostly Frens #0977,184252,L. Pratto
Algorand:812640659,Mostly Frens #0979,231105,A. Olliero
Algorand:812640719,Mostly Frens #0980,236005,J. Vom Steeg
Algorand:812640780,Mostly Frens #0981,208144,D. Bessa
Algorand:812640843,Mostly Frens #0982,229702,J. Mees
Algorand:812640902,Mostly Frens #0983,232418,Y. Takeda
Algorand:812640968,Mostly Frens #0984,261666,C. Warfield
Algorand:812641021,Mostly Frens #0985,207441,L. Vietto
Algorand:812641083,Mostly Frens #0986,224853,J. Chávez
Algorand:812641136,Mostly Frens #0987,263746,P. Sutter
Algorand:812641179,Mostly Frens #0988,190747,Ortuño
Algorand:812641231,Mostly Frens #0989,236287,N. Ibáñez
Algorand:812641276,Mostly Frens #0990,216260,F. Kaufmann
Algorand:812641430,Mostly Frens #0992,263730,B. Singh
Algorand:812641586,Mostly Frens #0993,254999,K. Dohi
Algorand:812641888,Mostly Frens #0995,137506,G. Pandev
Algorand:812642189,Mostly Frens #0996,167812,S. Kaya
Algorand:812642356,Mostly Frens #0997,241410,E. Salcedo
Algorand:812642514,Mostly Frens #0998,228211,E. Ramírez
Algorand:812642640,Mostly Frens #0999,199351,M. Wunderlich
Algorand:812642769,Mostly Frens #1000,189561,B. Koita
Algorand:812642896,Mostly Frens #1001,224440,J. Pollersbeck
Algorand:812643036,Mostly Frens #1003,225543,B. Collins
Algorand:812643091,Mostly Frens #1004,232185,C. Brittain
Algorand:812643150,Mostly Frens #1005,213905,S. Gallagher
Algorand:812643196,Mostly Frens #1006,242118,S. Córdova
Algorand:812643249,Mostly Frens #1007,241694,S. Rentería
Algorand:812643328,Mostly Frens #1008,239271,G. Anestis
Algorand:812643390,Mostly Frens #1009,173426,S. Mignolet
Algorand:812643459,Mostly Frens #1010,262838,F. Higl
Algorand:812643498,Mostly Frens #1011,257568,S. Tangvik
Algorand:812643561,Mostly Frens #1012,182694,J. Mattock
Algorand:812643612,Mostly Frens #1013,252293,I. Jakobs
Algorand:812643685,Mostly Frens #1014,155871,B. Białkowski
Algorand:812643755,Mostly Frens #1015,260357,M. Kato
Algorand:812643823,Mostly Frens #1016,213849,R. González
Algorand:812643942,Mostly Frens #1018,240434,J. Tell
Algorand:812644021,Mostly Frens #1019,140300,P. Cherrie
Algorand:812644191,Mostly Frens #1021,262378,M. Aguek
Algorand:812644238,Mostly Frens #1022,215088,E. Dieseruvwe
Algorand:812644292,Mostly Frens #1023,263675,M. Alfarela
Algorand:812644365,Mostly Frens #1024,216475,Morales
Algorand:812644420,Mostly Frens #1025,258556,S. Mitra
Algorand:812644536,Mostly Frens #1026,263660,D. Urtiaga
Algorand:812644598,Mostly Frens #1027,207664,C. Bacca
Algorand:812644642,Mostly Frens #1028,221980,Cheng Changcheng
Algorand:812644711,Mostly Frens #1029,220915,G. Moncini
Algorand:812644778,Mostly Frens #1030,183574,M. Kruse
Algorand:812644891,Mostly Frens #1032,228017,Zhang Yuning
Algorand:812644967,Mostly Frens #1033,264133,H. Valdimarsson
Algorand:812645048,Mostly Frens #1034,213133,Dani Quintana
Algorand:812645130,Mostly Frens #1035,186838,G. Doherty
Algorand:812645291,Mostly Frens #1037,204399,E. Zahavi
Algorand:812645327,Mostly Frens #1038,259797,A. Terrazas
Algorand:812645484,Mostly Frens #1040,244088,M. Shinada
Algorand:812645546,Mostly Frens #1041,262174,J. Robertsen
Algorand:812645601,Mostly Frens #1042,253677,Han Dong
Algorand:812645657,Mostly Frens #1043,229286,T. Skarke
Algorand:812645751,Mostly Frens #1044,258532,C. Carty
Algorand:812645796,Mostly Frens #1045,178363,J. Placide
Algorand:812645839,Mostly Frens #1046,237582,K. Nagato
Algorand:812645907,Mostly Frens #1047,202795,K. Ntlhe
Algorand:812645974,Mostly Frens #1048,231027,A. Marchesano
Algorand:812646054,Mostly Frens #1049,256951,S. Ashford
Algorand:812646138,Mostly Frens #1050,260127,D. Watson
Algorand:812646188,Mostly Frens #1051,223898,P. Bernardoni
Algorand:812646363,Mostly Frens #1052,259255,Lee Kyung Tae
Algorand:812646468,Mostly Frens #1053,211353,L. Brănescu
Algorand:812646616,Mostly Frens #1055,212240,K. Karaman
Algorand:812646693,Mostly Frens #1056,223689,W. Weghorst
Algorand:812646744,Mostly Frens #1057,256353,Z. Emmerson
Algorand:812646846,Mostly Frens #1058,259537,M. Coronel
Algorand:812646900,Mostly Frens #1059,253466,D. Singh
Algorand:812646958,Mostly Frens #1060,260174,S. Ghosh
Algorand:812647021,Mostly Frens #1061,264161,Pablo Valencia
Algorand:812647096,Mostly Frens #1062,230366,Silvosinho
Algorand:812647155,Mostly Frens #1063,214697,N. Berardo
Algorand:812647221,Mostly Frens #1064,264387,Pedro
Algorand:812647356,Mostly Frens #1066,263894,A. Al Haizan
Algorand:812647510,Mostly Frens #1068,236938,M. Wilks
Algorand:812647590,Mostly Frens #1069,261139,R. Martínez
Algorand:812647649,Mostly Frens #1070,192778,I. Mboyo
Algorand:812647712,Mostly Frens #1071,245209,M. Sadílek
Algorand:812647762,Mostly Frens #1072,258746,M. Braida
Algorand:812647803,Mostly Frens #1073,236679,Melendo
Algorand:812647980,Mostly Frens #1075,252937,Y. Gboho
Algorand:812648048,Mostly Frens #1076,256287,F. Farías
Algorand:812648158,Mostly Frens #1077,260933,E. Kılıçarslan
Algorand:812648293,Mostly Frens #1079,261939,Chen Zhengfeng
Algorand:812648361,Mostly Frens #1080,263833,N. Serwy
Algorand:812648437,Mostly Frens #1081,178022,C. Gönen
Algorand:812648523,Mostly Frens #1082,135507,Fernandinho
Algorand:812648591,Mostly Frens #1083,250777,E. Hejer
Algorand:812648667,Mostly Frens #1084,193602,M. Coronel
Algorand:812648811,Mostly Frens #1086,263477,L. Dellova
Algorand:812648861,Mostly Frens #1087,262541,M. Søndergaard
Algorand:812648924,Mostly Frens #1088,198019,P. Testroet
Algorand:812649009,Mostly Frens #1089,192624,S. Ferguson
Algorand:812649062,Mostly Frens #1090,230502,Dênildo Stein
Algorand:812649132,Mostly Frens #1091,203603,M. Pospíšil
Algorand:812649201,Mostly Frens #1092,261916,Bai Xuesong
Algorand:812649248,Mostly Frens #1093,188337,M. Wakaso
Algorand:812649354,Mostly Frens #1094,253932,J. Dos Santos
Algorand:812649415,Mostly Frens #1095,262720,I. Ștefan
Algorand:812649640,Mostly Frens #1098,262326,A. Papadopoulos
Algorand:812649691,Mostly Frens #1099,231575,L. Vaca
Algorand:812649768,Mostly Frens #1100,261480,E. Ruiz
Algorand:812649910,Mostly Frens #1102,205972,R. Bentancourt
Algorand:812649995,Mostly Frens #1103,230727,G. Larsonneur
Algorand:812650049,Mostly Frens #1104,224218,F. Kamano
Algorand:812650119,Mostly Frens #1105,264360,E. Kischka
Algorand:812650192,Mostly Frens #1106,189447,A. Sobiech
Algorand:812650242,Mostly Frens #1107,242197,M. Ndione
Algorand:812650423,Mostly Frens #1109,223212,O. Çağlayan
Algorand:812650500,Mostly Frens #1110,252247,Z. Lepasa
Algorand:812650559,Mostly Frens #1111,202151,K. Stafylidis
Algorand:812650597,Mostly Frens #1112,260702,L. Jackson
Algorand:812650732,Mostly Frens #1113,260802,R. Jurkovskis
Algorand:812650813,Mostly Frens #1114,226085,Léo Jardim
Algorand:812650915,Mostly Frens #1115,243373,L. Jensen
Algorand:812650973,Mostly Frens #1116,254085,F. Casanova
Algorand:812651128,Mostly Frens #1118,242423,C. Wright
Algorand:812651173,Mostly Frens #1119,234054,C. Cáceda
Algorand:812651271,Mostly Frens #1120,253329,C. Espinoza
Algorand:812651347,Mostly Frens #1121,187936,S. Nzonzi
Algorand:812651523,Mostly Frens #1123,251789,P. Martin
Algorand:812651594,Mostly Frens #1124,237155,S. Gnaka
Algorand:812651660,Mostly Frens #1125,229702,J. Mees
Algorand:812651743,Mostly Frens #1126,251645,B. Duncan
Algorand:812651811,Mostly Frens #1127,261472,G. Breeze
Algorand:812651961,Mostly Frens #1129,241828,L. Offord
Algorand:812652015,Mostly Frens #1130,221595,J. Vogliotti
Algorand:812652079,Mostly Frens #1131,262433,Marcelo Machado
Algorand:812652175,Mostly Frens #1132,219823,G. Mastriani
Algorand:812652227,Mostly Frens #1133,259134,M. Enggård
Algorand:812652288,Mostly Frens #1134,239015,E. Dennis
Algorand:812652355,Mostly Frens #1135,253010,A. Sher
Algorand:812652556,Mostly Frens #1138,245610,A. Kıvanç
Algorand:812652642,Mostly Frens #1139,258585,I. Pandur
Algorand:812652700,Mostly Frens #1140,224204,S. Kroll
Algorand:812652844,Mostly Frens #1142,237043,R. Alvarado
Algorand:812652971,Mostly Frens #1144,253920,L. Gómez
Algorand:812653041,Mostly Frens #1145,211381,S. Boufal
Algorand:812653101,Mostly Frens #1146,230360,Everticinho
Algorand:812653153,Mostly Frens #1147,216264,J. Dixon
Algorand:812653267,Mostly Frens #1149,185260,D. Kadah
Algorand:812653443,Mostly Frens #1150,238464,J. Mlakar
Algorand:812653519,Mostly Frens #1151,245274,P. Gunnarsson
Algorand:812653598,Mostly Frens #1152,201285,C. Gytkjær
Algorand:812653656,Mostly Frens #1153,264265,A. van Lare
Algorand:812653708,Mostly Frens #1154,253657,Lan Jingxuan
Algorand:812653774,Mostly Frens #1155,263969,F. Momoh
Algorand:812653843,Mostly Frens #1156,262088,H. Haraldsson
Algorand:812653941,Mostly Frens #1157,230453,David Seijalbo
Algorand:812654018,Mostly Frens #1158,185260,D. Kadah
Algorand:812654104,Mostly Frens #1159,257788,D. Dassy
Algorand:812654150,Mostly Frens #1160,223853,Agus Medina
Algorand:812654304,Mostly Frens #1162,199482,A. Lopes
Algorand:812654408,Mostly Frens #1163,203603,M. Pospíšil
Algorand:812654494,Mostly Frens #1164,244040,P. Schmidt
Algorand:812654583,Mostly Frens #1165,247641,Tete
Algorand:812654654,Mostly Frens #1166,223771,B. Singh
Algorand:812654777,Mostly Frens #1168,248687,B. Cabango
Algorand:812654913,Mostly Frens #1170,200446,Camilo Sanvezzo
Algorand:812654985,Mostly Frens #1171,251517,J. Gvardiol
Algorand:812655041,Mostly Frens #1172,212454,C. O'Dowda
Algorand:812655109,Mostly Frens #1173,234846,S. Müller
Algorand:812655163,Mostly Frens #1174,241025,L. Heredia
Algorand:812655249,Mostly Frens #1175,222829,S. Brodersen
Algorand:812655456,Mostly Frens #1178,194076,Airam Cabrera
Algorand:812655545,Mostly Frens #1179,227884,B. Osayi-Samuel
Algorand:812656245,Mostly Frens #1181,221479,D. Calvert-Lewin
Algorand:812656373,Mostly Frens #1182,260269,M. Monzeglio
Algorand:812656466,Mostly Frens #1183,202428,B. Wood
Algorand:812656530,Mostly Frens #1184,244919,Martín
Algorand:812656580,Mostly Frens #1185,224504,I. Poblete
Algorand:812656637,Mostly Frens #1186,244795,J. Auer
Algorand:812656703,Mostly Frens #1187,256970,A. Karabec
Algorand:812656753,Mostly Frens #1188,225647,M. Campaña
Algorand:812656976,Mostly Frens #1190,187988,F. Sammaritano
Algorand:812657048,Mostly Frens #1191,190577,S. Blanco
Algorand:812657106,Mostly Frens #1192,258800,W. Lalnunfela
Algorand:812657176,Mostly Frens #1193,247667,Kim Tae Hwan
Algorand:812657234,Mostly Frens #1194,238904,A. Łyszczarz
Algorand:812657305,Mostly Frens #1195,228332,H. Choudhury
Algorand:812657412,Mostly Frens #1197,236247,H. Kane
Algorand:812657484,Mostly Frens #1198,258962,Long Wenhao
Algorand:812657627,Mostly Frens #1200,211671,J. Radošević
Algorand:812657699,Mostly Frens #1201,223458,R. Mirzov
Algorand:812657760,Mostly Frens #1202,261472,G. Breeze
Algorand:812657826,Mostly Frens #1203,215871,A. Jahanbakhsh
Algorand:812657902,Mostly Frens #1204,235563,M. Chouiar
Algorand:812657966,Mostly Frens #1205,251348,P. Cucchi
Algorand:812658031,Mostly Frens #1206,248545,T. Kips
Algorand:812658104,Mostly Frens #1207,194904,B. Hamid
Algorand:812658203,Mostly Frens #1208,260260,J. O'Connor
Algorand:812658291,Mostly Frens #1209,212812,K. Kinoshita
Algorand:812658352,Mostly Frens #1210,263182,Z. Al Johani
Algorand:812658407,Mostly Frens #1211,255549,Kang Sang Hee
Algorand:812658480,Mostly Frens #1212,248266,S. Boey
Algorand:812658549,Mostly Frens #1213,221980,Cheng Changcheng
Algorand:812658604,Mostly Frens #1214,189143,S. Eriksson
Algorand:812658663,Mostly Frens #1215,259731,V. Singh
Algorand:812658719,Mostly Frens #1216,189357,C. Toselli
Algorand:812658814,Mostly Frens #1217,205156,Choi Young Joon
Algorand:812658887,Mostly Frens #1218,258492,D. Strindholm
Algorand:812658953,Mostly Frens #1219,260472,Kim Ye Ji
Algorand:812659074,Mostly Frens #1220,186148,R. Zieler
Algorand:812659251,Mostly Frens #1222,246313,S. Spasov
Algorand:812659328,Mostly Frens #1223,246419,Y. Verschaeren
Algorand:812659492,Mostly Frens #1225,243789,A. Mucolli
Algorand:812659564,Mostly Frens #1226,243476,M. Borgogno
Algorand:812659618,Mostly Frens #1227,257874,A. Martin
Algorand:812659692,Mostly Frens #1228,247057,N. Okello
Algorand:812659762,Mostly Frens #1229,244656,Y. Takaoka
Algorand:812659847,Mostly Frens #1230,263334,H. Far
Algorand:812659939,Mostly Frens #1231,237665,K. Chinen
Algorand:812660003,Mostly Frens #1232,223488,M. Sætra
Algorand:812660080,Mostly Frens #1233,227873,A. Touré
Algorand:812660159,Mostly Frens #1234,202910,D. Mitov Nilsson
Algorand:812660564,Mostly Frens #1236,230165,Simão Donatinho
Algorand:812660645,Mostly Frens #1237,181271,B. Dočkal
Algorand:812660704,Mostly Frens #1238,254909,O. Dorley
Algorand:812660810,Mostly Frens #1239,244797,P. Musa
Algorand:812660877,Mostly Frens #1240,228508,F. Kalig
Algorand:812660966,Mostly Frens #1241,212039,S. Al Muwallad
Algorand:812661025,Mostly Frens #1242,261951,Li Xiang
Algorand:812661084,Mostly Frens #1243,246848,B. Fofana
Algorand:812692943,Mostly Frens #1244,215698,M. Maignan
Algorand:812693046,Mostly Frens #1246,229038,Christian Rivera
Algorand:812693120,Mostly Frens #1247,253614,A. Rojas
Algorand:812693183,Mostly Frens #1248,191625,Kléber
Algorand:812693238,Mostly Frens #1249,263679,A. Ordoñez
Algorand:812693293,Mostly Frens #1250,223690,S. Rochet
Algorand:812693372,Mostly Frens #1251,262913,M. Björkqvist
Algorand:812693488,Mostly Frens #1253,233125,M. Hartel
Algorand:812693569,Mostly Frens #1254,173208,D. Criscito
Algorand:812693662,Mostly Frens #1255,226859,J. Thomson
Algorand:812693737,Mostly Frens #1256,174543,C. Bravo
Algorand:812693817,Mostly Frens #1257,220057,H. Lennon
Algorand:812693926,Mostly Frens #1258,234630,J. Moreno
Algorand:812694190,Mostly Frens #1259,260268,R. Alarcón
Algorand:812694381,Mostly Frens #1260,259731,V. Singh
Algorand:812694531,Mostly Frens #1262,261887,Jiang Wenhao
Algorand:812694609,Mostly Frens #1263,259644,A. Pyndt
Algorand:812694679,Mostly Frens #1264,190471,B. Parker
Algorand:812694861,Mostly Frens #1266,221923,Vigaray
Algorand:812694923,Mostly Frens #1267,259012,T. Dzvukamanja
Algorand:812694998,Mostly Frens #1268,212175,P. Farman
Algorand:812695071,Mostly Frens #1269,241402,S. Shotton
Algorand:812695130,Mostly Frens #1270,259645,M. Shereef
Algorand:812695204,Mostly Frens #1271,247426,S. Haji
Algorand:812695281,Mostly Frens #1272,253179,O. Yaisien
Algorand:812695381,Mostly Frens #1273,264295,N. Ødegård
Algorand:812695465,Mostly Frens #1274,261874,J. Bauer
Algorand:812695535,Mostly Frens #1275,229851,A. Al Bulayhi
Algorand:812695627,Mostly Frens #1276,234477,A. Dobbs
Algorand:812695696,Mostly Frens #1277,246728,L. Traoré
Algorand:812695757,Mostly Frens #1278,242720,G. Smith
Algorand:812695834,Mostly Frens #1279,237839,K. Sadiki
Algorand:812695943,Mostly Frens #1280,234492,J. Gamonal
Algorand:812696025,Mostly Frens #1281,217546,Sequeira
Algorand:812696069,Mostly Frens #1282,193182,W. Foderingham
Algorand:812696145,Mostly Frens #1283,157304,T. Vermaelen
Algorand:812696245,Mostly Frens #1284,257262,A. Bredahl
Algorand:812696290,Mostly Frens #1285,245550,S. Gassama
Algorand:812696357,Mostly Frens #1286,257249,J. Ajenjo Hyjek
Algorand:812696418,Mostly Frens #1287,242384,Douglas
Algorand:812696526,Mostly Frens #1288,260983,J. Casas Jr.
Algorand:812696592,Mostly Frens #1289,208432,T. Pettersson
Algorand:812696747,Mostly Frens #1291,263224,V. Barretto
Algorand:812696829,Mostly Frens #1292,262922,P. Tschernuth
Algorand:812696972,Mostly Frens #1294,247866,C. Miszta
Algorand:812697123,Mostly Frens #1296,260525,K. Ioka
Algorand:812697400,Mostly Frens #1297,261375,L. Bergström
Algorand:812697506,Mostly Frens #1299,253186,S. Booth
Algorand:812697573,Mostly Frens #1300,257691,Liao Wei
Algorand:812697638,Mostly Frens #1301,199652,D. Praet
Algorand:812697806,Mostly Frens #1303,262522,J. Bickerstaff
Algorand:812697887,Mostly Frens #1304,246333,C. Jolley
Algorand:812697939,Mostly Frens #1305,213613,S. Gustafson
Algorand:812698040,Mostly Frens #1306,224251,R. Zentner
Algorand:812698088,Mostly Frens #1307,229640,M. Pedersen
Algorand:812698155,Mostly Frens #1308,206003,Y. Mvogo
Algorand:812698232,Mostly Frens #1309,251292,F. Kastenmeier
Algorand:812698299,Mostly Frens #1310,257930,P. Kyum
Algorand:812698355,Mostly Frens #1311,229909,A. Lunev
Algorand:812698429,Mostly Frens #1312,247038,J. Haak
Algorand:812698493,Mostly Frens #1313,245785,S. Hatanaka
Algorand:812698559,Mostly Frens #1314,209769,B. Başaçıkoğlu
Algorand:812698616,Mostly Frens #1315,259753,B. Kalkan
Algorand:812698696,Mostly Frens #1316,262255,A. Bangura
Algorand:812698774,Mostly Frens #1317,216381,J. Zimmer
Algorand:812698824,Mostly Frens #1318,205878,S. Kapino
Algorand:812698972,Mostly Frens #1320,244700,Y. Dyupin
Algorand:812699056,Mostly Frens #1321,202530,Álvaro Rey
Algorand:812699152,Mostly Frens #1322,199556,M. Verratti
Algorand:812699211,Mostly Frens #1323,202535,T. Röcher
Algorand:812699310,Mostly Frens #1324,211300,A. Martial
Algorand:812699439,Mostly Frens #1326,260301,M. Musolitin
Algorand:812699703,Mostly Frens #1327,223344,Wei Shihao
Algorand:812699768,Mostly Frens #1328,221836,Koo Dae Young
Algorand:812699849,Mostly Frens #1329,227153,C. Borja
Algorand:812699905,Mostly Frens #1330,183347,J. Leutwiler
Algorand:812699973,Mostly Frens #1331,231618,H. Wright
Algorand:812700120,Mostly Frens #1333,258474,A. Foley
Algorand:812700270,Mostly Frens #1334,261302,S. O'Brien
Algorand:812700430,Mostly Frens #1335,248775,U. Bonnet
Algorand:812700609,Mostly Frens #1336,53818,M. Bloomfield
Algorand:812700761,Mostly Frens #1337,230666,Gabriel Jesus
Algorand:812700925,Mostly Frens #1338,209989,T. Partey
Algorand:812701102,Mostly Frens #1339,261038,K. Caicedo
Algorand:812701235,Mostly Frens #1340,161938,M. Boselli
Algorand:812701313,Mostly Frens #1341,261391,U. Mathisen
Algorand:812701393,Mostly Frens #1342,204092,J. Blaswich
Algorand:812701534,Mostly Frens #1344,263854,J. Mendes
Algorand:812701605,Mostly Frens #1345,231478,L. Martínez
Algorand:812701682,Mostly Frens #1346,237184,K. Bare
Algorand:812702040,Mostly Frens #1347,259483,A. Caia
Algorand:812737968,Mostly Frens #1348,192373,M. Caraglio
Algorand:812738033,Mostly Frens #1349,256029,C. Dunbar
Algorand:812738092,Mostly Frens #1350,261423,N. Deka
Algorand:812738177,Mostly Frens #1351,260164,C. Wood
Algorand:812738266,Mostly Frens #1352,258602,Jon Morcillo
Algorand:812738441,Mostly Frens #1354,232163,Y. Niakaté
Algorand:812738538,Mostly Frens #1355,211269,G. Fernández
Algorand:812738604,Mostly Frens #1356,185422,J. King
Algorand:812738784,Mostly Frens #1358,259413,D. Sea
Algorand:812738890,Mostly Frens #1359,261357,A. Al Radeef
Algorand:812738988,Mostly Frens #1360,255260,N. Machado
Algorand:812739070,Mostly Frens #1361,260424,J. Castilla
Algorand:812739345,Mostly Frens #1364,258692,J. Boyamba
Algorand:812739436,Mostly Frens #1365,197231,K. Babacar
Algorand:812739533,Mostly Frens #1366,238900,E. Demirović
Algorand:812739644,Mostly Frens #1367,254487,Matheus Henrique
Algorand:812739725,Mostly Frens #1368,264097,Alex Rodríguez
Algorand:812739796,Mostly Frens #1369,256054,G. Buta
Algorand:812739953,Mostly Frens #1371,207935,M. Dituro
Algorand:812740032,Mostly Frens #1372,259738,W. Angousana
Algorand:812740252,Mostly Frens #1374,222982,A. Blin
Algorand:812740323,Mostly Frens #1375,263091,M. Boruc
Algorand:812740402,Mostly Frens #1376,229071,K. Onisiwo
Algorand:812740487,Mostly Frens #1377,229193,D. Mitchell
Algorand:812740575,Mostly Frens #1378,192663,F. Klos
Algorand:812740669,Mostly Frens #1379,253416,Raúl García
Algorand:812740745,Mostly Frens #1380,199274,I. Nestorovski
Algorand:812740838,Mostly Frens #1381,236919,N. Suman
Algorand:812740921,Mostly Frens #1382,200408,B. Gibson
Algorand:812740994,Mostly Frens #1383,209805,D. Vaca
Algorand:812741072,Mostly Frens #1384,260525,K. Ioka
Algorand:812741181,Mostly Frens #1385,256669,F. Pemi Moumbagna
Algorand:812741259,Mostly Frens #1386,158309,Gao Lin
Algorand:812741328,Mostly Frens #1387,261107,N. Pacławski
Algorand:812741561,Mostly Frens #1390,253423,A. Paul
Algorand:812741650,Mostly Frens #1391,233282,Yoon Bo Sang
Algorand:812741768,Mostly Frens #1392,233795,B. Brereton Díaz
Algorand:812741879,Mostly Frens #1393,243945,Gonzalo Verdú
Algorand:812741993,Mostly Frens #1394,230354,Jesus Andradaldo
Algorand:812742120,Mostly Frens #1395,223771,B. Singh
Algorand:812742239,Mostly Frens #1396,237205,A. Maynard-Brewer
Algorand:812742341,Mostly Frens #1397,241394,A. Akinola
Algorand:812773940,Mostly Frens #1398,234742,H. Barnes
Algorand:812773986,Mostly Frens #1399,238105,Li Peng
Algorand:812774120,Mostly Frens #1400,242749,J. Buckley
Algorand:812774198,Mostly Frens #1401,192397,Rafael
Algorand:812774380,Mostly Frens #1403,189296,E. Berisha
Algorand:812774441,Mostly Frens #1404,232514,G. Carabajal
Algorand:812774537,Mostly Frens #1405,204227,Z. Gano
Algorand:812774626,Mostly Frens #1406,206413,T. Stepanenko
Algorand:812774725,Mostly Frens #1407,224538,Pedro Nuno
Algorand:812774786,Mostly Frens #1408,222173,Chen Jie
Algorand:812775096,Mostly Frens #1410,258400,M. Schikora
Algorand:812775165,Mostly Frens #1411,257568,S. Tangvik
Algorand:812775244,Mostly Frens #1412,187033,S. Morrison
Algorand:812775310,Mostly Frens #1413,261981,Zhang Xiang
Algorand:812775391,Mostly Frens #1414,227536,M. Marega
Algorand:812775462,Mostly Frens #1415,261910,G. Sithole
Algorand:812775790,Mostly Frens #1417,208128,H. Çalhanoğlu
Algorand:812775840,Mostly Frens #1418,256606,R. Murillo
Algorand:812775903,Mostly Frens #1419,227600,J. Andersson
Algorand:812775962,Mostly Frens #1420,207624,K. Omeruo
Algorand:812776026,Mostly Frens #1421,189776,M. Watkins
Algorand:812776100,Mostly Frens #1422,255809,B. Scorza
Algorand:812776176,Mostly Frens #1423,229453,Gil Dias
Algorand:812776384,Mostly Frens #1426,230218,Fabiano Sonta
Algorand:812776448,Mostly Frens #1427,240754,Y. Atal
Algorand:812776527,Mostly Frens #1428,256370,G. Ludwigson
Algorand:812776594,Mostly Frens #1429,226772,J. Laso
Algorand:812776766,Mostly Frens #1430,251362,D. Štiglec
Algorand:812776848,Mostly Frens #1431,194925,L. Moult
Algorand:812776920,Mostly Frens #1432,176137,J. Vossen
Algorand:812776983,Mostly Frens #1433,205362,M. Nastasić
Algorand:812777055,Mostly Frens #1434,255582,A. Ichikawa
Algorand:812777132,Mostly Frens #1435,246755,E. Aguirre
Algorand:812777256,Mostly Frens #1436,233289,O. Olomola
Algorand:812777337,Mostly Frens #1437,244507,P. Estrada
Algorand:812777468,Mostly Frens #1439,208505,R. Zozulya
Algorand:812777537,Mostly Frens #1440,227604,F. Platte
Algorand:812777717,Mostly Frens #1443,220422,M. Hamzi
Algorand:812777789,Mostly Frens #1444,248404,V. Neacșu
Algorand:812777870,Mostly Frens #1445,193338,M. Destro
Algorand:812777936,Mostly Frens #1446,231936,B. White
Algorand:812778000,Mostly Frens #1447,244014,E. Löder
Algorand:812778098,Mostly Frens #1448,244685,M. Mouandilmadji
Algorand:812778174,Mostly Frens #1449,215165,C. Rius
Algorand:812778347,Mostly Frens #1451,236033,Dani Cárdenas
Algorand:812778424,Mostly Frens #1452,245494,A. Al Meqran
Algorand:812778520,Mostly Frens #1453,261241,M. Ibrahimi
Algorand:812778608,Mostly Frens #1454,263974,Y. Al Hassan
Algorand:812778662,Mostly Frens #1455,260838,F. Al Garzae
Algorand:812778742,Mostly Frens #1456,182043,Zeng Cheng
Algorand:812778834,Mostly Frens #1457,253035,A. Dohling
Algorand:812778912,Mostly Frens #1458,196688,A. Corzo
Algorand:812779115,Mostly Frens #1461,264361,D. Iacoponi
Algorand:812779194,Mostly Frens #1462,260174,S. Ghosh
Algorand:812779310,Mostly Frens #1463,248147,M. Praszelik
Algorand:812779475,Mostly Frens #1465,212483,J. Obiang
Algorand:812779651,Mostly Frens #1467,264030,H. Jewitt-White
Algorand:812779716,Mostly Frens #1468,262740,M. Pašalić
Algorand:812779801,Mostly Frens #1469,258560,S. Tedić
Algorand:812779859,Mostly Frens #1470,213878,Welinton Júnior
Algorand:812779941,Mostly Frens #1471,247962,M. Williamsen
Algorand:812780011,Mostly Frens #1472,251498,J. Rojas
Algorand:812780053,Mostly Frens #1473,262915,F. Recktenwald
Algorand:812780134,Mostly Frens #1474,222411,J. Prior
Algorand:812780197,Mostly Frens #1475,258761,J. Luamba
Algorand:812780273,Mostly Frens #1476,215561,B. Barry
Algorand:812780342,Mostly Frens #1477,231318,R. Perraud
Algorand:812780418,Mostly Frens #1478,236221,D. Brašanac
Algorand:812780574,Mostly Frens #1480,253824,D. Noboa
Algorand:812780667,Mostly Frens #1481,205569,J. Ward-Prowse
Algorand:812780733,Mostly Frens #1482,203344,Thiago Galhardo
Algorand:812780795,Mostly Frens #1483,257996,D. Bokov
Algorand:812780862,Mostly Frens #1484,238629,M. Akoto
Algorand:812780939,Mostly Frens #1485,244120,S. Rénot
Algorand:812781129,Mostly Frens #1487,242464,C. McBride
Algorand:812781241,Mostly Frens #1488,261109,S. Hazazi
Algorand:812781335,Mostly Frens #1489,205558,J. Cracknell
Algorand:812781407,Mostly Frens #1490,264533,P. Vaca
Algorand:812781500,Mostly Frens #1491,208333,E. Can
Algorand:812781595,Mostly Frens #1492,259085,F. Tapia
Algorand:812781801,Mostly Frens #1494,250961,J. Zirkzee
Algorand:812781899,Mostly Frens #1495,240846,E. Apeh
Algorand:812781997,Mostly Frens #1496,237257,J. Yueill
Algorand:812782093,Mostly Frens #1497,235243,M. de Ligt
Algorand:812782190,Mostly Frens #1498,176526,L. Burián
Algorand:812782310,Mostly Frens #1499,263250,T. Baldé
Algorand:812782421,Mostly Frens #1500,257342,K. Dąbrowski
Algorand:812782517,Mostly Frens #1501,243951,G. Gbellé
Algorand:812782573,Mostly Frens #1502,263296,L. Gondou
Algorand:812782667,Mostly Frens #1503,193698,O. Baumann
Algorand:812782890,Mostly Frens #1504,214665,J. Ramírez
Algorand:812782997,Mostly Frens #1505,256387,Heo Ja Woong
Algorand:812783065,Mostly Frens #1506,143025,E. Papa
Algorand:812783158,Mostly Frens #1507,263975,K. N'Mai
Algorand:812783248,Mostly Frens #1508,245524,H. Al Shaie
Algorand:812783369,Mostly Frens #1509,213302,I. Tajouri-Shradi
Algorand:812783588,Mostly Frens #1510,217097,R. Otero
Algorand:812783670,Mostly Frens #1511,263294,A. Denholm
Algorand:812783772,Mostly Frens #1512,246195,C. Elliot
Algorand:812783868,Mostly Frens #1513,229542,A. Desmas
Algorand:812783969,Mostly Frens #1514,251814,Ángel Fraga
Algorand:812784063,Mostly Frens #1515,242154,A. Thurgate
Algorand:812784156,Mostly Frens #1516,252788,R. Munro
Algorand:812784223,Mostly Frens #1517,252200,Diogo Sousa
Algorand:812784283,Mostly Frens #1518,221766,Y. Pambou
Algorand:812784352,Mostly Frens #1519,256106,L. Haakenson
Algorand:812784422,Mostly Frens #1520,222693,H. Fertoli
Algorand:812784499,Mostly Frens #1521,248291,N. Kumar
Algorand:812784562,Mostly Frens #1522,214067,É. Cantero
Algorand:812784638,Mostly Frens #1523,234100,G. Escobar
Algorand:812784775,Mostly Frens #1525,242630,R. Manley
Algorand:812784885,Mostly Frens #1526,182037,Yao Hanlin
Algorand:812784963,Mostly Frens #1527,257897,N. Henchoz
Algorand:812785069,Mostly Frens #1528,219789,H. Traoré
Algorand:812785230,Mostly Frens #1530,261115,Lee Ho Jae
Algorand:812785355,Mostly Frens #1531,177273,J. Domínguez
Algorand:812785431,Mostly Frens #1532,238900,E. Demirović
Algorand:812785612,Mostly Frens #1534,246787,Hugo Vallejo
Algorand:812785730,Mostly Frens #1535,257319,A. Virginius
Algorand:812785787,Mostly Frens #1536,208523,S. Beltrame
Algorand:812785865,Mostly Frens #1537,238919,J. Pantemis
Algorand:812785927,Mostly Frens #1538,227446,K. van Veen
Algorand:812786004,Mostly Frens #1539,239816,N. Mantl
Algorand:812786080,Mostly Frens #1540,194753,L. Marrone
Algorand:812786309,Mostly Frens #1543,233731,A. Isak
Algorand:812786387,Mostly Frens #1544,261075,Kang Jae Woo
Algorand:812786466,Mostly Frens #1545,207862,M. Ginter
Algorand:812786541,Mostly Frens #1546,197907,M. Sansores
Algorand:812786608,Mostly Frens #1547,235124,S. Jurado
Algorand:812786667,Mostly Frens #1548,243812,Rodrygo
Algorand:812786741,Mostly Frens #1549,255636,D. Serpezis
Algorand:812786816,Mostly Frens #1550,264240,Gavi
Algorand:812786913,Mostly Frens #1551,255843,R. Ishida
Algorand:812786981,Mostly Frens #1552,200256,T. Leugers
Algorand:812787099,Mostly Frens #1553,260106,G. Singh
Algorand:812787173,Mostly Frens #1554,234492,J. Gamonal
Algorand:812787239,Mostly Frens #1555,257669,R. Strączek
Algorand:812787301,Mostly Frens #1556,263374,B. Margetson
Algorand:812787431,Mostly Frens #1558,49486,B. Ogbeche
Algorand:812787485,Mostly Frens #1559,231570,S. Tapiero
Algorand:812787561,Mostly Frens #1560,261115,Lee Ho Jae
Algorand:812787642,Mostly Frens #1561,220407,M. Dúbravka
Algorand:812787706,Mostly Frens #1562,264016,C. Mutawe
Algorand:812787791,Mostly Frens #1563,264257,T. Noslin
Algorand:812787856,Mostly Frens #1564,228017,Zhang Yuning
Algorand:812787941,Mostly Frens #1565,242601,M. Najjar
Algorand:812788012,Mostly Frens #1566,225734,C. Hamilton
Algorand:812788106,Mostly Frens #1567,257057,A. Onana
Algorand:812788186,Mostly Frens #1568,251815,Y. Itahashi
Algorand:812788286,Mostly Frens #1569,199575,Jordi Masip
Algorand:812788357,Mostly Frens #1570,233314,R. Canouse
Algorand:812788422,Mostly Frens #1571,259160,L. Bell
Algorand:812788485,Mostly Frens #1572,202974,Sin Se Gye
Algorand:812788573,Mostly Frens #1573,169584,G. Coulibaly
Algorand:812788656,Mostly Frens #1574,248253,K. Thatal
Algorand:812788807,Mostly Frens #1576,242683,M. Zemzemi
Algorand:812788891,Mostly Frens #1577,220048,S. Scuffet
Algorand:812789205,Mostly Frens #1579,207410,M. Kovačić
Algorand:812789384,Mostly Frens #1581,221790,D. Primel
Algorand:812789470,Mostly Frens #1582,198946,D. D'Ambrosio
Algorand:812789568,Mostly Frens #1583,189390,B. Oczipka
Algorand:812789648,Mostly Frens #1584,230461,Leordinho Paes
Algorand:812789727,Mostly Frens #1585,188815,R. Lejeune
Algorand:812789806,Mostly Frens #1586,257652,F. Małek
Algorand:812789870,Mostly Frens #1587,233483,T. Tissoudali
Algorand:812789955,Mostly Frens #1588,197062,Nuno Reis
Algorand:812790028,Mostly Frens #1589,232076,D. Cure
Algorand:812790105,Mostly Frens #1590,261407,K. Pinargote
Algorand:812790185,Mostly Frens #1591,215147,L. Giannetti
Algorand:812790283,Mostly Frens #1592,236292,G. Cuomo
Algorand:812790366,Mostly Frens #1593,233945,Wu Wei
Algorand:812790446,Mostly Frens #1594,231091,Zeng Chao
Algorand:812790540,Mostly Frens #1595,190640,V. Pálsson
Algorand:812790832,Mostly Frens #1598,186200,F. Borini
Algorand:812791096,Mostly Frens #1600,261436,I. Maggi
Algorand:812791227,Mostly Frens #1601,246417,A. Patterson
Algorand:812791513,Mostly Frens #1604,234399,J. Eggestein
Algorand:812791598,Mostly Frens #1605,146758,Soldado
Algorand:812791751,Mostly Frens #1607,212591,W. Zimmerman
Algorand:812791879,Mostly Frens #1609,214997,Á. Correa
Algorand:812792057,Mostly Frens #1611,247883,S. Torres
Algorand:812792134,Mostly Frens #1612,236515,Álvaro
Algorand:812792228,Mostly Frens #1613,262288,A. Al Harthi
Algorand:812792290,Mostly Frens #1614,232712,J. Cascini
Algorand:812792421,Mostly Frens #1615,234665,Dinis Almeida
Algorand:812792545,Mostly Frens #1617,207463,L. James
Algorand:812792667,Mostly Frens #1618,260742,B. Mensah
Algorand:812792794,Mostly Frens #1619,237784,Y. Maruhashi
Algorand:812793029,Mostly Frens #1621,262244,J. Myszor
Algorand:812793131,Mostly Frens #1622,242004,Jeon Se Jin
Algorand:812793213,Mostly Frens #1623,262210,A. Leone
Algorand:812793297,Mostly Frens #1624,189403,N. Baker
Algorand:812793778,Mostly Frens #1626,251889,M. O'Malley
Algorand:812794253,Mostly Frens #1627,175943,D. Mertens
Algorand:812794691,Mostly Frens #1628,197948,F. Lejeune
Algorand:812794895,Mostly Frens #1629,247378,Y. Machida
Algorand:812795104,Mostly Frens #1630,207557,R. Olsen
Algorand:812795228,Mostly Frens #1631,264282,K. Danielewicz
Algorand:812795308,Mostly Frens #1632,205362,M. Nastasić
Algorand:812795436,Mostly Frens #1633,200110,M. Bizot
Algorand:812795578,Mostly Frens #1634,208637,M. Lais
Algorand:812795699,Mostly Frens #1635,253856,R. Rodríguez
Algorand:812795852,Mostly Frens #1636,202451,L. Pernica
Algorand:812795951,Mostly Frens #1637,258962,Long Wenhao
Algorand:812796098,Mostly Frens #1638,264519,T. Olsson
Algorand:812796268,Mostly Frens #1639,196952,J. Bidwell
Algorand:812796424,Mostly Frens #1640,261984,Wang Jinshuai
Algorand:812796578,Mostly Frens #1641,257075,P. Nebel
Algorand:812796745,Mostly Frens #1642,220140,F. Kent
Algorand:812796844,Mostly Frens #1643,264055,Chen Xiangyu
Algorand:812796983,Mostly Frens #1644,252816,Jeon Sung Soo
Algorand:812797066,Mostly Frens #1645,226215,Sabin Merino
Algorand:812797145,Mostly Frens #1646,255565,K. Mitoma
Algorand:812797214,Mostly Frens #1647,252480,M. Pochettino
Algorand:812797300,Mostly Frens #1648,253962,Gong Qiule
Algorand:812797602,Mostly Frens #1650,215823,D. Župarić
Algorand:812797745,Mostly Frens #1651,242611,K. Kristinsson
Algorand:812799243,Mostly Frens #1652,258220,F. Kara
Algorand:812799379,Mostly Frens #1653,259857,A. Majok
Algorand:812799435,Mostly Frens #1654,213666,R. Loftus-Cheek
Algorand:812799529,Mostly Frens #1655,250754,N. Shinton
Algorand:812799611,Mostly Frens #1656,246297,H. Abdelli
Algorand:812799713,Mostly Frens #1657,238765,J. Brandon
Algorand:812799814,Mostly Frens #1658,261895,Guo Hanru
Algorand:812799912,Mostly Frens #1659,234819,Guilherme
Algorand:812800190,Mostly Frens #1662,241033,C. Gregory
Algorand:812800309,Mostly Frens #1663,229956,L. Zigi
Algorand:812800418,Mostly Frens #1664,233409,R. Gumny
Algorand:812800568,Mostly Frens #1665,210726,Jin Seong Wook
Algorand:812800710,Mostly Frens #1666,261916,Bai Xuesong
Algorand:812800842,Mostly Frens #1667,216214,J. Gorman
Algorand:812800995,Mostly Frens #1668,225878,C. Domínguez
Algorand:812801109,Mostly Frens #1669,261763,E. Bartlow
Algorand:812801198,Mostly Frens #1670,251041,C. Dinu
Algorand:812801319,Mostly Frens #1671,240493,A. Paschalakis
Algorand:812801471,Mostly Frens #1672,245130,O. Webber
Algorand:812801642,Mostly Frens #1673,240812,M. Dulca
Algorand:812802131,Mostly Frens #1675,259978,Jesús Bueno
Algorand:812802439,Mostly Frens #1676,199574,A. Letellier
Algorand:812802798,Mostly Frens #1678,243084,Yang Guoyuan
Algorand:812803079,Mostly Frens #1679,244921,Sergio Moreno
Algorand:812803704,Mostly Frens #1681,164766,L. Wallace
Algorand:812803838,Mostly Frens #1682,226130,F. Miguel
Algorand:812804396,Mostly Frens #1684,175932,R. De Laet
Algorand:812804721,Mostly Frens #1685,226259,L. Andrenacci
Algorand:812804972,Mostly Frens #1686,206652,Sergio Rico
Algorand:812805329,Mostly Frens #1688,223816,J. Rodríguez
Algorand:812805790,Mostly Frens #1690,261916,Bai Xuesong
Algorand:812805914,Mostly Frens #1691,253700,L. Ralte
Algorand:812806039,Mostly Frens #1692,258407,B. Soppy
Algorand:812806158,Mostly Frens #1693,253399,O. Edvardsen
Algorand:812806262,Mostly Frens #1694,226286,G. Ávalos
Algorand:812806363,Mostly Frens #1695,247866,C. Miszta
Algorand:812806499,Mostly Frens #1696,263652,A. Husic
Algorand:812806588,Mostly Frens #1697,251648,E. Iversen
Algorand:812806680,Mostly Frens #1698,183573,N. Theuerkauf
Algorand:812806737,Mostly Frens #1699,206297,S. Balić
Algorand:812806860,Mostly Frens #1700,232648,L. Gibson
Algorand:812806945,Mostly Frens #1701,259619,J. Chura
Algorand:812807037,Mostly Frens #1702,263030,E. McLaughlin
Algorand:812807141,Mostly Frens #1703,186112,J. Akinde
Algorand:812807255,Mostly Frens #1704,237095,Lee Ji Hoon
Algorand:812807326,Mostly Frens #1705,200134,R. Benson
Algorand:812807460,Mostly Frens #1706,259646,A. Shaikh
Algorand:812807568,Mostly Frens #1707,245622,S. Machino
Algorand:812807665,Mostly Frens #1708,263854,J. Mendes
Algorand:812807762,Mostly Frens #1709,261914,Ci Henglong
Algorand:812807892,Mostly Frens #1710,257944,Ł. Zjawiński
Algorand:812808114,Mostly Frens #1712,190362,T. Pukki
Algorand:812808426,Mostly Frens #1713,230698,Kachi
Algorand:812808809,Mostly Frens #1714,232101,J. Hernández
Algorand:812808961,Mostly Frens #1715,223240,G. Bettini
Algorand:812809150,Mostly Frens #1716,262723,V. Birksø
Algorand:812809296,Mostly Frens #1717,259700,J. Verdún
Algorand:812809428,Mostly Frens #1718,242804,B. Lundgaard
Algorand:812809596,Mostly Frens #1719,226495,Sergio Santos
Algorand:812809964,Mostly Frens #1721,110974,Riesgo
Algorand:812810151,Mostly Frens #1722,193336,V. Belec
Algorand:812810255,Mostly Frens #1723,255947,N. Gorzel
Algorand:812810529,Mostly Frens #1725,190497,D. Hoesen
Algorand:812810669,Mostly Frens #1726,228369,J. Walton
Algorand:812810801,Mostly Frens #1727,263493,M. Makarić
Algorand:812811127,Mostly Frens #1728,252912,Jofre Cherta
Algorand:812811229,Mostly Frens #1729,200741,Jiang Guangtai
Algorand:812811318,Mostly Frens #1730,213120,C. Wilkinson
Algorand:812811440,Mostly Frens #1731,257693,Zhang Haochen
Algorand:812811517,Mostly Frens #1732,209523,D. González
Algorand:812811737,Mostly Frens #1734,263137,D. Skubl
Algorand:812811883,Mostly Frens #1735,244498,K. Szymański
Algorand:812811995,Mostly Frens #1736,247631,M. Rakip
Algorand:812812118,Mostly Frens #1737,156321,A. Akinfenwa
Algorand:812812217,Mostly Frens #1738,253607,C. Ramos
Algorand:812812352,Mostly Frens #1739,259737,H. Singh
Algorand:812812467,Mostly Frens #1740,232636,R. Hatsuse
Algorand:812812543,Mostly Frens #1741,233915,J. Ponticelli
Algorand:812812662,Mostly Frens #1742,231428,F. Bandinelli
Algorand:812812781,Mostly Frens #1743,232645,F. Cambeses
Algorand:812813110,Mostly Frens #1746,234678,J. Mæhle
Algorand:812813244,Mostly Frens #1747,208842,C. Dibble
Algorand:812813346,Mostly Frens #1748,246123,D. Redan
Algorand:812813535,Mostly Frens #1750,247671,B. Al Ahbabi
Algorand:812813625,Mostly Frens #1751,247028,A. Král
Algorand:812813750,Mostly Frens #1752,261656,C. Mizell
Algorand:812813868,Mostly Frens #1753,242435,J. Wakely
Algorand:812813972,Mostly Frens #1754,203966,D. Kempe
Algorand:812814049,Mostly Frens #1755,250856,A. Singh Kiyam
Algorand:812814149,Mostly Frens #1756,242075,J. Sargent
Algorand:812814279,Mostly Frens #1757,237715,P. Cutrone
Algorand:812814372,Mostly Frens #1758,261670,J. Jensen-Abbew
Algorand:812814467,Mostly Frens #1759,205352,J. Archer
Algorand:812814604,Mostly Frens #1760,236579,B. Chorbadzhiyski
Algorand:812814683,Mostly Frens #1761,256849,M. Biron
Algorand:812814741,Mostly Frens #1762,190243,M. Hitz
Algorand:812814832,Mostly Frens #1763,254820,D. Kocyła
Algorand:812814894,Mostly Frens #1764,258745,Dani Vidal
Algorand:812814977,Mostly Frens #1765,258351,I. Boehmer
Algorand:812815065,Mostly Frens #1766,263055,Lalkhawpuimawia
Algorand:812815203,Mostly Frens #1767,238196,A. Sigurðsson
Algorand:812815295,Mostly Frens #1768,241048,J. Tuominen
Algorand:812815387,Mostly Frens #1769,182435,M. Langerak
Algorand:812815477,Mostly Frens #1770,259649,E. Singh
Algorand:812815695,Mostly Frens #1771,250842,J. Graterol
Algorand:812815917,Mostly Frens #1772,172862,N. Moisander
Algorand:812816007,Mostly Frens #1773,242601,M. Najjar
Algorand:812816085,Mostly Frens #1774,239023,B. Wiles
Algorand:812816178,Mostly Frens #1775,225955,M. Kvasina
Algorand:812816344,Mostly Frens #1777,220847,M. Maertens
Algorand:812816460,Mostly Frens #1778,260103,J. Singh
Algorand:812816575,Mostly Frens #1779,194163,J. Raitala
Algorand:812816677,Mostly Frens #1780,240804,C. Yates
Algorand:812816763,Mostly Frens #1781,199580,C. Goldson
Algorand:812816867,Mostly Frens #1782,255137,J. Cifuentes
Algorand:812817035,Mostly Frens #1784,236300,S. Eduok
Algorand:812817108,Mostly Frens #1785,261910,G. Sithole
Algorand:812817304,Mostly Frens #1787,263754,R. Pessel
Algorand:812817397,Mostly Frens #1788,262732,L. Nordås
Algorand:812817460,Mostly Frens #1789,251410,Gregore
Algorand:812817662,Mostly Frens #1791,221201,T. Leibold
Algorand:812817751,Mostly Frens #1792,263101,K. Ehibhatiomhan
Algorand:812817846,Mostly Frens #1793,264031,M. Rosales
Algorand:812818047,Mostly Frens #1795,264275,J. Robinson
Algorand:812818319,Mostly Frens #1798,261979,Fan Weixiang
Algorand:812818424,Mostly Frens #1799,252162,A. Ueda
Algorand:812818514,Mostly Frens #1800,197756,J. Ayew
Algorand:812818778,Mostly Frens #1803,252305,C. Evans
Algorand:812818895,Mostly Frens #1804,253840,D. Valdés
Algorand:812818989,Mostly Frens #1805,251498,J. Rojas
Algorand:812819062,Mostly Frens #1806,180714,Guilherme
Algorand:812819145,Mostly Frens #1807,211953,R. Vollath
Algorand:812819337,Mostly Frens #1809,251337,Alex Suárez
Algorand:812819415,Mostly Frens #1810,240648,C. Metcalfe
Algorand:812819529,Mostly Frens #1811,262700,J. Pek
Algorand:812819607,Mostly Frens #1812,228526,Hwang ByeongGeun
Algorand:812819718,Mostly Frens #1813,219452,J. Fernández
Algorand:812819867,Mostly Frens #1814,187961,Paulinho
Algorand:812819993,Mostly Frens #1815,247091,A. Colorado
Algorand:812820079,Mostly Frens #1816,259258,D. Salihovic
Algorand:812820234,Mostly Frens #1817,207616,A. Webster
Algorand:812820380,Mostly Frens #1818,234636,A. Pavlović
Algorand:812820463,Mostly Frens #1819,190581,U. Dávila
Algorand:812820575,Mostly Frens #1820,208932,A. Al Shammari
Algorand:812820681,Mostly Frens #1821,236047,A. Granlund
Algorand:812820790,Mostly Frens #1822,209254,R. Willmott
Algorand:812821001,Mostly Frens #1824,229409,Ozkoidi
Algorand:812821293,Mostly Frens #1826,246143,A. Jukic
Algorand:812821375,Mostly Frens #1827,263824,M. Al Juwair
Algorand:812821508,Mostly Frens #1828,215103,É. Puch
Algorand:812821617,Mostly Frens #1829,263431,G. Pereira
Algorand:812821696,Mostly Frens #1830,262325,R. Byrne
Algorand:812821762,Mostly Frens #1831,204542,Y. Yotún
Algorand:812821853,Mostly Frens #1832,247143,A. Vombergar
Algorand:812821989,Mostly Frens #1833,216023,M. Lepe
Algorand:812822158,Mostly Frens #1835,232832,L. Gómez
Algorand:812822233,Mostly Frens #1836,230242,Lúcio Calegario
Algorand:812822424,Mostly Frens #1838,246764,M. Camara
Algorand:812822508,Mostly Frens #1839,190084,P. Tachtsidis
Algorand:812822610,Mostly Frens #1840,231146,W. Al Enazi
Algorand:812822746,Mostly Frens #1841,264446,T. Zajíc
Algorand:812822849,Mostly Frens #1842,246444,T. Iwata
Algorand:812822969,Mostly Frens #1843,263679,A. Ordoñez
Algorand:812823111,Mostly Frens #1844,254951,L. Ríos
Algorand:812823193,Mostly Frens #1845,253903,J. Mancín
Algorand:812823369,Mostly Frens #1846,213344,D. Barnes
Algorand:812823501,Mostly Frens #1847,228238,J. Gundersen
Algorand:812823603,Mostly Frens #1848,241861,N. Atkinson
Algorand:812823697,Mostly Frens #1849,210214,Jozabed
Algorand:812823793,Mostly Frens #1850,233738,Zubeldia
Algorand:812823865,Mostly Frens #1851,225193,Merino
Algorand:812823957,Mostly Frens #1852,263598,A. Ahlin
Algorand:812824055,Mostly Frens #1853,254496,C. Grant
Algorand:812824184,Mostly Frens #1854,259265,M. Batna
Algorand:812824297,Mostly Frens #1855,241921,S. Bergier
Algorand:812824440,Mostly Frens #1856,256555,J. Dorsett
Algorand:812824547,Mostly Frens #1857,263840,W. Jarvis
Algorand:812824707,Mostly Frens #1858,223188,Ş. Özbayraklı
Algorand:812824802,Mostly Frens #1859,229260,K. Bua
Algorand:812825000,Mostly Frens #1861,240715,G. Lloyd
Algorand:812825125,Mostly Frens #1862,219845,G. Pereira
Algorand:812825223,Mostly Frens #1863,258623,J. Hutchinson
Algorand:812825291,Mostly Frens #1864,262968,A. Brown
Algorand:812825361,Mostly Frens #1865,262636,G. Cooper
Algorand:812825447,Mostly Frens #1866,187033,S. Morrison
Algorand:812825525,Mostly Frens #1867,258687,B. Popovic
Algorand:812825623,Mostly Frens #1868,215069,R. Rey
Algorand:812825713,Mostly Frens #1869,210269,Renato Augusto
Algorand:812825821,Mostly Frens #1870,260703,H. Al Ali
Algorand:812825919,Mostly Frens #1871,191337,R. Sugiyama
Algorand:812826005,Mostly Frens #1872,195864,P. Pogba
Algorand:812826091,Mostly Frens #1873,210556,Lucas João
Algorand:812826289,Mostly Frens #1875,245455,M. Mohsen
Algorand:812826367,Mostly Frens #1876,189141,R. Söder
Algorand:812826472,Mostly Frens #1877,260451,H. Salvatierra
Algorand:812826544,Mostly Frens #1878,256893,Kibe
Algorand:812826703,Mostly Frens #1880,233569,F. Saucedo
Algorand:812826801,Mostly Frens #1881,236699,S. Lukić
Algorand:812826894,Mostly Frens #1882,225850,P. Kimpembe
Algorand:812826980,Mostly Frens #1883,238570,Song Bum Keun
Algorand:812827089,Mostly Frens #1884,262659,N. Atubolu
Algorand:812827190,Mostly Frens #1885,214462,I. Arboleda
Algorand:812827287,Mostly Frens #1886,182959,A. Hruška
Algorand:812827394,Mostly Frens #1887,262094,A. Jackson
Algorand:812827563,Mostly Frens #1889,260260,J. O'Connor
Algorand:812827648,Mostly Frens #1890,182959,A. Hruška
Algorand:812827746,Mostly Frens #1891,263163,K. Autonne
Algorand:812827831,Mostly Frens #1892,253672,A. Singh
Algorand:812827952,Mostly Frens #1893,202220,C. Sapong
Algorand:812828050,Mostly Frens #1894,243924,M. Drammeh
Algorand:812828152,Mostly Frens #1895,262708,T. Malbec
Algorand:812828290,Mostly Frens #1896,192922,O. Jiménez
Algorand:812828355,Mostly Frens #1897,259921,V. Edvardsen
Algorand:812828443,Mostly Frens #1898,212450,Park Yong Ji
Algorand:812828555,Mostly Frens #1899,259235,M. Lamti
Algorand:812828655,Mostly Frens #1900,236903,T. Pasher
Algorand:812828739,Mostly Frens #1901,264057,J. Nieuwenhuizen
Algorand:812828854,Mostly Frens #1902,192342,E. Cardona
Algorand:812829055,Mostly Frens #1904,262769,D. Kina
Algorand:812829129,Mostly Frens #1905,190549,M. Henriksen
Algorand:812829219,Mostly Frens #1906,222546,L. Zingerle
Algorand:812829377,Mostly Frens #1908,208621,Óscar Plano
Algorand:812829460,Mostly Frens #1909,245425,N. James
Algorand:812829546,Mostly Frens #1910,258558,A. Chetri
Algorand:812829627,Mostly Frens #1911,241263,J. Stevens
Algorand:812829796,Mostly Frens #1913,212261,Brandon Thomas
Algorand:812829857,Mostly Frens #1914,260979,J. Kisiel
Algorand:812830048,Mostly Frens #1916,234066,J. Hove
Algorand:812830138,Mostly Frens #1917,248289,N. Sekar
Algorand:812830319,Mostly Frens #1919,219823,G. Mastriani
Algorand:812830948,Mostly Frens #1920,240769,J. Hallam
Algorand:812831025,Mostly Frens #1921,260838,F. Al Garzae
Algorand:812831107,Mostly Frens #1922,255582,A. Ichikawa
Algorand:812831211,Mostly Frens #1923,237884,L. Ritzka
Algorand:812831308,Mostly Frens #1924,230293,Meirelinson
Algorand:812831421,Mostly Frens #1925,262850,A. Stanley
Algorand:812831511,Mostly Frens #1926,192119,T. Courtois
Algorand:812831625,Mostly Frens #1927,262463,V. Drăghia
Algorand:812831730,Mostly Frens #1928,262654,B. Jenciragic
Algorand:812831849,Mostly Frens #1929,222585,F. Fydriszewski
Algorand:812831950,Mostly Frens #1930,174443,G. Kumar
Algorand:812832041,Mostly Frens #1931,264040,R. Shirley
Algorand:812832273,Mostly Frens #1933,232441,M. Higashiguchi
Algorand:812832338,Mostly Frens #1934,244502,W. Pleśnierowicz
Algorand:812832402,Mostly Frens #1935,251754,S. Kersten
Algorand:812832479,Mostly Frens #1936,229429,K. McKenzie-Lyle
Algorand:812832571,Mostly Frens #1937,177388,D. Payet
Algorand:812832643,Mostly Frens #1938,247042,J. Löfgren
Algorand:812832738,Mostly Frens #1939,209297,Fred
Algorand:812832833,Mostly Frens #1940,251810,B. Brobbey
Algorand:812832915,Mostly Frens #1941,188000,Sandro Manoel
Algorand:812833004,Mostly Frens #1942,257788,D. Dassy
Algorand:812833083,Mostly Frens #1943,235047,J. Menéndez
Algorand:812833130,Mostly Frens #1944,259669,R. Duncan
Algorand:812833209,Mostly Frens #1945,248177,S. Chakrabarti
Algorand:812833292,Mostly Frens #1946,215251,G. Herrera
Algorand:812833486,Mostly Frens #1948,263725,Alberto
Algorand:812833567,Mostly Frens #1949,216647,Jeong Chung Geun
Algorand:812833688,Mostly Frens #1950,192064,Gao Late
Algorand:812833775,Mostly Frens #1951,213815,M. Uhre
Algorand:812833853,Mostly Frens #1952,253697,S. Tavora
Algorand:812833929,Mostly Frens #1953,244555,J. Dyer
Algorand:812833998,Mostly Frens #1954,211105,N. Flø
Algorand:812834090,Mostly Frens #1955,242952,S. Bareiro
Algorand:812834169,Mostly Frens #1956,235619,M. Edwards
Algorand:812834267,Mostly Frens #1957,261669,A. McCabe
Algorand:812834400,Mostly Frens #1959,230237,Robson Denho
Algorand:812834490,Mostly Frens #1960,239203,G. Coudert
Algorand:812834577,Mostly Frens #1961,257975,B. Brahimi
Algorand:812834645,Mostly Frens #1962,184433,A. Nemec
Algorand:812834710,Mostly Frens #1963,240531,M. Al Baqawi
Algorand:812834774,Mostly Frens #1964,222506,F. David
Algorand:812834878,Mostly Frens #1965,228173,Ricardo Lopes
Algorand:812835055,Mostly Frens #1966,259036,V. Korniienko
Algorand:812835148,Mostly Frens #1967,190581,U. Dávila
Algorand:812835205,Mostly Frens #1968,241119,Dani Martín
Algorand:812835376,Mostly Frens #1970,252485,S. Obeng
Algorand:812835466,Mostly Frens #1971,245766,Y. Ohashi
Algorand:812835580,Mostly Frens #1972,179822,H. Jele
Algorand:812835696,Mostly Frens #1973,215251,G. Herrera
Algorand:812835784,Mostly Frens #1974,240744,M. Ojeda
Algorand:812835853,Mostly Frens #1975,211891,A. Voglsammer
Algorand:812835914,Mostly Frens #1976,207952,S. Ajayi
Algorand:812836024,Mostly Frens #1977,234987,A. Androutsos
Algorand:812836153,Mostly Frens #1978,255178,E. Lopez
Algorand:812836239,Mostly Frens #1979,225926,Pere Milla
Algorand:812836341,Mostly Frens #1980,223458,R. Mirzov
Algorand:812836418,Mostly Frens #1981,248809,F. Robertson
Algorand:812836502,Mostly Frens #1982,239053,F. Valverde
Algorand:812836584,Mostly Frens #1983,200798,Marafona
Algorand:812836690,Mostly Frens #1984,173432,H. Moreno
Algorand:812836778,Mostly Frens #1985,214365,M. Galain
Algorand:812836883,Mostly Frens #1986,252239,L. González
Algorand:812836963,Mostly Frens #1987,256264,J. Gullan
Algorand:812837198,Mostly Frens #1990,223682,Granell
Algorand:812837279,Mostly Frens #1991,204125,J. Bořil
Algorand:812837346,Mostly Frens #1992,231222,F. Henríquez
Algorand:812837517,Mostly Frens #1994,233012,Hong Jeong Un
Algorand:812837638,Mostly Frens #1995,261506,E. Peraza
Algorand:812837720,Mostly Frens #1996,260717,H. Lintott
Algorand:812837780,Mostly Frens #1997,198784,A. Oxlade-Chamberlain
Algorand:812838022,Mostly Frens #2000,224003,Sergio Herrera
Algorand:812838079,Mostly Frens #2001,247634,A. Hakku
Algorand:812838169,Mostly Frens #2002,205686,T. Savanier
Algorand:812838246,Mostly Frens #2003,252658,Baek Jong Beom
Algorand:812838306,Mostly Frens #2004,240865,A. Scully
Algorand:812838366,Mostly Frens #2005,258410,S. Singh
Algorand:812838558,Mostly Frens #2007,164529,D. Moor
Algorand:812838623,Mostly Frens #2008,210667,F. Vanzo
Algorand:812838736,Mostly Frens #2009,244772,K. Velasco
Algorand:812838795,Mostly Frens #2010,261386,M. Balard
Algorand:812838857,Mostly Frens #2011,254148,P. Wålemark
Algorand:812838941,Mostly Frens #2012,241338,Yan Zihao
Algorand:812839027,Mostly Frens #2013,239964,E. Shomurodov
Algorand:812839119,Mostly Frens #2014,263824,M. Al Juwair
Algorand:812839210,Mostly Frens #2015,244316,Luís Maximiano
Algorand:812839386,Mostly Frens #2017,258317,J. Lawlor
Algorand:812839563,Mostly Frens #2019,260546,Urko González
Algorand:812839654,Mostly Frens #2020,208375,M. Müller
Algorand:812839737,Mostly Frens #2021,241960,T. Stavitski
Algorand:812839849,Mostly Frens #2022,255903,C. Garcia
Algorand:812839953,Mostly Frens #2023,232117,J. Dacosta
Algorand:812840138,Mostly Frens #2025,240794,J. Greenidge
Algorand:812840311,Mostly Frens #2027,262730,I. Batha
Algorand:812840390,Mostly Frens #2028,241833,K. Gutiérrez
Algorand:812840583,Mostly Frens #2030,231547,L. Mansell
Algorand:812840679,Mostly Frens #2031,203889,Y. Touzghar
Algorand:812840773,Mostly Frens #2032,202549,I. Furu
Algorand:812840922,Mostly Frens #2034,259857,A. Majok
Algorand:812841069,Mostly Frens #2035,264176,Kevin
Algorand:812841402,Mostly Frens #2036,261075,Kang Jae Woo
Algorand:812841478,Mostly Frens #2037,264185,San Nicolás
Algorand:812841541,Mostly Frens #2038,149309,A. Rosati
Algorand:812841672,Mostly Frens #2040,244883,A. Al Yami
Algorand:812841737,Mostly Frens #2041,262848,S. Carey
Algorand:812841819,Mostly Frens #2042,230893,O. Evans
Algorand:812841907,Mostly Frens #2043,264390,J. Davis
Algorand:812841992,Mostly Frens #2044,233227,D. Browne
Algorand:812842064,Mostly Frens #2045,251762,S. Elia
Algorand:812842136,Mostly Frens #2046,243612,D. Sanderson
Algorand:812842205,Mostly Frens #2047,239091,L. Grgic
Algorand:812842351,Mostly Frens #2049,230359,Germano Monico
Algorand:812842430,Mostly Frens #2050,261425,I. Khan
Algorand:812842504,Mostly Frens #2051,251445,Samuel Lino
Algorand:812842573,Mostly Frens #2052,245809,Y. Kitala
Algorand:812842654,Mostly Frens #2053,243790,Wang Zhen'ao
Algorand:812842705,Mostly Frens #2054,260882,J. Adeyemo
Algorand:812842769,Mostly Frens #2055,262587,M. Ljubičić
Algorand:812842843,Mostly Frens #2056,191437,A. Al Mazaidi
Algorand:812842995,Mostly Frens #2058,185181,Yoel
Algorand:812843049,Mostly Frens #2059,251032,N. Ouammou
Algorand:812843118,Mostly Frens #2060,220968,A. El Messaoudi
Algorand:812843205,Mostly Frens #2061,211736,R. Leipertz
Algorand:812843284,Mostly Frens #2062,260539,D. Walsh
Algorand:812843349,Mostly Frens #2063,264282,K. Danielewicz
Algorand:812843450,Mostly Frens #2064,242706,J. Akanyirige
Algorand:812843587,Mostly Frens #2066,220624,L. Acosta
Algorand:812843665,Mostly Frens #2067,211591,M. Dembélé
Algorand:812843753,Mostly Frens #2068,261951,Li Xiang
Algorand:812843818,Mostly Frens #2069,181989,A. Ríos
Algorand:812843899,Mostly Frens #2070,263167,C. O'Connell
Algorand:812844001,Mostly Frens #2071,226773,P. Diop
Algorand:812844316,Mostly Frens #2074,235634,G. Konan
Algorand:812844402,Mostly Frens #2075,173654,P. McGowan
Algorand:812844475,Mostly Frens #2076,188274,M. Yatabaré
Algorand:812844719,Mostly Frens #2078,217168,J. Abella
Algorand:812844801,Mostly Frens #2079,190179,D. Cornell
Algorand:812844990,Mostly Frens #2081,183706,M. Waghorn
Algorand:812845084,Mostly Frens #2082,233410,Kweon Han Jin
Algorand:812845181,Mostly Frens #2083,191556,Y. Endo
Algorand:812845278,Mostly Frens #2084,208589,K. Pusch
Algorand:812845394,Mostly Frens #2085,261007,R. Werthmüller
Algorand:812845464,Mostly Frens #2086,238050,C. Ejuke
Algorand:812845539,Mostly Frens #2087,257264,O. Vilhelmsson
Algorand:812845609,Mostly Frens #2088,242585,T. Shibuya
Algorand:812845695,Mostly Frens #2089,259469,J. Ægidius
Algorand:812845964,Mostly Frens #2092,182427,Yang Xu
Algorand:812846131,Mostly Frens #2094,259343,K. Dagriri
Algorand:812846258,Mostly Frens #2095,224973,Arturo Molina
Algorand:812846336,Mostly Frens #2096,205478,M. Krmenčík
Algorand:812846421,Mostly Frens #2097,258605,B. Šatkus
Algorand:812846622,Mostly Frens #2099,258820,F. Ristanic
Algorand:812846809,Mostly Frens #2101,217852,K. Molino
Algorand:812846970,Mostly Frens #2103,209063,S. Holmén
Algorand:812847192,Mostly Frens #2105,262452,A. Blidar
Algorand:812847309,Mostly Frens #2106,190769,E. Lamanna
Algorand:812847390,Mostly Frens #2107,212188,T. Werner
Algorand:812847470,Mostly Frens #2108,190461,B. Sigurðarson
Algorand:812847560,Mostly Frens #2109,258964,Zhang Jinliang
Algorand:812847640,Mostly Frens #2110,204870,N. Byrne
Algorand:812847710,Mostly Frens #2111,261115,Lee Ho Jae
Algorand:812847784,Mostly Frens #2112,259476,M. Ruhs
Algorand:812847852,Mostly Frens #2113,203483,D. Klaassen
Algorand:812847910,Mostly Frens #2114,254925,J. March
Algorand:812847997,Mostly Frens #2115,253089,Ł. Bejger
Algorand:812848082,Mostly Frens #2116,259133,K. Leth
Algorand:812848146,Mostly Frens #2117,230794,Nacho Gil
Algorand:812848238,Mostly Frens #2118,53655,J. Bothroyd
Algorand:812848334,Mostly Frens #2119,236919,N. Suman
Algorand:812848404,Mostly Frens #2120,259327,D. Mukuna-Trouet
Algorand:812848463,Mostly Frens #2121,258086,J. Varga
Algorand:812848613,Mostly Frens #2122,263083,M. Hinnenkamp
Algorand:812848667,Mostly Frens #2123,263675,M. Alfarela
Algorand:812848737,Mostly Frens #2124,242964,A. Gordon
Algorand:812848835,Mostly Frens #2125,210923,M. Al Owais
Algorand:812848917,Mostly Frens #2126,196147,G. Moreno
Algorand:812849032,Mostly Frens #2127,242564,D. Tomii
Algorand:812849083,Mostly Frens #2128,232104,D. James
Algorand:812849168,Mostly Frens #2129,257693,Zhang Haochen
Algorand:812849284,Mostly Frens #2130,173178,Manolo Reina
Algorand:812849348,Mostly Frens #2131,214997,Á. Correa
Algorand:812849433,Mostly Frens #2132,211381,S. Boufal
Algorand:812849511,Mostly Frens #2133,252001,J. Panzo
Algorand:812849587,Mostly Frens #2134,247894,Ș. Fara
Algorand:812849687,Mostly Frens #2135,190815,D. Blind
Algorand:812849749,Mostly Frens #2136,261424,N. Rabha
Algorand:812849810,Mostly Frens #2137,215147,L. Giannetti
Algorand:812849992,Mostly Frens #2138,239025,I. Niane
Algorand:812850050,Mostly Frens #2139,204334,I. Gelios
Algorand:812850137,Mostly Frens #2140,228236,S. Deli
Algorand:812850224,Mostly Frens #2141,255159,M. Sündermann
Algorand:812850312,Mostly Frens #2142,257262,A. Bredahl
Algorand:812850386,Mostly Frens #2143,248105,V. Ghiță
Algorand:812850471,Mostly Frens #2144,256672,R. Staunton
Algorand:812850564,Mostly Frens #2145,247159,C. Sertel
Algorand:812850687,Mostly Frens #2146,234943,F. Neuhaus
Algorand:812850843,Mostly Frens #2148,252692,S. Nicholson
Algorand:812851058,Mostly Frens #2150,242292,R. Pollero
Algorand:812851140,Mostly Frens #2151,216393,Y. Tielemans
Algorand:812851216,Mostly Frens #2152,3467,Yuri
Algorand:812851270,Mostly Frens #2153,258377,A. Németh
Algorand:812851352,Mostly Frens #2154,229360,Unai Bilbao
Algorand:812851452,Mostly Frens #2155,171975,G. Bergessio
Algorand:812851544,Mostly Frens #2156,242990,E. Collier
Algorand:812851626,Mostly Frens #2157,261221,F. Chamorro
Algorand:812851698,Mostly Frens #2158,203569,J. Chianese
Algorand:812851777,Mostly Frens #2159,262688,K. Bartoszek
Algorand:812851895,Mostly Frens #2160,245212,R. Uldriķis
Algorand:812851991,Mostly Frens #2161,237283,N. Reniero
Algorand:812852224,Mostly Frens #2164,243831,B. Radulović
Algorand:812852321,Mostly Frens #2165,230839,Z. Jules
Algorand:812852428,Mostly Frens #2166,255500,Seo Min Woo
Algorand:812852534,Mostly Frens #2167,252516,Chen Pu
Algorand:812852607,Mostly Frens #2168,216409,M. Politano
Algorand:812852668,Mostly Frens #2169,261888,Li Boxi
Algorand:812852768,Mostly Frens #2170,257528,Manu Molina
Algorand:812852870,Mostly Frens #2171,238330,L. Shengelia
Algorand:812852957,Mostly Frens #2172,260477,N. Harriel
Algorand:812853064,Mostly Frens #2173,251540,Patrick Luan
Algorand:812853183,Mostly Frens #2174,259868,P. Sarr
Algorand:812853346,Mostly Frens #2176,258703,D. Fisher
Algorand:812853557,Mostly Frens #2178,252134,L. Clarkson
Algorand:812853632,Mostly Frens #2179,248592,E. Dat
Algorand:812853758,Mostly Frens #2180,260845,S. Hirai
Algorand:812853872,Mostly Frens #2181,153275,J. Leca
Algorand:812853955,Mostly Frens #2182,261887,Jiang Wenhao
Algorand:812854014,Mostly Frens #2183,205631,C. Insaurralde
Algorand:812854116,Mostly Frens #2184,229906,L. Bailey
Algorand:812854302,Mostly Frens #2186,262521,R. Austin
Algorand:812854580,Mostly Frens #2189,213874,Thiago Mendes
Algorand:812854675,Mostly Frens #2190,260812,G. Gordillo
Algorand:812854786,Mostly Frens #2191,199890,N. Lavanchy
Algorand:812854888,Mostly Frens #2192,263266,S. Al Harbi
Algorand:812854975,Mostly Frens #2193,232596,T. Imai
Algorand:812855182,Mostly Frens #2194,257176,D. Gorka
Algorand:812855283,Mostly Frens #2195,241487,J. Ferreira
Algorand:812855397,Mostly Frens #2196,261066,B. Nievas
Algorand:812855523,Mostly Frens #2197,221363,D. van de Beek
Algorand:812855617,Mostly Frens #2198,214680,G. Gallon
Algorand:812855758,Mostly Frens #2199,255332,Riuler
Algorand:812855879,Mostly Frens #2200,261968,L. Schulze-Kökelsum
Algorand:812856047,Mostly Frens #2202,222546,L. Zingerle
Algorand:812856146,Mostly Frens #2203,259828,J. Rugel
Algorand:812856218,Mostly Frens #2204,169317,T. Elyounoussi
Algorand:812856398,Mostly Frens #2206,165502,J. Lillis
Algorand:812856475,Mostly Frens #2207,257548,D. Willms
Algorand:812856662,Mostly Frens #2209,256695,N. Boranijašević
Algorand:812856830,Mostly Frens #2211,156464,R. Wood
Algorand:812856945,Mostly Frens #2212,238332,E. Copetti
Algorand:812856998,Mostly Frens #2213,230708,J. Worrall
Algorand:812857082,Mostly Frens #2214,201399,M. Icardi
Algorand:812857159,Mostly Frens #2215,236167,Freddy Cardouso
Algorand:812857216,Mostly Frens #2216,201389,C. Biraghi
Algorand:812857294,Mostly Frens #2217,217805,A. Martín Arias
Algorand:812857405,Mostly Frens #2218,233049,J. Sancho
Algorand:812857467,Mostly Frens #2219,246732,A. Loba
Algorand:812857626,Mostly Frens #2221,263091,M. Boruc
Algorand:812857699,Mostly Frens #2222,201132,R. Janicki
Algorand:812857784,Mostly Frens #2223,244259,S. Moharrami
Algorand:812857953,Mostly Frens #2225,216264,J. Dixon
Algorand:812858038,Mostly Frens #2226,192361,P. Wojciechowski
Algorand:812858143,Mostly Frens #2227,217699,I. Slimani
Algorand:812858328,Mostly Frens #2230,263490,J. McGonigle
Algorand:812858417,Mostly Frens #2231,223738,X. Mous
Algorand:812858526,Mostly Frens #2232,214207,F. Pardo
Algorand:812858595,Mostly Frens #2233,223967,B. Babić
Algorand:812858673,Mostly Frens #2234,240053,R. Aabid
Algorand:812858933,Mostly Frens #2236,213711,A. Rocha
Algorand:812859003,Mostly Frens #2237,246398,S. Rojas
Algorand:812859094,Mostly Frens #2238,257788,D. Dassy
Algorand:812859177,Mostly Frens #2239,228144,Jorge Pombo
Algorand:812859255,Mostly Frens #2240,186905,A. Barnes
Algorand:812859412,Mostly Frens #2241,258698,Afonso Sousa
Algorand:812859485,Mostly Frens #2242,256414,P. Ferry
Algorand:812859596,Mostly Frens #2243,259218,A. D'Silva
Algorand:812859749,Mostly Frens #2245,220807,M. O'Leary
Algorand:812859826,Mostly Frens #2246,200779,J. Clarke-Harris
Algorand:812859899,Mostly Frens #2247,239627,A. Zreľák
Algorand:812859977,Mostly Frens #2248,247631,M. Rakip
Algorand:812860069,Mostly Frens #2249,251136,H. Moldovan
Algorand:812860136,Mostly Frens #2250,236189,Túlio Sandoiro
Algorand:812860265,Mostly Frens #2252,238536,T. Kiss
Algorand:812860331,Mostly Frens #2253,216302,E. García
Algorand:812860416,Mostly Frens #2254,234236,P. Schick
Algorand:812860567,Mostly Frens #2256,216750,P. Carlgren
Algorand:812860710,Mostly Frens #2258,259129,K. Paulsen
Algorand:812860777,Mostly Frens #2259,214485,J. Rodríguez
Algorand:812860852,Mostly Frens #2260,246841,N. Forastiero
Algorand:812860945,Mostly Frens #2261,234128,Luiz Araújo
Algorand:812861013,Mostly Frens #2262,251503,Mateus Pasinato
Algorand:812861069,Mostly Frens #2263,198355,S. Clark
Algorand:812861128,Mostly Frens #2264,251298,O. Hanin
Algorand:812861244,Mostly Frens #2265,248290,S. Sarangi
Algorand:812861326,Mostly Frens #2266,248683,D. Skretteberg
Algorand:812861418,Mostly Frens #2267,260390,R. Zouhir
Algorand:812861490,Mostly Frens #2268,239807,D. Frattesi
Algorand:812861574,Mostly Frens #2269,240704,Guo Quanbo
Algorand:812861663,Mostly Frens #2270,260910,S. Shoretire
Algorand:812861767,Mostly Frens #2271,261478,A. Douvikas
Algorand:812862016,Mostly Frens #2274,212453,Germán Parreño
Algorand:812862101,Mostly Frens #2275,263580,F. Stumpe
Algorand:812862176,Mostly Frens #2276,263271,A. Emakhu
Algorand:812862253,Mostly Frens #2277,242715,A. Grinwis
Algorand:812862335,Mostly Frens #2278,232871,Gao Zhunyi
Algorand:812862405,Mostly Frens #2279,259834,G. Villamíl
Algorand:812862535,Mostly Frens #2281,258758,T. Corbeanu
Algorand:812862614,Mostly Frens #2282,262850,A. Stanley
Algorand:812862768,Mostly Frens #2284,229773,G. Dzhikiya
Algorand:812862875,Mostly Frens #2285,242696,Liu Guobo
Algorand:812862933,Mostly Frens #2286,219546,J. Murillo
Algorand:812863018,Mostly Frens #2287,223104,M. McNulty
Algorand:812863119,Mostly Frens #2288,228349,M. Vojvoda
Algorand:812863190,Mostly Frens #2289,229367,S. Humphrys
Algorand:812863264,Mostly Frens #2290,264469,W. Sulaeman
Algorand:812863360,Mostly Frens #2291,191083,P. Mortensen
Algorand:812863420,Mostly Frens #2292,192722,R. Hamouma
Algorand:812863586,Mostly Frens #2293,254556,K. Nsona
Algorand:812863659,Mostly Frens #2294,211373,N. Mohammed
Algorand:812863741,Mostly Frens #2295,262170,F. Draper
Algorand:812863837,Mostly Frens #2296,139068,Nani
Algorand:812863896,Mostly Frens #2297,259145,B. M'Bondo
Algorand:812863972,Mostly Frens #2298,204227,Z. Gano
Algorand:812864068,Mostly Frens #2299,230478,Jairão Zezé
Algorand:812864160,Mostly Frens #2300,232381,Wesley
Algorand:812864255,Mostly Frens #2301,263063,J. Trafford
Algorand:812864437,Mostly Frens #2304,204485,R. Mahrez
Algorand:812864501,Mostly Frens #2305,215590,Ayoze Pérez
Algorand:812864626,Mostly Frens #2307,244654,K. Osako
Algorand:812864708,Mostly Frens #2308,230502,Dênildo Stein
Algorand:812864775,Mostly Frens #2309,253171,L. Oppermann
Algorand:812864858,Mostly Frens #2310,232382,T. Takagi
Algorand:812864995,Mostly Frens #2311,247336,A. McCalmont
Algorand:812865087,Mostly Frens #2312,245336,M. Kilman
Algorand:812865292,Mostly Frens #2313,228908,J. Berthomier
Algorand:812865347,Mostly Frens #2314,242348,Loren
Algorand:812865436,Mostly Frens #2315,257516,R. Galindo
Algorand:812865606,Mostly Frens #2317,144160,T. Acar
Algorand:812865694,Mostly Frens #2318,224069,K. Toko Ekambi
Algorand:812865836,Mostly Frens #2320,213317,Kim Jin Su
Algorand:812865909,Mostly Frens #2321,262584,I. Dolček
Algorand:812865974,Mostly Frens #2322,206590,Moi Gómez
Algorand:812866039,Mostly Frens #2323,261052,Kang Dong Hyeok
Algorand:812866146,Mostly Frens #2324,237171,H. Acevedo
Algorand:812866226,Mostly Frens #2325,178143,E. Birniçan
Algorand:812866306,Mostly Frens #2326,234858,M. Funk
Algorand:812866391,Mostly Frens #2327,182047,Wu Yan
Algorand:812866469,Mostly Frens #2328,198039,M. Gillespie
Algorand:812866524,Mostly Frens #2329,229956,L. Zigi
Algorand:812866621,Mostly Frens #2330,163587,K. Schmeichel
Algorand:812866676,Mostly Frens #2331,245715,J. Shackleton
Algorand:812866742,Mostly Frens #2332,255336,F. Emmings
Algorand:812866841,Mostly Frens #2333,241643,V. Johansson
Algorand:812866905,Mostly Frens #2334,251585,J. Mary
Algorand:812866996,Mostly Frens #2335,234048,E. Ocansey
Algorand:812867059,Mostly Frens #2336,204853,J. White
Algorand:812867117,Mostly Frens #2337,255369,M. Marran
Algorand:812867226,Mostly Frens #2338,205943,V. Chiricheș
Algorand:812867367,Mostly Frens #2339,217098,J. Reyes
Algorand:812867452,Mostly Frens #2340,259738,W. Angousana
Algorand:812867559,Mostly Frens #2341,246806,Park Il Gyu
Algorand:812867622,Mostly Frens #2342,256174,J. Herrera
Algorand:812867685,Mostly Frens #2343,242969,N. Baumann
Algorand:812867755,Mostly Frens #2344,262726,Miki Villar
Algorand:812867857,Mostly Frens #2345,206652,Sergio Rico
Algorand:812868067,Mostly Frens #2347,215553,Henrique Dourado
Algorand:812868151,Mostly Frens #2348,165429,C. Keșerü
Algorand:812868233,Mostly Frens #2349,209805,D. Vaca
Algorand:812868324,Mostly Frens #2350,261979,Fan Weixiang
Algorand:812868380,Mostly Frens #2351,259054,Tiago Morais
Algorand:812868481,Mostly Frens #2352,224662,M. Multhaup
Algorand:812868560,Mostly Frens #2353,263101,K. Ehibhatiomhan
Algorand:812868647,Mostly Frens #2354,239553,T. Bayliss
Algorand:812868787,Mostly Frens #2356,254699,K. Toporkiewicz
Algorand:812868873,Mostly Frens #2357,207918,C. Irobiso
Algorand:812869030,Mostly Frens #2359,230195,Walexinton
Algorand:812869089,Mostly Frens #2360,263137,D. Skubl
Algorand:812869157,Mostly Frens #2361,240138,W. Riveros
Algorand:812869216,Mostly Frens #2362,220085,L. Waldschmidt
Algorand:812869274,Mostly Frens #2363,222396,D. Ball
Algorand:812869362,Mostly Frens #2364,199739,Josué
Algorand:812869460,Mostly Frens #2365,259783,S. Rojas
Algorand:812869530,Mostly Frens #2366,212156,S. Rincón
Algorand:812869600,Mostly Frens #2367,200647,J. Iličić
Algorand:812869675,Mostly Frens #2368,257237,R. Doohan
Algorand:812869736,Mostly Frens #2369,244507,P. Estrada
Algorand:812869821,Mostly Frens #2370,247343,M. Mampala
Algorand:812869911,Mostly Frens #2371,240206,T. Gjertsen
Algorand:812870018,Mostly Frens #2372,183855,A. Ogbonna
Algorand:812870138,Mostly Frens #2374,236987,B. Kamara
Algorand:812870210,Mostly Frens #2375,214567,J. Reinoso
Algorand:812870282,Mostly Frens #2376,248678,A. Crivac
Algorand:812870372,Mostly Frens #2377,261574,M. León
Algorand:812870442,Mostly Frens #2378,211748,K. Demirbay
Algorand:812870510,Mostly Frens #2379,259423,Iván Azón
Algorand:812870631,Mostly Frens #2380,229154,J. Kliment
Algorand:812870698,Mostly Frens #2381,232541,R. Izumi
Algorand:812870790,Mostly Frens #2382,250780,D. Gugganig
Algorand:812870855,Mostly Frens #2383,183807,P. Amond
Algorand:812870989,Mostly Frens #2385,262288,A. Al Harthi
Algorand:812871063,Mostly Frens #2386,223011,F. Sollacaro
Algorand:812871129,Mostly Frens #2387,243254,F. Hörberg
Algorand:812871171,Mostly Frens #2388,236316,Y. Valery
Algorand:812871240,Mostly Frens #2389,262540,C. Wagner
Algorand:812871287,Mostly Frens #2390,227909,J. McCarthy
Algorand:812871404,Mostly Frens #2392,230168,Raphaelinho Anjos
Algorand:812871469,Mostly Frens #2393,254549,J. Woodiwiss
Algorand:812871540,Mostly Frens #2394,243725,D. Collins
Algorand:812871588,Mostly Frens #2395,244538,S. Bauer
Algorand:812871651,Mostly Frens #2396,242364,A. Traoré
Algorand:812871706,Mostly Frens #2397,242630,R. Manley
Algorand:812871773,Mostly Frens #2398,258879,M. Pußwald
Algorand:812871903,Mostly Frens #2400,222457,B. Mensah
Algorand:812872021,Mostly Frens #2401,224650,Sun Kai
Algorand:812872195,Mostly Frens #2402,203980,K. Fortounis
Algorand:812872348,Mostly Frens #2403,248284,A. Gomes
Algorand:812872497,Mostly Frens #2404,192087,G. Schennikov
Algorand:812872639,Mostly Frens #2405,245435,R. Al Najjar
Algorand:812872712,Mostly Frens #2406,200369,O. Halvorsen
Algorand:812872768,Mostly Frens #2407,258711,F. Al Shammari
Algorand:812872818,Mostly Frens #2408,173859,S. Baldock
Algorand:812872888,Mostly Frens #2409,172723,A. Begović
Algorand:812872963,Mostly Frens #2410,238194,N. Bustos
Algorand:812873073,Mostly Frens #2411,263849,C. Negoescu
Algorand:812873138,Mostly Frens #2412,227287,J. Lindsay
Algorand:812873233,Mostly Frens #2413,260706,B. Borasi
Algorand:812873353,Mostly Frens #2414,246172,S. Chukwueze
Algorand:812873419,Mostly Frens #2415,195427,J. Stockley
Algorand:812873527,Mostly Frens #2416,230495,Hélton Celanova
Algorand:812873622,Mostly Frens #2417,243977,J. Herrera
Algorand:812873689,Mostly Frens #2418,229683,Rodrigo Pinho
Algorand:812873750,Mostly Frens #2419,248091,D. Lazar
Algorand:812873833,Mostly Frens #2420,261282,S. Pearson
Algorand:812873943,Mostly Frens #2421,204966,Adrián Ortolá
Algorand:812874069,Mostly Frens #2422,264530,A. Obhakhan
Algorand:812874181,Mostly Frens #2423,231929,G. Miller
Algorand:812874252,Mostly Frens #2424,262995,R. Schabbing
Algorand:812874348,Mostly Frens #2425,237250,S. Cleveland
Algorand:812874414,Mostly Frens #2426,234925,K. Pierie
Algorand:812874495,Mostly Frens #2427,262902,V. Sapina
Algorand:812874589,Mostly Frens #2428,212240,K. Karaman
Algorand:812874939,Mostly Frens #2432,179752,Ó. Cardozo
Algorand:812875033,Mostly Frens #2433,263844,N. Botic
Algorand:812875112,Mostly Frens #2434,226710,G. Scamacca
Algorand:812875309,Mostly Frens #2437,256994,I. Vanlalruatfela
Algorand:812875481,Mostly Frens #2439,244316,Luís Maximiano
Algorand:812875582,Mostly Frens #2440,246595,K. Isa
Algorand:812875661,Mostly Frens #2441,186838,G. Doherty
Algorand:812875750,Mostly Frens #2442,229354,A. Ferati
Algorand:812875837,Mostly Frens #2443,244363,Daniel Fuzato
Algorand:812875914,Mostly Frens #2444,210556,Lucas João
Algorand:812875972,Mostly Frens #2445,264354,O. Sukiennicki
Algorand:812876058,Mostly Frens #2446,244929,J. Daly
Algorand:812876185,Mostly Frens #2447,257133,N. Čumić
Algorand:812876255,Mostly Frens #2448,227772,G. Giménez
Algorand:812876669,Mostly Frens #2451,224555,Xu Jiamin
Algorand:812876878,Mostly Frens #2453,255347,P. Metcalfe
Algorand:812876942,Mostly Frens #2454,253157,H. Boudaoui
Algorand:812877054,Mostly Frens #2455,261916,Bai Xuesong
Algorand:812877105,Mostly Frens #2456,230441,Vieiraldo Junior
Algorand:812877169,Mostly Frens #2457,251551,A. Niangbo
Algorand:812877225,Mostly Frens #2458,261584,T. Kato
Algorand:812877302,Mostly Frens #2459,251364,T. Huk
Algorand:812877369,Mostly Frens #2460,205923,B. Davies
Algorand:812877446,Mostly Frens #2461,194617,Chen Po-Liang
Algorand:812877519,Mostly Frens #2462,231104,Juninho
Algorand:812877582,Mostly Frens #2463,231138,C. Bassogog
Algorand:812877666,Mostly Frens #2464,228639,R. Mmaee
Algorand:812877789,Mostly Frens #2465,248860,S. Mustafá
Algorand:812877960,Mostly Frens #2467,255986,P. McGarvey
Algorand:812878042,Mostly Frens #2468,263975,K. N'Mai
Algorand:812878103,Mostly Frens #2469,247628,P. Karuthadathkuni
Algorand:812878185,Mostly Frens #2470,257250,L. Carlius
Algorand:812878235,Mostly Frens #2471,224442,B. Kamara
Algorand:812878306,Mostly Frens #2472,259997,A. Johansson
Algorand:812878364,Mostly Frens #2473,252188,E. Maciel
Algorand:812878418,Mostly Frens #2474,241745,N. Quina
Algorand:812878511,Mostly Frens #2475,215314,Carlos Gutiérrez
Algorand:812878578,Mostly Frens #2476,202858,F. Castillo
Algorand:812878792,Mostly Frens #2479,225018,F. Andone
Algorand:812878872,Mostly Frens #2480,235317,J. Mosquera
Algorand:812878943,Mostly Frens #2481,253518,Li Yang
Algorand:812879066,Mostly Frens #2482,262700,J. Pek
Algorand:812879117,Mostly Frens #2483,223596,S. Prevljak
Algorand:812879181,Mostly Frens #2484,224146,Jesús Imaz
Algorand:812879254,Mostly Frens #2485,198031,Sérgio Oliveira
Algorand:812879419,Mostly Frens #2486,182862,M. Pereira
Algorand:812879542,Mostly Frens #2487,248860,S. Mustafá
Algorand:812879626,Mostly Frens #2488,208776,F. Stritzel
Algorand:812879752,Mostly Frens #2489,230244,Leo Vimieiro
Algorand:812879835,Mostly Frens #2490,208309,I. Cissé
Algorand:812879955,Mostly Frens #2491,228047,Cao Yongjing
Algorand:812880103,Mostly Frens #2493,243856,A. Mabaso
Algorand:812880209,Mostly Frens #2494,247908,M. Leasă
Algorand:812880277,Mostly Frens #2495,239191,S. Demhasaj
Algorand:812880336,Mostly Frens #2496,253013,J. Bergström
Algorand:812880392,Mostly Frens #2497,263114,M. Elimbi
Algorand:812880464,Mostly Frens #2498,263632,I. Arslan
Algorand:812880553,Mostly Frens #2499,247731,M. Smith
Algorand:812880781,Mostly Frens #2502,235883,R. Sessegnon
Algorand:812880853,Mostly Frens #2503,256461,S. Hammershaug
Algorand:812880905,Mostly Frens #2504,232884,S. Doi
Algorand:812880961,Mostly Frens #2505,244287,M. Vrousai
Algorand:812881023,Mostly Frens #2506,202648,Sergi Darder
Algorand:812881082,Mostly Frens #2507,247633,P. Singh
Algorand:812881149,Mostly Frens #2508,263933,N. Raj
Algorand:812881279,Mostly Frens #2509,258820,F. Ristanic
Algorand:812881355,Mostly Frens #2510,247942,A. Bălan
Algorand:812881432,Mostly Frens #2511,264427,J. Boselli
Algorand:812881502,Mostly Frens #2512,178509,O. Giroud
Algorand:812881593,Mostly Frens #2513,235868,Amorrortu
Algorand:812881820,Mostly Frens #2515,241298,Liu Huan
Algorand:812881918,Mostly Frens #2516,198347,F. Jara
Algorand:812881995,Mostly Frens #2517,229123,R. Broom
Algorand:812882064,Mostly Frens #2518,230084,L. Nmecha
Algorand:812882203,Mostly Frens #2519,222634,I. Success
Algorand:812882294,Mostly Frens #2520,237325,C. Gilmour
Algorand:812882379,Mostly Frens #2521,172425,S. Bamba
Algorand:812882451,Mostly Frens #2522,251990,Luquinha
Algorand:812882524,Mostly Frens #2523,173608,Joselu
Algorand:812882837,Mostly Frens #2525,263399,M. Nazaretian
Algorand:812883289,Mostly Frens #2528,210868,José Mari
Algorand:812883381,Mostly Frens #2529,202456,J. Verhoek
Algorand:812883469,Mostly Frens #2530,221692,C. Bishop
Algorand:812883533,Mostly Frens #2531,262678,D. Sokół
Algorand:812883605,Mostly Frens #2532,262591,L. Pinckert
Algorand:812883673,Mostly Frens #2533,240037,S. Plavšić
Algorand:812883846,Mostly Frens #2535,176635,M. Özil
Algorand:812883954,Mostly Frens #2536,264043,M. Voss
Algorand:812884039,Mostly Frens #2537,201326,G. Torje
Algorand:812884161,Mostly Frens #2538,215823,D. Župarić
Algorand:812884366,Mostly Frens #2540,223044,G. Cansev
Algorand:812884410,Mostly Frens #2541,264517,A. Wikman
Algorand:812884485,Mostly Frens #2542,149697,M. McChrystal
Algorand:812884640,Mostly Frens #2544,209485,A. Mühling
Algorand:812884725,Mostly Frens #2545,263967,N. Defreitas-Hansen
Algorand:812884798,Mostly Frens #2546,238043,A. Al Obud
Algorand:812884971,Mostly Frens #2548,261956,Fang Hao
Algorand:812885115,Mostly Frens #2550,258942,O. Popescu
Algorand:812885166,Mostly Frens #2551,223344,Wei Shihao
Algorand:812885240,Mostly Frens #2552,259561,A. Adhikari
Algorand:812885467,Mostly Frens #2555,199412,Sebá
Algorand:812885563,Mostly Frens #2556,262759,S. Black
Algorand:812885723,Mostly Frens #2558,203796,F. Gutiérrez
Algorand:812886001,Mostly Frens #2561,216322,J. Hiwula
Algorand:812886081,Mostly Frens #2562,244560,C. Gutiérrez
Algorand:812886159,Mostly Frens #2563,191337,R. Sugiyama
Algorand:812886267,Mostly Frens #2564,250831,C. Boyce-Clarke
Algorand:812886350,Mostly Frens #2565,205119,S. Rodríguez
Algorand:812886423,Mostly Frens #2566,252027,A. Vranckx
Algorand:812886515,Mostly Frens #2567,256034,A. Rodriguez
Algorand:812886600,Mostly Frens #2568,243765,S. Sherring
Algorand:812886690,Mostly Frens #2569,260250,Z. Al Jari
Algorand:812886824,Mostly Frens #2570,255913,G. Thomason
Algorand:812887009,Mostly Frens #2572,256018,Miguel Berry
Algorand:812887124,Mostly Frens #2573,235590,P. Sisniega
Algorand:812887217,Mostly Frens #2574,215213,A. Werner
Algorand:812887384,Mostly Frens #2576,237496,D. Mihailovic
Algorand:812887476,Mostly Frens #2577,261916,Bai Xuesong
Algorand:812887582,Mostly Frens #2578,255223,A. Adli
Algorand:812887773,Mostly Frens #2580,223963,C. Humphreys-Grant
Algorand:812887831,Mostly Frens #2581,236758,O. Christensen
Algorand:812887937,Mostly Frens #2582,239926,F. Brandhof
Algorand:812888002,Mostly Frens #2583,259739,Dylan Perera
Algorand:812888449,Mostly Frens #2584,255217,F. Monzón
Algorand:812888544,Mostly Frens #2585,202811,E. Martínez
Algorand:812888642,Mostly Frens #2586,244040,P. Schmidt
Algorand:812888708,Mostly Frens #2587,232918,Y. Saneto
Algorand:812888953,Mostly Frens #2589,200826,M. Quiroga
Algorand:812889031,Mostly Frens #2590,247889,Y. Dukuly
Algorand:812889151,Mostly Frens #2591,222028,J. Weigl
Algorand:812889377,Mostly Frens #2593,200875,E. Gigliotti
Algorand:812889452,Mostly Frens #2594,203756,M. Smith
Algorand:812889530,Mostly Frens #2595,230318,Nelsildo Reis
Algorand:812889622,Mostly Frens #2596,230173,Nilson Alfarinho
Algorand:812889786,Mostly Frens #2597,232226,D. Boyko
Algorand:812890110,Mostly Frens #2598,138306,Angulo
Algorand:812890216,Mostly Frens #2599,256482,A. Smith
Algorand:812890454,Mostly Frens #2600,215103,É. Puch
Algorand:812890545,Mostly Frens #2601,260652,C. Ofoedu
Algorand:812890627,Mostly Frens #2602,227362,S. Rosted
Algorand:812890732,Mostly Frens #2603,254279,E. Sadiku
Algorand:812890830,Mostly Frens #2604,263830,R. Denuit
Algorand:812890908,Mostly Frens #2605,262154,M. Doucouré
Algorand:812891016,Mostly Frens #2606,223857,O. Salinas
Algorand:812891131,Mostly Frens #2607,241522,J. Wind
Algorand:812891225,Mostly Frens #2608,237321,M. Berisha
Algorand:812891304,Mostly Frens #2609,263974,Y. Al Hassan
Algorand:812891375,Mostly Frens #2610,209166,M. Malaeka
Algorand:812891564,Mostly Frens #2611,235124,S. Jurado
Algorand:812891682,Mostly Frens #2612,223402,E. Taşdemir
Algorand:812891781,Mostly Frens #2613,252201,A. Stanilewicz
Algorand:812891881,Mostly Frens #2614,230172,Traeira Lopes
Algorand:812891966,Mostly Frens #2615,243097,Yin Congyao
Algorand:812892048,Mostly Frens #2616,244256,D. Bielica
Algorand:812892164,Mostly Frens #2617,201353,J. Kempin
Algorand:812892390,Mostly Frens #2618,259406,S. Muñoz
Algorand:812892484,Mostly Frens #2619,232926,K. Watanabe
Algorand:812892688,Mostly Frens #2620,260329,L. Pérez
Algorand:812892852,Mostly Frens #2621,263477,L. Dellova
Algorand:812892965,Mostly Frens #2622,191827,Yoo Hyun
Algorand:812893029,Mostly Frens #2623,204691,M. Pereyra
Algorand:812893140,Mostly Frens #2624,232922,S. Kobayashi
Algorand:812893247,Mostly Frens #2625,243960,M. Broschinski
Algorand:812893322,Mostly Frens #2626,230362,Daguinho Parrela
Algorand:812893478,Mostly Frens #2628,184111,C. Benteke
Algorand:812893586,Mostly Frens #2629,223120,José León
Algorand:812893650,Mostly Frens #2630,253467,B. Singh
Algorand:812893743,Mostly Frens #2631,240799,D. Zappella
Algorand:812893842,Mostly Frens #2632,196885,C. Lampe
Algorand:812893946,Mostly Frens #2633,247731,M. Smith
Algorand:812894042,Mostly Frens #2634,237580,D. Schmidt
Algorand:812894134,Mostly Frens #2635,248740,G. Ahadme
Algorand:812894223,Mostly Frens #2636,244274,A. Šemper
Algorand:812894410,Mostly Frens #2638,258411,A. Kumar
Algorand:812894504,Mostly Frens #2639,234698,C. Songkrasin
Algorand:812894596,Mostly Frens #2640,211461,Luiz Phellype
Algorand:812894673,Mostly Frens #2641,248158,G. Slonina
Algorand:812894791,Mostly Frens #2642,208159,M. Frey
Algorand:812894890,Mostly Frens #2643,221632,S. Mikalsen
Algorand:812894994,Mostly Frens #2644,234050,S. Mbaye
Algorand:812895076,Mostly Frens #2645,255494,J. Tånnander
Algorand:812895168,Mostly Frens #2646,243021,E. Ortega
Algorand:812895245,Mostly Frens #2647,258736,V. Da Silva
Algorand:812895343,Mostly Frens #2648,235719,J. Soñora
Algorand:812895478,Mostly Frens #2649,259213,D. Da Silva
Algorand:812895592,Mostly Frens #2650,219777,Chema Rodríguez
Algorand:812895691,Mostly Frens #2651,261549,B. Ganesan
Algorand:812895785,Mostly Frens #2652,260535,G. Colli
Algorand:812895879,Mostly Frens #2653,224933,K. Lasagna
Algorand:812895974,Mostly Frens #2654,262662,J. Engel
Algorand:812896039,Mostly Frens #2655,258121,A. Amoo
Algorand:812896111,Mostly Frens #2656,238516,L. Østigård
Algorand:812896195,Mostly Frens #2657,262651,T. Lonergan
Algorand:812896261,Mostly Frens #2658,243610,Rodolfo Cardoso
Algorand:812896347,Mostly Frens #2659,192565,Y. Mallı
Algorand:812896454,Mostly Frens #2660,215049,D. Pérez
Algorand:812896570,Mostly Frens #2661,263661,Pernambuco
Algorand:812896648,Mostly Frens #2662,239358,S. Dieng
Algorand:812896771,Mostly Frens #2663,204077,M. Niang
Algorand:812896861,Mostly Frens #2664,230912,P. Ghiglione
Algorand:812896929,Mostly Frens #2665,262623,N. Wicht
Algorand:812897013,Mostly Frens #2666,236308,R. Marchizza
Algorand:812897098,Mostly Frens #2667,261100,N. Söderberg
Algorand:812897191,Mostly Frens #2668,264172,Carmona
Algorand:812897262,Mostly Frens #2669,264568,G. Cowmeadow
Algorand:812897343,Mostly Frens #2670,256563,A. Moreno
Algorand:812897436,Mostly Frens #2671,248017,C. Golofca
Algorand:812897514,Mostly Frens #2672,252066,F. Azaz
Algorand:812897652,Mostly Frens #2674,234740,M. El Hankouri
Algorand:812897726,Mostly Frens #2675,244621,Vinícius
Algorand:812897786,Mostly Frens #2676,206075,S. Johnstone
Algorand:812897916,Mostly Frens #2678,262636,G. Cooper
Algorand:812897975,Mostly Frens #2679,230621,G. Donnarumma
Algorand:812898054,Mostly Frens #2680,261437,M. Suver
Algorand:812898142,Mostly Frens #2681,49486,B. Ogbeche
Algorand:812898217,Mostly Frens #2682,202115,M. Ostrzolek
Algorand:812898308,Mostly Frens #2683,245809,Y. Kitala
Algorand:812898373,Mostly Frens #2684,245796,N. Balongo
Algorand:812898453,Mostly Frens #2685,256854,W. Omari
Algorand:812898758,Mostly Frens #2686,211033,L. García
Algorand:812899622,Mostly Frens #2688,263185,T. Butoiu
Algorand:812899723,Mostly Frens #2689,200278,S. García
Algorand:812899800,Mostly Frens #2690,264168,J. Oehmichen
Algorand:812899862,Mostly Frens #2691,263158,K. Hinokio
Algorand:812899939,Mostly Frens #2692,229723,M. Jensen
Algorand:812900030,Mostly Frens #2693,228461,Ryu Jae Moon
Algorand:812900095,Mostly Frens #2694,262247,M. Posmyk
Algorand:812900261,Mostly Frens #2696,259399,R. Højlund
Algorand:812900421,Mostly Frens #2698,262497,Unai Marino
Algorand:812900498,Mostly Frens #2699,163261,P. Bardsley
Algorand:812900550,Mostly Frens #2700,252794,Adrián Bernabé
Algorand:812900645,Mostly Frens #2701,234999,Jean
Algorand:812900725,Mostly Frens #2702,244973,M. Ruiz
Algorand:812900775,Mostly Frens #2703,264150,E. Kwelele
Algorand:812900849,Mostly Frens #2704,259651,Lin Guoyu
Algorand:812900920,Mostly Frens #2705,227642,S. Adegbenro
Algorand:812901014,Mostly Frens #2706,244513,I. Sadiq
Algorand:812901074,Mostly Frens #2707,214777,L. Díaz
Algorand:812901188,Mostly Frens #2708,242652,B. Mines
Algorand:812901262,Mostly Frens #2709,201966,A. Søderlund
Algorand:812901337,Mostly Frens #2710,237721,A. Al Khaibari
Algorand:812901434,Mostly Frens #2711,225024,M. Holgate
Algorand:812901540,Mostly Frens #2712,218743,A. Zapata
Algorand:812901627,Mostly Frens #2713,253502,J. Singh
Algorand:812901702,Mostly Frens #2714,256731,J. Krasso
Algorand:812901762,Mostly Frens #2715,251856,D. Meisel
Algorand:812902085,Mostly Frens #2717,206521,Kim Hyun
Algorand:812902162,Mostly Frens #2718,183712,S. Mölders
Algorand:812902422,Mostly Frens #2721,212816,Park Joon Kang
Algorand:812902525,Mostly Frens #2722,255115,J. Rivas
Algorand:812902617,Mostly Frens #2723,204105,K. Lala
Algorand:812902716,Mostly Frens #2724,260847,T. Hayakawa
Algorand:812902820,Mostly Frens #2725,240170,K. Niemczycki
Algorand:812902901,Mostly Frens #2726,251071,R. Ion
Algorand:812903021,Mostly Frens #2727,246430,D. Vlahović
Algorand:812903102,Mostly Frens #2728,256236,T. Mase
Algorand:812903197,Mostly Frens #2729,260922,C. Gomez
Algorand:812903323,Mostly Frens #2730,259521,Terrats
Algorand:812903390,Mostly Frens #2731,248206,P. Bhumij
Algorand:812903463,Mostly Frens #2732,264114,M. Cahill
Algorand:812903627,Mostly Frens #2734,261536,L. Chambers-Parillon
Algorand:812903706,Mostly Frens #2735,248039,K. Barker
Algorand:812903844,Mostly Frens #2736,245467,J. Szpaderski
Algorand:812903909,Mostly Frens #2737,242573,D. Caicedo
Algorand:812903991,Mostly Frens #2738,263835,G. D'Asaro
Algorand:812904078,Mostly Frens #2739,201257,T. Moulin
Algorand:812904164,Mostly Frens #2740,187072,L. Stindl
Algorand:812904232,Mostly Frens #2741,233848,J. Hauge
Algorand:812904323,Mostly Frens #2742,264040,R. Shirley
Algorand:812904603,Mostly Frens #2745,222399,C. Ogilvie
Algorand:812904698,Mostly Frens #2746,233500,L. Sinisterra
Algorand:812904775,Mostly Frens #2747,213905,S. Gallagher
Algorand:812904870,Mostly Frens #2748,251560,B. Mitchell
Algorand:812905001,Mostly Frens #2749,228897,M. Alphonse
Algorand:812905063,Mostly Frens #2750,261759,B. Redžić
Algorand:812905171,Mostly Frens #2751,215716,A. Mitrović
Algorand:812905270,Mostly Frens #2752,203775,L. Karius
Algorand:812905373,Mostly Frens #2753,248723,C. Malley
Algorand:812905475,Mostly Frens #2754,242952,S. Bareiro
Algorand:812905570,Mostly Frens #2755,244964,E. Minogue
Algorand:812905802,Mostly Frens #2757,233957,S. Field
Algorand:812905933,Mostly Frens #2758,240809,A. Akbulut
Algorand:812906044,Mostly Frens #2759,229282,Thiago Santana
Algorand:812906140,Mostly Frens #2760,259913,H. Sudakov
Algorand:812906235,Mostly Frens #2761,215823,D. Župarić
Algorand:812906342,Mostly Frens #2762,245130,O. Webber
Algorand:812906544,Mostly Frens #2764,156433,A. Talavera
Algorand:812906657,Mostly Frens #2765,204105,K. Lala
Algorand:812906782,Mostly Frens #2766,214727,Á. Zaldívar
Algorand:812906885,Mostly Frens #2767,235071,Óscar López
Algorand:812907000,Mostly Frens #2768,264055,Chen Xiangyu
Algorand:812907111,Mostly Frens #2769,259620,D. Kunst
Algorand:812907208,Mostly Frens #2770,230525,João Bruinheira
Algorand:812907319,Mostly Frens #2771,251590,L. Richards
Algorand:812907432,Mostly Frens #2772,211791,M. Konczkowski
Algorand:812907511,Mostly Frens #2773,223370,M. Engels
Algorand:812907606,Mostly Frens #2774,256923,D. Contreras
Algorand:812907713,Mostly Frens #2775,232553,R. Matsuda
Algorand:812907926,Mostly Frens #2776,226790,W. Ndidi
Algorand:812908184,Mostly Frens #2778,264487,K. Mintikkis
Algorand:812908307,Mostly Frens #2779,193344,P. Schürpf
Algorand:812908418,Mostly Frens #2780,220074,R. Espejord
Algorand:812908576,Mostly Frens #2781,262846,Ș. Dobre
Algorand:812908673,Mostly Frens #2782,244186,Luquinhas
Algorand:812908805,Mostly Frens #2783,261930,Zhu Yue
Algorand:812908914,Mostly Frens #2784,241622,Qian Yumiao
Algorand:812908956,Mostly Frens #2785,264177,D. Skare
Algorand:812909082,Mostly Frens #2786,233151,K. Miyoshi
Algorand:812909150,Mostly Frens #2787,240104,T. Staubli
Algorand:812909380,Mostly Frens #2788,215107,H. Villalba
Algorand:812909513,Mostly Frens #2789,173857,M. Andújar
Algorand:812909658,Mostly Frens #2790,235906,M. Grødem
Algorand:812909774,Mostly Frens #2791,230193,Carvamelinho
Algorand:812909880,Mostly Frens #2792,183855,A. Ogbonna
Algorand:812909960,Mostly Frens #2793,264210,M. Gümüşkaya
Algorand:812910030,Mostly Frens #2794,263732,Anderson
Algorand:812910219,Mostly Frens #2797,263507,B. Diabaté
Algorand:812910296,Mostly Frens #2798,243020,O. Paz
Algorand:812910384,Mostly Frens #2799,233276,A. Dozzell
Algorand:812910474,Mostly Frens #2800,250753,A. Trubin
Algorand:812910552,Mostly Frens #2801,251754,S. Kersten
Algorand:812910676,Mostly Frens #2803,251359,P. Krawczyk
Algorand:812910767,Mostly Frens #2804,238058,C. O'Hare
Algorand:812910924,Mostly Frens #2806,237708,M. Sylla
Algorand:812910990,Mostly Frens #2807,202401,Patric
Algorand:812911064,Mostly Frens #2808,253095,R. Devine
Algorand:812911130,Mostly Frens #2809,212819,K. Nagai
Algorand:812911504,Mostly Frens #2814,248683,D. Skretteberg
Algorand:812911648,Mostly Frens #2815,258892,O. Blomberg
Algorand:812911796,Mostly Frens #2817,210380,D. Diamantakos
Algorand:812911871,Mostly Frens #2818,144050,A. Bunjaku
Algorand:812912024,Mostly Frens #2819,182713,M. Mavraj
Algorand:812912125,Mostly Frens #2820,255487,S. Bendebka
Algorand:812912221,Mostly Frens #2821,182411,Yu Hanchao
Algorand:812912299,Mostly Frens #2822,210684,J. Tchouatcha
Algorand:812912351,Mostly Frens #2823,223877,D. Furlong
Algorand:812912409,Mostly Frens #2824,192937,Marc Vales
Algorand:812912481,Mostly Frens #2825,264515,M. Divkovic
Algorand:812912679,Mostly Frens #2827,254480,L. Egloff
Algorand:812912830,Mostly Frens #2829,236546,I. Pandita
Algorand:812913037,Mostly Frens #2832,229517,Toni Villa
Algorand:812913111,Mostly Frens #2833,238913,M. Harzan
Algorand:812913179,Mostly Frens #2834,253573,D. Navarro
Algorand:812913247,Mostly Frens #2835,224638,Zheng Zhiyun
Algorand:812913314,Mostly Frens #2836,237414,W. Popp
Algorand:812913389,Mostly Frens #2837,253718,I. Ramírez
Algorand:812913621,Mostly Frens #2839,239627,A. Zreľák
Algorand:812913683,Mostly Frens #2840,252145,Nuno Mendes
Algorand:812913747,Mostly Frens #2841,110974,Riesgo
Algorand:812913821,Mostly Frens #2842,263325,J. Hinds
Algorand:812913911,Mostly Frens #2843,210113,G. Moreno
Algorand:812914065,Mostly Frens #2845,255942,M. Tamás
Algorand:812914114,Mostly Frens #2846,223064,F. Noguera
Algorand:812914179,Mostly Frens #2847,255151,S. Ngapandouetnbu
Algorand:812914273,Mostly Frens #2848,257792,A. Allemeersch
Algorand:812914361,Mostly Frens #2849,244510,M. Hauptmann
Algorand:812914426,Mostly Frens #2850,255860,Julio Martínez
Algorand:812914586,Mostly Frens #2852,242976,T. Billson
Algorand:812914635,Mostly Frens #2853,229193,D. Mitchell
Algorand:812914713,Mostly Frens #2854,236650,J. Brown
Algorand:812914764,Mostly Frens #2855,192387,C. Immobile
Algorand:812914811,Mostly Frens #2856,253079,M. Sibyani
Algorand:812914884,Mostly Frens #2857,254467,A. Cassaert
Algorand:812914984,Mostly Frens #2859,242486,A. Succar
Algorand:812915036,Mostly Frens #2860,253500,R. Ali Sardar
Algorand:812915097,Mostly Frens #2861,234421,João Figueiredo
Algorand:812915245,Mostly Frens #2863,142707,L. López
Algorand:812915292,Mostly Frens #2864,209297,Fred
Algorand:812915356,Mostly Frens #2865,235906,M. Grødem
Algorand:812915405,Mostly Frens #2866,261816,J. Bradley-Walsh
Algorand:812915545,Mostly Frens #2868,251232,Jorge Silva
Algorand:812915681,Mostly Frens #2869,239203,G. Coudert
Algorand:812915743,Mostly Frens #2870,247579,Seo Gyeong Ju
Algorand:812915817,Mostly Frens #2871,220847,M. Maertens
Algorand:812915870,Mostly Frens #2872,257652,F. Małek
Algorand:812915922,Mostly Frens #2873,256051,M. Nuñez
Algorand:812915964,Mostly Frens #2874,204349,I. Šehić
Algorand:812916040,Mostly Frens #2875,244362,L. Hunn
Algorand:812916173,Mostly Frens #2877,192985,K. De Bruyne
Algorand:812916265,Mostly Frens #2878,225783,S. Mavididi
Algorand:812916336,Mostly Frens #2879,207507,L. James
Algorand:812916391,Mostly Frens #2880,214323,G. Celis
Algorand:812916515,Mostly Frens #2882,232668,L. Gordon
Algorand:812916575,Mostly Frens #2883,233645,B. Nkololo
Algorand:812916644,Mostly Frens #2884,260983,J. Casas Jr.
Algorand:812916714,Mostly Frens #2885,259279,B. Sunderland
Algorand:812916841,Mostly Frens #2887,252788,R. Munro
Algorand:812916897,Mostly Frens #2888,247873,F. Mawana
Algorand:812916968,Mostly Frens #2889,252692,S. Nicholson
Algorand:812917019,Mostly Frens #2890,248025,A. Greab
Algorand:812917165,Mostly Frens #2891,203747,Héctor Bellerín
Algorand:812917284,Mostly Frens #2893,237368,B. Passi
Algorand:812917343,Mostly Frens #2894,164484,J. Dahlin
Algorand:812917414,Mostly Frens #2895,259845,M. Santilli
Algorand:812917489,Mostly Frens #2896,251546,K. Gordon
Algorand:812917541,Mostly Frens #2897,234942,M. Heinrich
Algorand:812917611,Mostly Frens #2898,245558,G. Maley
Algorand:812917736,Mostly Frens #2900,224263,J. Kenny
Algorand:812917801,Mostly Frens #2901,235983,Alex Pozo
Algorand:812917955,Mostly Frens #2903,212023,R. Berić
Algorand:812918036,Mostly Frens #2904,207491,R. Gaffney
Algorand:812918114,Mostly Frens #2905,241098,A. Jarvis
Algorand:812918328,Mostly Frens #2908,217202,L. Rinaldi
Algorand:812918417,Mostly Frens #2909,244375,O. Andrievskyi
Algorand:812918619,Mostly Frens #2911,214641,S. Tanser
Algorand:812918731,Mostly Frens #2912,251285,N. Thiede
Algorand:812918825,Mostly Frens #2913,246732,A. Loba
Algorand:812918890,Mostly Frens #2914,233092,J. Pereyra
Algorand:812918990,Mostly Frens #2915,221282,J. Stacey
Algorand:812919093,Mostly Frens #2916,207463,L. James
Algorand:812919178,Mostly Frens #2917,263328,O. Green
Algorand:812919233,Mostly Frens #2918,222693,H. Fertoli
Algorand:812919358,Mostly Frens #2920,255079,Y. Obata
Algorand:812919442,Mostly Frens #2921,247279,L. Dykes
Algorand:812919500,Mostly Frens #2922,162220,S. Bolat
Algorand:812919560,Mostly Frens #2923,213732,A. Selikhov
Algorand:812919619,Mostly Frens #2924,263609,E. Daniel
Algorand:812919757,Mostly Frens #2926,182897,S. Bruzzese
Algorand:812919888,Mostly Frens #2928,241947,F. Amuzu
Algorand:812919942,Mostly Frens #2929,251796,Y. Türk
Algorand:812920038,Mostly Frens #2930,263395,J. Chorushij
Algorand:812920103,Mostly Frens #2931,263286,A. Mandous
Algorand:812920159,Mostly Frens #2932,262207,D. Thomas
Algorand:812920223,Mostly Frens #2933,201042,D. Sidibé
Algorand:812920298,Mostly Frens #2934,204311,K. Zouma
Algorand:812920373,Mostly Frens #2935,177723,Fabricio
Algorand:812920435,Mostly Frens #2936,258987,Ruan Zhexiang
Algorand:812920582,Mostly Frens #2938,257489,J. Carrillo
Algorand:812920655,Mostly Frens #2939,210020,P. Weihrauch
Algorand:812920728,Mostly Frens #2940,235375,A. Quintana
Algorand:812920800,Mostly Frens #2941,248567,S. Anderson
Algorand:812920864,Mostly Frens #2942,184941,A. Sánchez
Algorand:812920984,Mostly Frens #2943,263464,C. Lang
Algorand:812921042,Mostly Frens #2944,261668,B. Lynch
Algorand:812921126,Mostly Frens #2945,191673,Kwon Soon Hyung
Algorand:812921209,Mostly Frens #2946,229104,H. Faik
Algorand:812921276,Mostly Frens #2947,189730,F. Di Tacchio
Algorand:812921333,Mostly Frens #2948,260700,E. Corujo
Algorand:812921404,Mostly Frens #2949,220901,David Raya
Algorand:812921487,Mostly Frens #2950,167959,Marcelo Grohe
Algorand:812921574,Mostly Frens #2951,243116,J. Smylie
Algorand:812921646,Mostly Frens #2952,228989,S. Singh
Algorand:812921710,Mostly Frens #2953,259282,C. Kiernan
Algorand:812921773,Mostly Frens #2954,227997,O. Zanzala
Algorand:812921861,Mostly Frens #2955,228047,Cao Yongjing
Algorand:812921957,Mostly Frens #2956,230170,Jaim Abra
Algorand:812922025,Mostly Frens #2957,245716,S. Essende
Algorand:812922091,Mostly Frens #2958,252241,D. Rouyard
Algorand:812922164,Mostly Frens #2959,238104,Zhu Jianrong
Algorand:812922234,Mostly Frens #2960,256323,K. Molefe
Algorand:812922381,Mostly Frens #2962,222671,Everaldo
Algorand:812922458,Mostly Frens #2963,225114,M. Mahi
Algorand:812922509,Mostly Frens #2964,256173,C. Adorno
Algorand:812922567,Mostly Frens #2965,253607,C. Ramos
Algorand:812922645,Mostly Frens #2966,252325,Ismael
Algorand:812922739,Mostly Frens #2967,247985,L. Dumitriu
Algorand:812922797,Mostly Frens #2968,176772,A. Oukidja
Algorand:812922874,Mostly Frens #2969,251530,Nuno Tavares
Algorand:812923027,Mostly Frens #2970,217620,A. Seck
Algorand:812923262,Mostly Frens #2972,239646,J. Osabutey
Algorand:812923359,Mostly Frens #2973,235820,P. Gartler
Algorand:812923466,Mostly Frens #2974,229758,R. Krunić
Algorand:812923690,Mostly Frens #2976,248118,A. Pitu
Algorand:812923875,Mostly Frens #2978,226084,R. Hardie
Algorand:812924760,Mostly Frens #2979,252382,J. Bosch
Algorand:812924850,Mostly Frens #2980,187701,G. Corral
Algorand:812924949,Mostly Frens #2981,261472,G. Breeze
Algorand:812925027,Mostly Frens #2982,198136,A. Ragusa
Algorand:812925125,Mostly Frens #2983,253932,J. Dos Santos
Algorand:812925193,Mostly Frens #2984,240451,J. Beste
Algorand:812925253,Mostly Frens #2985,252238,A. Velasco
Algorand:812925583,Mostly Frens #2989,261579,A. Mostovoy
Algorand:812925651,Mostly Frens #2990,239249,Oriol Busquets
Algorand:812925721,Mostly Frens #2991,203500,D. Rose
Algorand:812925835,Mostly Frens #2992,202401,Patric
Algorand:812926077,Mostly Frens #2994,233306,D. Henderson
Algorand:812926159,Mostly Frens #2995,264023,B. Archbold
Algorand:812926227,Mostly Frens #2996,243468,A. Balanta
Algorand:812926284,Mostly Frens #2997,263897,Filipe Relvas
Algorand:812926448,Mostly Frens #2999,258585,I. Pandur
Algorand:812926531,Mostly Frens #3000,260472,Kim Ye Ji
Algorand:812926607,Mostly Frens #3001,262157,M. Mignon
Algorand:812926657,Mostly Frens #3002,206274,L. Antal
Algorand:812926732,Mostly Frens #3003,226604,D. Valoyes
Algorand:812926818,Mostly Frens #3004,245090,L. Beckemeyer
Algorand:812926895,Mostly Frens #3005,203551,A. Florenzi
Algorand:812927004,Mostly Frens #3006,262157,M. Mignon
Algorand:812927197,Mostly Frens #3008,252538,L. Otto
Algorand:812927282,Mostly Frens #3009,261292,M. Trige
Algorand:812927352,Mostly Frens #3010,245521,M. Bakhit
Algorand:812927422,Mostly Frens #3011,260918,T. Romero
Algorand:812927483,Mostly Frens #3012,223344,Wei Shihao
Algorand:812927539,Mostly Frens #3013,230257,Clayton Fildeiras
Algorand:812927634,Mostly Frens #3014,250911,B. Santelli
Algorand:812927694,Mostly Frens #3015,251273,O. Crankshaw
Algorand:812927746,Mostly Frens #3016,252535,M. Al Sahli
Algorand:812927825,Mostly Frens #3017,186197,G. Kakuta
Algorand:812927909,Mostly Frens #3018,253912,A. Ocanto
Algorand:812927975,Mostly Frens #3019,224854,L. Passerini
Algorand:812928116,Mostly Frens #3021,219941,G. Castellón
Algorand:812928201,Mostly Frens #3022,264509,J. Abankwah
Algorand:812928249,Mostly Frens #3023,246560,D. Popa
Algorand:812928303,Mostly Frens #3024,237122,T. Guidara
Algorand:812928370,Mostly Frens #3025,227969,Zhao Shi
Algorand:812928423,Mostly Frens #3026,207557,R. Olsen
Algorand:812928494,Mostly Frens #3027,263185,T. Butoiu
Algorand:812928554,Mostly Frens #3028,232565,G. Kawanami
Algorand:812928647,Mostly Frens #3029,256264,J. Gullan
Algorand:812928695,Mostly Frens #3030,223629,S. Al Jaman
Algorand:812928761,Mostly Frens #3031,256606,R. Murillo
Algorand:812928829,Mostly Frens #3032,239657,Ricardo Fernandes
Algorand:812928873,Mostly Frens #3033,232729,C. Tarragona
Algorand:812929031,Mostly Frens #3035,191083,P. Mortensen
Algorand:812929082,Mostly Frens #3036,193080,De Gea
Algorand:812929177,Mostly Frens #3037,258937,Aimar Oroz
Algorand:812929328,Mostly Frens #3039,264126,Marcos
Algorand:812929420,Mostly Frens #3040,205278,Rim Chang Woo
Algorand:812929479,Mostly Frens #3041,260497,Lee Kang Hyeon
Algorand:812929660,Mostly Frens #3043,263804,Y. Konoplia
Algorand:812929741,Mostly Frens #3044,259702,V. Mărgărit
Algorand:812929815,Mostly Frens #3045,254281,A. Selmani
Algorand:812929949,Mostly Frens #3046,258928,V. Sinisalo
Algorand:812930049,Mostly Frens #3047,259905,L. Cano
Algorand:812930157,Mostly Frens #3048,264390,J. Davis
Algorand:812930228,Mostly Frens #3049,230318,Nelsildo Reis
Algorand:812930282,Mostly Frens #3050,192445,D. Ginczek
Algorand:812930339,Mostly Frens #3051,224065,D. Blanco
Algorand:812930404,Mostly Frens #3052,182094,Qin Sheng
Algorand:812930449,Mostly Frens #3053,208700,D. Blum
Algorand:812930524,Mostly Frens #3054,248683,D. Skretteberg
Algorand:812930660,Mostly Frens #3056,255014,T. Bartouche-Selbonne
Algorand:812930733,Mostly Frens #3057,223159,R. Dickie
Algorand:812930814,Mostly Frens #3058,156437,P. Pentke
Algorand:812930893,Mostly Frens #3059,262631,E. Hill
Algorand:812930950,Mostly Frens #3060,255551,Cho Suk Young
Algorand:812931115,Mostly Frens #3062,225853,R. Raveloson
Algorand:812931274,Mostly Frens #3064,240019,N. Baden Frederiksen
Algorand:812931346,Mostly Frens #3065,235167,V. Janelt
Algorand:812931417,Mostly Frens #3066,242449,J. Caballero
Algorand:812931529,Mostly Frens #3068,239634,L. Bünning
Algorand:812931590,Mostly Frens #3069,255809,B. Scorza
Algorand:812931632,Mostly Frens #3070,262237,A. Sangante
Algorand:812931679,Mostly Frens #3071,240187,J. Stenmark
Algorand:812931755,Mostly Frens #3072,252730,R. Sinclair
Algorand:812931811,Mostly Frens #3073,211879,J. Haberer
Algorand:812931874,Mostly Frens #3074,261984,Wang Jinshuai
Algorand:812931944,Mostly Frens #3075,209954,B. Jopek
Algorand:812932101,Mostly Frens #3077,243551,A. Gholizadeh
Algorand:812932193,Mostly Frens #3078,225317,K. Nisbet
Algorand:812932345,Mostly Frens #3080,221774,Fernando Karanga
Algorand:812933577,Mostly Frens #3081,220807,M. O'Leary
Algorand:812933711,Mostly Frens #3083,252434,M. Mawa
Algorand:812933781,Mostly Frens #3084,199110,L. Muriel
Algorand:812933925,Mostly Frens #3086,263612,A. Francke
Algorand:812933980,Mostly Frens #3087,258509,F. Mwepu
Algorand:812934786,Mostly Frens #3088,205727,J. Furlan
Algorand:812934975,Mostly Frens #3090,245512,G. Iannucci
Algorand:812935150,Mostly Frens #3092,226592,J. Jankto
Algorand:812935234,Mostly Frens #3093,228517,A. Rinomhota
Algorand:812935325,Mostly Frens #3094,235183,C. Acevedo
Algorand:812935449,Mostly Frens #3096,240241,B. Toma
Algorand:812935512,Mostly Frens #3097,227558,J. Siebatcheu
Algorand:812935580,Mostly Frens #3098,262383,C. Cvetko
Algorand:812935636,Mostly Frens #3099,215990,Ó. Benítez
Algorand:812935695,Mostly Frens #3100,205360,K. Roofe
Algorand:812935803,Mostly Frens #3101,262577,K. Sentić
Algorand:812935863,Mostly Frens #3102,212442,José Sá
Algorand:812935930,Mostly Frens #3103,233841,C. Cuesta
Algorand:812936097,Mostly Frens #3105,212535,A. Calver
Algorand:812936193,Mostly Frens #3106,164835,Ł. Fabiański
Algorand:812936272,Mostly Frens #3107,198073,A. Martin
Algorand:812936355,Mostly Frens #3108,246430,D. Vlahović
Algorand:812936427,Mostly Frens #3109,193348,X. Shaqiri
Algorand:812936496,Mostly Frens #3110,242444,João Félix
Algorand:812936556,Mostly Frens #3111,257671,K. Sadłocha
Algorand:812936794,Mostly Frens #3114,262862,P. Loretz
Algorand:812936861,Mostly Frens #3115,261529,D. Fomin
Algorand:812936949,Mostly Frens #3116,199627,H. Pell
Algorand:812937035,Mostly Frens #3117,215459,G. Karlen
Algorand:812937098,Mostly Frens #3118,236025,H. Smith
Algorand:812937163,Mostly Frens #3119,134765,D. Djurić
Algorand:812937228,Mostly Frens #3120,263083,M. Hinnenkamp
Algorand:812937284,Mostly Frens #3121,250884,Javi Siverio
Algorand:812937360,Mostly Frens #3122,261910,G. Sithole
Algorand:812937423,Mostly Frens #3123,247411,Altube
Algorand:812937568,Mostly Frens #3125,161636,N. Ortigoza
Algorand:812937609,Mostly Frens #3126,205874,F. Kaplan
Algorand:812937721,Mostly Frens #3127,201046,R. Saponara
Algorand:812937804,Mostly Frens #3128,255948,M. Byrne
Algorand:812937853,Mostly Frens #3129,262578,M. Vušković
Algorand:812937927,Mostly Frens #3130,191857,Yang Yun
Algorand:812937980,Mostly Frens #3131,258532,C. Carty
Algorand:812938056,Mostly Frens #3132,221488,R. Hollingshead
Algorand:812938115,Mostly Frens #3133,216189,Capa
Algorand:812938188,Mostly Frens #3134,231474,João Costa
Algorand:812938255,Mostly Frens #3135,260359,K. Yamashita
Algorand:812938340,Mostly Frens #3136,253398,M. Ulla
Algorand:812938489,Mostly Frens #3138,259763,V. Lund
Algorand:812938563,Mostly Frens #3139,203757,Zé Luís
Algorand:812938654,Mostly Frens #3140,228795,M. Abu Shararah
Algorand:812938709,Mostly Frens #3141,263387,K. Kouassi
Algorand:812938780,Mostly Frens #3142,198347,F. Jara
Algorand:812938858,Mostly Frens #3143,251065,R. Patriche
Algorand:812939007,Mostly Frens #3145,259739,Dylan Perera
Algorand:812939093,Mostly Frens #3146,244883,A. Al Yami
Algorand:812939245,Mostly Frens #3148,238273,J. Marković
Algorand:812939289,Mostly Frens #3149,257742,B. Preda
Algorand:812939369,Mostly Frens #3150,226777,C. Larin
Algorand:812939443,Mostly Frens #3151,223550,J. Omlin
Algorand:812939514,Mostly Frens #3152,246079,J. Redmond
Algorand:812939591,Mostly Frens #3153,184472,M. Olsson
Algorand:812939655,Mostly Frens #3154,226266,J. Vargas
Algorand:812939699,Mostly Frens #3155,221285,J. Sotirio
Algorand:812939804,Mostly Frens #3156,263234,Pedro Teixeira
Algorand:812939862,Mostly Frens #3157,261746,M. Bulic
Algorand:812939955,Mostly Frens #3158,247723,D. Rybchinskiy
Algorand:812940028,Mostly Frens #3159,186132,D. Drinkwater
Algorand:812940225,Mostly Frens #3161,251412,S. Weissman
Algorand:812940345,Mostly Frens #3162,255927,D. Pecile
Algorand:812940451,Mostly Frens #3164,263212,T. Costello
Algorand:812940525,Mostly Frens #3165,237132,G. Weissbeck
Algorand:812940708,Mostly Frens #3167,216813,Bruno Henrique
Algorand:812940799,Mostly Frens #3168,237291,G. Blanco Leschuk
Algorand:812940946,Mostly Frens #3170,230195,Walexinton
Algorand:812941141,Mostly Frens #3173,233866,O. Edouard
Algorand:812941208,Mostly Frens #3174,252495,J. Kamiński
Algorand:812941332,Mostly Frens #3176,260743,H. Sulte
Algorand:812941411,Mostly Frens #3177,239138,Jeong Woo Yeong
Algorand:812941472,Mostly Frens #3178,247073,U. Godwin-Malife
Algorand:812941529,Mostly Frens #3179,223578,Mata
Algorand:812941626,Mostly Frens #3180,216460,J. Giménez
Algorand:812941714,Mostly Frens #3181,222368,A. Miranchuk
Algorand:812941774,Mostly Frens #3182,202413,Hernán
Algorand:812941870,Mostly Frens #3183,238274,F. Coman
Algorand:812941929,Mostly Frens #3184,209620,B. Rahman
Algorand:812941989,Mostly Frens #3185,187447,Shin Hyung Min
Algorand:812942085,Mostly Frens #3186,240847,Leonardo Rocha
Algorand:812942221,Mostly Frens #3187,253547,E. Pérez
Algorand:812942292,Mostly Frens #3188,204227,Z. Gano
Algorand:812942422,Mostly Frens #3189,262540,C. Wagner
Algorand:812942505,Mostly Frens #3190,224731,Zhang Lu
Algorand:812942569,Mostly Frens #3191,258532,C. Carty
Algorand:812942640,Mostly Frens #3192,238189,T. Uwakwe
Algorand:812942684,Mostly Frens #3193,243170,F. Apaolaza
Algorand:812942741,Mostly Frens #3194,253996,T. Burey
Algorand:812942795,Mostly Frens #3195,203138,J. Scowen
Algorand:812942856,Mostly Frens #3196,245058,O. Kiteishvili
Algorand:812942914,Mostly Frens #3197,234742,H. Barnes
Algorand:812942982,Mostly Frens #3198,242753,A. Trouillet
Algorand:812943055,Mostly Frens #3199,246113,Adrià Pedrosa
Algorand:812943112,Mostly Frens #3200,185103,A. Kolarov
Algorand:812943202,Mostly Frens #3201,241187,L. Geertruida
Algorand:812943286,Mostly Frens #3202,223685,O. Rivero
Algorand:812943425,Mostly Frens #3204,205158,Guillermo
Algorand:812943648,Mostly Frens #3206,213136,S. Willems
Algorand:812943717,Mostly Frens #3207,251564,J. Tiensia
Algorand:812943909,Mostly Frens #3209,254515,H. Holgersson
Algorand:812944001,Mostly Frens #3210,230511,Emílio Trevões
Algorand:812944092,Mostly Frens #3211,253772,G. Barreto
Algorand:812944182,Mostly Frens #3212,256923,D. Contreras
Algorand:812944249,Mostly Frens #3213,239811,Lee Yun Oh
Algorand:812944333,Mostly Frens #3214,253677,Han Dong
Algorand:812944485,Mostly Frens #3216,230165,Simão Donatinho
Algorand:812944610,Mostly Frens #3218,254879,Y. Uchida
Algorand:812944676,Mostly Frens #3219,210925,S. Otayf
Algorand:812944766,Mostly Frens #3220,239368,M. Bakker
Algorand:812944824,Mostly Frens #3221,198350,D. Bentley
Algorand:812944911,Mostly Frens #3222,263598,A. Ahlin
Algorand:812944986,Mostly Frens #3223,215533,S. Stevens
Algorand:812945076,Mostly Frens #3224,232607,F. Formiliano
Algorand:812945241,Mostly Frens #3226,258492,D. Strindholm
Algorand:812945344,Mostly Frens #3227,226775,J. Chapman
Algorand:812945615,Mostly Frens #3230,240471,F. Gorriarán
Algorand:812945817,Mostly Frens #3232,256234,T. Tagawa
Algorand:812945876,Mostly Frens #3233,251127,F. Torrent
Algorand:812945973,Mostly Frens #3234,243566,T. Herbots
Algorand:812946151,Mostly Frens #3236,241098,A. Jarvis
Algorand:812946275,Mostly Frens #3237,228124,M. Jonjić
Algorand:812946339,Mostly Frens #3238,257512,E. Montejano
Algorand:812946415,Mostly Frens #3239,215970,B. Bolingoli
Algorand:812946493,Mostly Frens #3240,212932,Y. Ono
Algorand:812946710,Mostly Frens #3242,212432,Jo Hyeon Woo
Algorand:812946825,Mostly Frens #3243,220198,B. Celina
Algorand:812946937,Mostly Frens #3244,238568,S. Koruk
Algorand:812947052,Mostly Frens #3245,231861,M. Stajduhar
Algorand:812947263,Mostly Frens #3247,257040,F. Holmé
Algorand:812947353,Mostly Frens #3248,106795,G. Pegolo
Algorand:812947631,Mostly Frens #3251,229398,H. McKirdy
Algorand:812947731,Mostly Frens #3252,253013,J. Bergström
Algorand:812947808,Mostly Frens #3253,246715,S. Golui
Algorand:812948049,Mostly Frens #3256,247103,D. Hancko
Algorand:812948220,Mostly Frens #3258,203504,A. Amadi-Holloway
Algorand:812948297,Mostly Frens #3259,231933,R. Borges
Algorand:812948447,Mostly Frens #3261,263212,T. Costello
Algorand:812948528,Mostly Frens #3262,244941,M. Fischer
Algorand:812948582,Mostly Frens #3263,240168,J. Arias
Algorand:812948649,Mostly Frens #3264,213854,K. Stephensen
Algorand:812948701,Mostly Frens #3265,231681,W. Mannion
Algorand:812948762,Mostly Frens #3266,225785,C. Willock
Algorand:812948833,Mostly Frens #3267,248308,R. Kumar
Algorand:812948884,Mostly Frens #3268,213345,K. Coman
Algorand:812948958,Mostly Frens #3269,228198,J. Singh
Algorand:812949027,Mostly Frens #3270,248002,A. Miron
Algorand:812949072,Mostly Frens #3271,241341,Zhang Yuan
Algorand:812949132,Mostly Frens #3272,253313,I. Pereira
Algorand:812949202,Mostly Frens #3273,252332,Zhang Wei
Algorand:812949243,Mostly Frens #3274,245334,João Caiado
Algorand:812949373,Mostly Frens #3276,237819,N. Domínguez
Algorand:812949421,Mostly Frens #3277,253416,Raúl García
Algorand:812949565,Mostly Frens #3279,263034,A. Krivotsyuk
Algorand:812949646,Mostly Frens #3280,110974,Riesgo
Algorand:812949706,Mostly Frens #3281,246053,J. Gelhardt
Algorand:812949781,Mostly Frens #3282,110974,Riesgo
Algorand:812949940,Mostly Frens #3283,252788,R. Munro
Algorand:812950031,Mostly Frens #3284,262759,S. Black
Algorand:812950112,Mostly Frens #3285,263977,N. Al Rashoudi
Algorand:812950218,Mostly Frens #3286,219522,J. Ledesma
Algorand:812950288,Mostly Frens #3287,225867,V. Adeboyejo
Algorand:812950362,Mostly Frens #3288,264295,N. Ødegård
Algorand:812950411,Mostly Frens #3289,253461,L. Cundle
Algorand:812950471,Mostly Frens #3290,239432,A. Grbic
Algorand:812950528,Mostly Frens #3291,259327,D. Mukuna-Trouet
Algorand:812950620,Mostly Frens #3292,263165,S. Spence
Algorand:812950694,Mostly Frens #3293,214491,L. Quiñones
Algorand:812950740,Mostly Frens #3294,202060,E. Bergström
Algorand:812950810,Mostly Frens #3295,178005,Rui Patrício
Algorand:812951009,Mostly Frens #3297,250939,D. Stipica
Algorand:812951084,Mostly Frens #3298,197225,N. Lodeiro
Algorand:812951148,Mostly Frens #3299,178224,J. Hernández
Algorand:812951345,Mostly Frens #3302,244801,R. Yamasaki
Algorand:812951473,Mostly Frens #3304,247633,P. Singh
Algorand:812951539,Mostly Frens #3305,247970,R. Romeo
Algorand:812951600,Mostly Frens #3306,243715,W. Saliba
Algorand:812951780,Mostly Frens #3308,262968,A. Brown
Algorand:812951932,Mostly Frens #3310,251272,F. Tavares
Algorand:812952017,Mostly Frens #3311,253778,H. Pérez
Algorand:812952073,Mostly Frens #3312,204350,A. Trajkovski
Algorand:812952147,Mostly Frens #3313,226264,F. Ahumada
Algorand:812952228,Mostly Frens #3314,244258,D. Zagorac
Algorand:812952298,Mostly Frens #3315,241923,Vagner
Algorand:812952361,Mostly Frens #3316,242893,I. Koné
Algorand:812952429,Mostly Frens #3317,210046,K. Sadlier
Algorand:812952498,Mostly Frens #3318,215069,R. Rey
Algorand:812952609,Mostly Frens #3319,262215,C. Emeka
Algorand:812952675,Mostly Frens #3320,261924,Yi Wenjun
Algorand:812952761,Mostly Frens #3321,244088,M. Shinada
Algorand:812952826,Mostly Frens #3322,261751,M. McFadden
Algorand:812952893,Mostly Frens #3323,230294,Louri Beretta
Algorand:812953066,Mostly Frens #3325,223790,S. Becker
Algorand:812953116,Mostly Frens #3326,240091,G. Vicario
Algorand:812953213,Mostly Frens #3327,207444,J. Damm
Algorand:812953319,Mostly Frens #3328,234943,F. Neuhaus
Algorand:812953401,Mostly Frens #3329,245573,A. Lomovitskiy
Algorand:812953521,Mostly Frens #3330,243012,B. Niezgoda
Algorand:812953588,Mostly Frens #3331,227153,C. Borja
Algorand:812953673,Mostly Frens #3332,261876,C. Noonan
Algorand:812953746,Mostly Frens #3333,231826,Y. Karamoh
Algorand:812953828,Mostly Frens #3334,251082,B. Barbu
Algorand:812953916,Mostly Frens #3335,210366,N. Lomb
Algorand:812953978,Mostly Frens #3336,241496,T. Weah
Algorand:812954046,Mostly Frens #3337,207427,M. Lampson
Algorand:812954131,Mostly Frens #3338,182617,D. Hylton
Algorand:812954191,Mostly Frens #3339,255981,Z. Suzuki
Algorand:812954255,Mostly Frens #3340,238282,M. Coulibaly
Algorand:812954301,Mostly Frens #3341,211927,Kwon Chang Hoon
Algorand:812954386,Mostly Frens #3342,256991,P. Singh
Algorand:812954465,Mostly Frens #3343,243968,A. De Bruyn
Algorand:812954554,Mostly Frens #3344,243304,Zubiaurre
Algorand:812954657,Mostly Frens #3345,228113,G. Kelly
Algorand:812954729,Mostly Frens #3346,190697,S. Strandberg
Algorand:812954802,Mostly Frens #3347,239881,Danilo
Algorand:812954898,Mostly Frens #3348,258103,M. Tanlongo
Algorand:812954988,Mostly Frens #3349,215604,C. Brunner
Algorand:812955078,Mostly Frens #3350,253296,M. Laborda
Algorand:812955121,Mostly Frens #3351,247061,J. Maroof
Algorand:812955193,Mostly Frens #3352,254807,K. Baah
Algorand:812955277,Mostly Frens #3353,218936,Rafa Soares
Algorand:812955362,Mostly Frens #3354,220932,L. Kalinić
Algorand:812955603,Mostly Frens #3357,227573,D. Nazon
Algorand:812955664,Mostly Frens #3358,165109,Ș. Radu
Algorand:812955732,Mostly Frens #3359,199569,É. Torres
Algorand:812955827,Mostly Frens #3360,192537,M. Lestienne
Algorand:812955894,Mostly Frens #3361,258987,Ruan Zhexiang
Algorand:812956064,Mostly Frens #3363,178750,Sergio Asenjo
Algorand:812956124,Mostly Frens #3364,239558,G. Roemeratoe
Algorand:812956220,Mostly Frens #3365,230296,Cristian Lodeira
Algorand:812956283,Mostly Frens #3366,190669,O. Jansson
Algorand:812956380,Mostly Frens #3367,260426,D. Rios
Algorand:812956476,Mostly Frens #3368,166851,K. Árnason
Algorand:812956554,Mostly Frens #3369,256214,G. Di Serio
Algorand:812956623,Mostly Frens #3370,193525,Mário Fernandes
Algorand:812956722,Mostly Frens #3371,248228,V. De Baunbag
Algorand:812956820,Mostly Frens #3372,255206,J. Stansfield
Algorand:812957030,Mostly Frens #3375,261666,C. Warfield
Algorand:812957136,Mostly Frens #3376,259377,Yeremy Pino
Algorand:812957235,Mostly Frens #3378,210772,P. Drewes
Algorand:812957391,Mostly Frens #3380,262293,F. Balaj
Algorand:812957457,Mostly Frens #3381,259628,L. Johnson
Algorand:812957554,Mostly Frens #3382,239301,L. Martínez
Algorand:812957612,Mostly Frens #3383,190467,D. de Buen
Algorand:812957769,Mostly Frens #3385,215572,Alberto
Algorand:812958019,Mostly Frens #3388,253820,L. Landaeta
Algorand:812958100,Mostly Frens #3389,262665,K. Schmidt
Algorand:812958161,Mostly Frens #3390,213874,Thiago Mendes
Algorand:812958221,Mostly Frens #3391,241891,B. Goodliffe
Algorand:812958285,Mostly Frens #3392,207865,Marquinhos
Algorand:812958412,Mostly Frens #3394,244498,K. Szymański
Algorand:812958471,Mostly Frens #3395,233581,Song Si Woo
Algorand:812958537,Mostly Frens #3396,244828,R. Gutiérrez
Algorand:812958669,Mostly Frens #3398,257869,J. Jack
Algorand:812958740,Mostly Frens #3399,263083,M. Hinnenkamp
Algorand:812958810,Mostly Frens #3400,234575,Diogo Leite
Algorand:812958900,Mostly Frens #3401,208581,Z. Bytyqi
Algorand:812958966,Mostly Frens #3402,223879,L. Ramos
Algorand:812959121,Mostly Frens #3404,260414,A. Al Hassan
Algorand:812959204,Mostly Frens #3405,260390,R. Zouhir
Algorand:812959277,Mostly Frens #3406,242464,C. McBride
Algorand:812959358,Mostly Frens #3407,199769,M. Potzmann
Algorand:812959418,Mostly Frens #3408,263254,A. Savin
Algorand:812959523,Mostly Frens #3409,230317,Fred Aníbão
Algorand:812959808,Mostly Frens #3413,230176,Sacramentinho
Algorand:812959949,Mostly Frens #3415,263834,Z. Silini
Algorand:812960030,Mostly Frens #3416,241463,Dani Raba
Algorand:812960088,Mostly Frens #3417,208370,E. Zenga
Algorand:812960160,Mostly Frens #3418,220029,S. Khaoui
Algorand:812960242,Mostly Frens #3419,262327,J. Batioja
Algorand:812960487,Mostly Frens #3421,231545,Miguel Silva
Algorand:812960581,Mostly Frens #3422,248744,Y. Hasegawa
Algorand:812960754,Mostly Frens #3424,199508,D. Cvetinović
Algorand:812960928,Mostly Frens #3426,260095,G. Parra
Algorand:812960994,Mostly Frens #3427,230442,Matheus Bardeira
Algorand:812961097,Mostly Frens #3428,258409,R. Pop
Algorand:812961208,Mostly Frens #3430,213516,Ricardo Horta
Algorand:812961282,Mostly Frens #3431,237307,H. Wingo
Algorand:812961346,Mostly Frens #3432,242330,J. Núñez
Algorand:812961416,Mostly Frens #3433,216701,H. Menosse
Algorand:812961491,Mostly Frens #3434,264104,W. Goodwin
Algorand:812961677,Mostly Frens #3436,242542,A. Herrera
Algorand:812961750,Mostly Frens #3437,254225,Anderson Oliveira
Algorand:812961801,Mostly Frens #3438,232216,Kim Gyeong Jae
Algorand:812961853,Mostly Frens #3439,225935,S. Shamal
Algorand:812961896,Mostly Frens #3440,258703,D. Fisher
Algorand:812961972,Mostly Frens #3441,241085,L. Tempelmann
Algorand:812962053,Mostly Frens #3442,194404,Neto
Algorand:812962128,Mostly Frens #3443,241650,J. Lahne
Algorand:812962198,Mostly Frens #3444,259329,B. Jones
Algorand:812962268,Mostly Frens #3445,253744,Xu Wu
Algorand:812962365,Mostly Frens #3447,261234,J. López
Algorand:812962447,Mostly Frens #3448,257262,A. Bredahl
Algorand:812962536,Mostly Frens #3449,256482,A. Smith
Algorand:812962596,Mostly Frens #3450,261115,Lee Ho Jae
Algorand:812962681,Mostly Frens #3451,262371,C. Dundas
Algorand:812962900,Mostly Frens #3454,258180,S. Meza
Algorand:812963053,Mostly Frens #3456,262723,V. Birksø
Algorand:812963120,Mostly Frens #3457,246301,Ł. Poręba
Algorand:812963258,Mostly Frens #3459,238062,B. Baningime
Algorand:812963416,Mostly Frens #3461,230531,Saberto Botelho
Algorand:812963476,Mostly Frens #3462,229158,B. van den Boomen
Algorand:812963560,Mostly Frens #3463,262154,M. Doucouré
Algorand:812963626,Mostly Frens #3464,225509,A. Collins
Algorand:812963672,Mostly Frens #3465,219680,C. Hountondji
Algorand:812963790,Mostly Frens #3466,209989,T. Partey
Algorand:812963889,Mostly Frens #3467,264539,S. Siatravanis
Algorand:812964031,Mostly Frens #3469,163616,J. Young
Algorand:812964201,Mostly Frens #3472,259763,V. Lund
Algorand:812964370,Mostly Frens #3474,242721,E. Dick
Algorand:812964476,Mostly Frens #3475,255434,J. Enciso
Algorand:812964543,Mostly Frens #3476,230653,J. Wollacott
Algorand:812964621,Mostly Frens #3477,242568,H. Ishihara
Algorand:812964660,Mostly Frens #3478,261881,R. Al Bloushi
Algorand:812964799,Mostly Frens #3480,228251,L. Pellegrini
Algorand:812964865,Mostly Frens #3481,240138,W. Riveros
Algorand:812964912,Mostly Frens #3482,262180,V. Backman
Algorand:812964966,Mostly Frens #3483,244409,F. Faist
Algorand:812965039,Mostly Frens #3484,240856,B. Bayazit
Algorand:812965122,Mostly Frens #3485,244626,A. Kargbo
Algorand:812965202,Mostly Frens #3486,259745,H. Singh
Algorand:812965290,Mostly Frens #3487,254529,C. Drameh
Algorand:812965344,Mostly Frens #3488,257177,M. Picouleau
Algorand:812965538,Mostly Frens #3490,264445,J. Malcolm
Algorand:812965604,Mostly Frens #3491,219452,J. Fernández
Algorand:812965786,Mostly Frens #3493,223302,Samu
Algorand:812965976,Mostly Frens #3496,235883,R. Sessegnon
Algorand:812966056,Mostly Frens #3497,186127,C. Evans
Algorand:812966124,Mostly Frens #3498,250851,F. Alves
Algorand:812966219,Mostly Frens #3499,232286,K. Chambers
Algorand:812966307,Mostly Frens #3500,259370,L. Webb
Algorand:812966505,Mostly Frens #3502,255632,Yang Yiming
Algorand:812966713,Mostly Frens #3504,261391,U. Mathisen
Algorand:812967042,Mostly Frens #3507,261979,Fan Weixiang
Algorand:812967244,Mostly Frens #3509,224211,S. Mmaee
Algorand:812967331,Mostly Frens #3510,200212,M. Esser
Algorand:812967489,Mostly Frens #3512,206561,C. Walton
Algorand:812967568,Mostly Frens #3513,203890,Š. Vrsaljko
Algorand:812967647,Mostly Frens #3514,244186,Luquinhas
Algorand:812967781,Mostly Frens #3516,256053,J. Pulskamp
Algorand:812967862,Mostly Frens #3517,221367,D. Milošević
Algorand:812967966,Mostly Frens #3518,212151,T. Strakosha
Algorand:812968034,Mostly Frens #3519,224967,M. Sylla
Algorand:812968112,Mostly Frens #3520,227528,B. Romero
Algorand:812968213,Mostly Frens #3521,246837,N. Almas
Algorand:812968300,Mostly Frens #3522,260867,P. Starzyński
Algorand:812968379,Mostly Frens #3523,259279,B. Sunderland
Algorand:812968472,Mostly Frens #3524,197777,J. Sala
Algorand:812968544,Mostly Frens #3525,247103,D. Hancko
Algorand:812968598,Mostly Frens #3526,220407,M. Dúbravka
Algorand:812968670,Mostly Frens #3527,237220,C. Odoi-Atsem
Algorand:812968743,Mostly Frens #3528,260305,H. Mociu
Algorand:812968866,Mostly Frens #3530,238216,C. Gallagher
Algorand:812968962,Mostly Frens #3531,259163,M. Hilgers
Algorand:812969182,Mostly Frens #3534,255169,J. Recalde
Algorand:812969256,Mostly Frens #3535,243084,Yang Guoyuan
Algorand:812969426,Mostly Frens #3536,245392,G. Botos
Algorand:812969595,Mostly Frens #3538,192201,P. Abrahamsson
Algorand:812969658,Mostly Frens #3539,207807,R. Fraser
Algorand:812969916,Mostly Frens #3542,155589,Lee Ho
Algorand:812970007,Mostly Frens #3543,139668,F. Marchetti
Algorand:812970127,Mostly Frens #3544,234515,J. Lefort
Algorand:812970383,Mostly Frens #3547,221621,S. Birnbaum
Algorand:812970470,Mostly Frens #3548,241658,O. Šarkić
Algorand:812970521,Mostly Frens #3549,172553,J. Lössl
Algorand:812970608,Mostly Frens #3550,253400,Vitao
Algorand:812970690,Mostly Frens #3551,224965,C. Doidge
Algorand:812970765,Mostly Frens #3552,214983,M. Ibáñez
Algorand:812970826,Mostly Frens #3553,187533,A. Ionov
Algorand:812970938,Mostly Frens #3555,252789,R. Neshcheret
Algorand:812970996,Mostly Frens #3556,260553,K. Stokes
Algorand:812971059,Mostly Frens #3557,204850,T. Nguen
Algorand:812971130,Mostly Frens #3558,199069,V. Aboubakar
Algorand:812971202,Mostly Frens #3559,260362,K. Tachikawa
Algorand:812971262,Mostly Frens #3560,191079,H. Dean
Algorand:812971341,Mostly Frens #3561,226777,C. Larin
Algorand:812971448,Mostly Frens #3562,258081,L. Martínez Dupuy
Algorand:812971505,Mostly Frens #3563,233079,C. Rivera
Algorand:812971588,Mostly Frens #3564,173533,D. Button
Algorand:812971679,Mostly Frens #3565,194319,D. Ward
Algorand:812971741,Mostly Frens #3566,262154,M. Doucouré
Algorand:812971814,Mostly Frens #3567,263245,T. Pieńko
Algorand:812971868,Mostly Frens #3568,260842,L. Engel
Algorand:812971920,Mostly Frens #3569,258839,T. Linsbichler
Algorand:812973795,Mostly Frens #3570,233982,Vágner Corraldo
Algorand:812973865,Mostly Frens #3571,246096,P. Omochere
Algorand:812973975,Mostly Frens #3572,199110,L. Muriel
Algorand:812974044,Mostly Frens #3573,256127,W. Bøving
Algorand:1290306986,Oink Soccer Player #1,209039,D. Moberg Karlsson
Algorand:3092704968,Oink Soccer Player #10,224030,M. Lopez
Algorand:3181731766,Oink Soccer Player #11,184941,A. Sánchez
Algorand:3268526361,Oink Soccer Player #12,231423,C. De Norre
Algorand:3396262529,Oink Soccer Player #13,241084,L. Díaz
Algorand:3465294071,Oink Soccer Player #14,206307,J. Frick
Algorand:3573941172,Oink Soccer Player #15,193470,A. Souquet
Algorand:3650485209,Oink Soccer Player #16,206529,F. Boli
Algorand:1573646765,Oink Soccer Player #2,253932,J. Dos Santos
Algorand:1745427217,Oink Soccer Player #3,212831,Alisson
Algorand:1944475993,Oink Soccer Player #4,213732,A. Selikhov
Algorand:2229710496,Oink Soccer Player #5,183711,J. Henderson
Algorand:2332350904,Oink Soccer Player #6,244006,Lucas Áfrico
Algorand:2581094619,Oink Soccer Player #7,186942,İ. Gündoğan
Algorand:2811007953,Oink Soccer Player #8,177782,H. Özmert
Algorand:2963251804,Oink Soccer Player #9,223593,J. Correa
Algorand:2697547232,SCHIZO#1,240033,D. Hovorka
Algorand:2697625377,SCHIZO#10,207791,Y. Poulsen
Algorand:2697641353,SCHIZO#100,203624,O. Vranješ
Algorand:2697641527,SCHIZO#101,215050,D. Braghieri
Algorand:2697641646,SCHIZO#102,199060,G. Tzavellas
Algorand:2697641740,SCHIZO#103,190518,F. Kastrati
Algorand:2697642352,SCHIZO#104,184133,Castro
Algorand:2697642506,SCHIZO#105,171972,J. McArthur
Algorand:2697642637,SCHIZO#106,230005,T. Davies
Algorand:2697642766,SCHIZO#107,152916,R. Sambueza
Algorand:2697642854,SCHIZO#108,213648,P. Højbjerg
Algorand:2697643045,SCHIZO#109,193147,A. Gonçalves
Algorand:2697625722,SCHIZO#11,251139,J. Soraire
Algorand:2697643136,SCHIZO#110,221001,U. Saltnes
Algorand:2697643262,SCHIZO#111,213711,A. Rocha
Algorand:2697643496,SCHIZO#112,253399,O. Edvardsen
Algorand:2697643571,SCHIZO#113,238160,M. Demiral
Algorand:2697643672,SCHIZO#114,199393,N. Pallois
Algorand:2697643749,SCHIZO#115,246033,S. Sosa
Algorand:2697643854,SCHIZO#116,215322,J. Silva
Algorand:2697644113,SCHIZO#117,226166,N. Mukiele
Algorand:2697644539,SCHIZO#118,212910,A. Gnanduillet
Algorand:2697644724,SCHIZO#119,202151,K. Stafylidis
Algorand:2697625912,SCHIZO#12,203329,T. Pietermaat
Algorand:2697645862,SCHIZO#120,214158,Y. Gordillo
Algorand:2697646962,SCHIZO#121,230344,Jeffmeirson
Algorand:2697647102,SCHIZO#122,236355,Luiz Felipe
Algorand:2697647356,SCHIZO#123,191740,Ander Herrera
Algorand:2697647539,SCHIZO#124,208574,F. Kostić
Algorand:2697647659,SCHIZO#125,238744,W. McKennie
Algorand:2697647828,SCHIZO#126,171087,Bolaño
Algorand:2697648648,SCHIZO#127,225252,J. Duque
Algorand:2697648803,SCHIZO#128,179605,A. Taarabt
Algorand:2697649093,SCHIZO#129,230197,Alexo Baia
Algorand:2697625989,SCHIZO#13,226583,S. Papagiannopoulos
Algorand:2697649226,SCHIZO#130,219979,Janio Bikel
Algorand:2697649349,SCHIZO#131,223498,E. Cecchini
Algorand:2697649984,SCHIZO#132,246182,M. Pulkrab
Algorand:2697650265,SCHIZO#133,224081,K. Phillips
Algorand:2697650548,SCHIZO#134,190971,O. Alonso
Algorand:2697650714,SCHIZO#135,215716,A. Mitrović
Algorand:2697650805,SCHIZO#136,213433,F. Tobio
Algorand:2697650916,SCHIZO#137,226537,V. Janssen
Algorand:2697650973,SCHIZO#138,216194,Dani García
Algorand:2697651472,SCHIZO#139,193584,G. Burgstaller
Algorand:2697626157,SCHIZO#14,232406,R. Krauße
Algorand:2697651644,SCHIZO#140,234167,S. Van der Heyden
Algorand:2697651725,SCHIZO#141,208535,A. Duncan
Algorand:2697652203,SCHIZO#142,189163,A. MacDonald
Algorand:2697652464,SCHIZO#143,198687,S. Ciss
Algorand:2697652612,SCHIZO#144,222994,M. Nakamba
Algorand:2697652747,SCHIZO#145,198230,Germán
Algorand:2697652880,SCHIZO#146,188879,A. N'Diaye
Algorand:2697653008,SCHIZO#147,224334,M. Acuña
Algorand:2697653163,SCHIZO#148,216730,S. Gregersen
Algorand:2697653279,SCHIZO#149,156519,H. Herrera
Algorand:2697626254,SCHIZO#15,230233,Paolinho Leima
Algorand:2697653346,SCHIZO#150,200302,G. Shinnie
Algorand:2697653429,SCHIZO#151,225555,A. Oğuz
Algorand:2697653710,SCHIZO#152,184252,L. Pratto
Algorand:2697653990,SCHIZO#153,183546,J. Hogg
Algorand:2697654190,SCHIZO#154,227236,A. Zambo Anguissa
Algorand:2697654317,SCHIZO#155,232412,E. Adams
Algorand:2697654468,SCHIZO#156,199669,L. González Pirez
Algorand:2697654599,SCHIZO#157,206413,T. Stepanenko
Algorand:2697654687,SCHIZO#158,169575,L. Peltier
Algorand:2697654816,SCHIZO#159,199231,Kim Tae Hwan
Algorand:2697626323,SCHIZO#16,200752,Juan Jesus
Algorand:2697654935,SCHIZO#160,214031,G. Mera
Algorand:2697655001,SCHIZO#161,176266,Lucas Leiva
Algorand:2697655158,SCHIZO#162,211899,F. Niederlechner
Algorand:2697655238,SCHIZO#163,213497,J. Une-Larsson
Algorand:2697655359,SCHIZO#164,225018,F. Andone
Algorand:2697655918,SCHIZO#165,230222,Ailton Valpaços
Algorand:2697656093,SCHIZO#166,231550,J. Quintero
Algorand:2697656424,SCHIZO#167,178567,E. Pieters
Algorand:2697656479,SCHIZO#168,237383,A. Bastoni
Algorand:2697656624,SCHIZO#169,204033,N. Devlin
Algorand:2697626983,SCHIZO#17,124375,B. Yılmaz
Algorand:2697656696,SCHIZO#170,220921,A. Esiti
Algorand:2697656796,SCHIZO#171,225100,J. Gomez
Algorand:2697656885,SCHIZO#172,216520,J. Güemez
Algorand:2697656995,SCHIZO#173,198611,N. Đurđić
Algorand:2697657117,SCHIZO#174,236547,J. Sýkora
Algorand:2697657206,SCHIZO#175,189410,D. Latza
Algorand:2697657376,SCHIZO#176,238923,R. Scheu
Algorand:2697657526,SCHIZO#177,221660,V. Lindelöf
Algorand:2697658040,SCHIZO#178,239301,L. Martínez
Algorand:2697658162,SCHIZO#179,182859,W. Gargano
Algorand:2697627133,SCHIZO#18,185171,A. Auassar
Algorand:2697658284,SCHIZO#180,203910,A. Knockaert
Algorand:2697658407,SCHIZO#181,216194,Dani García
Algorand:2697658476,SCHIZO#182,193147,A. Gonçalves
Algorand:2697658566,SCHIZO#183,238072,E. Löwen
Algorand:2697658706,SCHIZO#184,233871,Júnior Morais
Algorand:2697658912,SCHIZO#185,182859,W. Gargano
Algorand:2697659097,SCHIZO#186,219979,Janio Bikel
Algorand:2697659228,SCHIZO#187,214947,J. Gbamin
Algorand:2697659882,SCHIZO#188,152536,B. Johnson
Algorand:2697660058,SCHIZO#189,226523,F. Brorsson
Algorand:2697627257,SCHIZO#19,211009,D. Lenihan
Algorand:2697660131,SCHIZO#190,235028,T. McIntyre
Algorand:2697660202,SCHIZO#191,236142,Nildo Reisão
Algorand:2697660346,SCHIZO#192,244621,Vinícius
Algorand:2697660511,SCHIZO#193,230388,Davi Parrela
Algorand:2697660634,SCHIZO#194,204760,C. Taylor
Algorand:2697660947,SCHIZO#195,228080,F. Passlack
Algorand:2697661093,SCHIZO#196,241587,S. Farhan
Algorand:2697661835,SCHIZO#197,161703,E. Culio
Algorand:2697662006,SCHIZO#198,192366,N. Otamendi
Algorand:2697662219,SCHIZO#199,193584,G. Burgstaller
Algorand:2697623159,SCHIZO#2,170890,B. Matuidi
Algorand:2697627314,SCHIZO#20,237122,T. Guidara
Algorand:2697662303,SCHIZO#200,138412,J. Milner
Algorand:2697662379,SCHIZO#201,230445,Rodolfo Pittaça
Algorand:2697662481,SCHIZO#202,240976,M. Saracchi
Algorand:2697662619,SCHIZO#203,173671,K. McFadzean
Algorand:2697662761,SCHIZO#204,177509,M. Benatia
Algorand:2697662838,SCHIZO#205,228419,M. Andersen
Algorand:2697662995,SCHIZO#206,205988,L. Shaw
Algorand:2697663742,SCHIZO#207,206115,I. Hayden
Algorand:2697663961,SCHIZO#208,172871,J. Vertonghen
Algorand:2697664167,SCHIZO#209,183546,J. Hogg
Algorand:2697627394,SCHIZO#21,262411,Miguel Crespo
Algorand:2697664338,SCHIZO#210,201860,E. Bičakčić
Algorand:2697664408,SCHIZO#211,248318,M. Rahman
Algorand:2697664519,SCHIZO#212,214947,J. Gbamin
Algorand:2697664596,SCHIZO#213,157481,Raúl Albiol
Algorand:2697664705,SCHIZO#214,239053,F. Valverde
Algorand:2697664804,SCHIZO#215,202905,C. Nyman
Algorand:2697665010,SCHIZO#216,243414,B. Williams
Algorand:2697665716,SCHIZO#217,243956,J. Vuković
Algorand:2697665851,SCHIZO#218,230229,Otávio Cairinho
Algorand:2697666024,SCHIZO#219,259607,F. Alonso
Algorand:2697627477,SCHIZO#22,205990,H. Reed
Algorand:2697666109,SCHIZO#220,199393,N. Pallois
Algorand:2697666263,SCHIZO#221,222836,R. Ledson
Algorand:2697666346,SCHIZO#222,257196,M. Kurt
Algorand:2697666412,SCHIZO#223,207993,S. Kolašinac
Algorand:2697666545,SCHIZO#224,222222,S. Filip
Algorand:2697666615,SCHIZO#225,253727,L. Provod
Algorand:2697666700,SCHIZO#226,187132,C. Zambrano
Algorand:2697666911,SCHIZO#227,215254,L. Lollo
Algorand:2697667459,SCHIZO#228,211098,B. Dack
Algorand:2697667652,SCHIZO#229,179605,A. Taarabt
Algorand:2697627635,SCHIZO#23,253727,L. Provod
Algorand:2697667751,SCHIZO#230,205632,L. Ocampos
Algorand:2697667931,SCHIZO#231,216813,Bruno Henrique
Algorand:2697668082,SCHIZO#232,225252,J. Duque
Algorand:2697668204,SCHIZO#233,221860,C. Gruezo
Algorand:2697668307,SCHIZO#234,230198,Juli Piresinho
Algorand:2697668397,SCHIZO#235,260593,G. Abrego
Algorand:2697668461,SCHIZO#236,239053,F. Valverde
Algorand:2697669163,SCHIZO#237,189655,Z. Ondrášek
Algorand:2697669314,SCHIZO#238,198657,J. Svensson
Algorand:2697669456,SCHIZO#239,204838,R. Jiménez
Algorand:2697627767,SCHIZO#24,205201,O. Yokuşlu
Algorand:2697669624,SCHIZO#240,206654,Pablo Marí
Algorand:2697669728,SCHIZO#241,229851,A. Al Bulayhi
Algorand:2697669867,SCHIZO#242,199347,T. Beermann
Algorand:2697670032,SCHIZO#243,247090,E. Fernández
Algorand:2697670119,SCHIZO#244,238072,E. Löwen
Algorand:2697670248,SCHIZO#245,215108,J. Buffarini
Algorand:2697670361,SCHIZO#246,183907,J. Boateng
Algorand:2697670483,SCHIZO#247,180334,Marcelo
Algorand:2697670887,SCHIZO#248,190518,F. Kastrati
Algorand:2697671033,SCHIZO#249,204033,N. Devlin
Algorand:2697627845,SCHIZO#25,236190,Roberto Soira
Algorand:2697671109,SCHIZO#250,217085,V. García
Algorand:2697671216,SCHIZO#251,209417,R. Murawski
Algorand:2697671321,SCHIZO#252,203060,J. Vela
Algorand:2697671449,SCHIZO#253,240953,N. Tenaglia
Algorand:2697671622,SCHIZO#254,207863,Felipe
Algorand:2697671689,SCHIZO#255,217620,A. Seck
Algorand:2697671764,SCHIZO#256,225995,P. Stojanović
Algorand:2697671922,SCHIZO#257,183993,E. Israelsson
Algorand:2697672058,SCHIZO#258,189163,A. MacDonald
Algorand:2697672594,SCHIZO#259,200928,O. Banks
Algorand:2697627928,SCHIZO#26,171875,C. Erkin
Algorand:2697672704,SCHIZO#260,138412,J. Milner
Algorand:2697672839,SCHIZO#261,259788,J. Portillo
Algorand:2697672949,SCHIZO#262,204542,Y. Yotún
Algorand:2697673065,SCHIZO#263,189165,J. Shelvey
Algorand:2697673168,SCHIZO#264,230718,E. Botka
Algorand:2697673357,SCHIZO#265,233871,Júnior Morais
Algorand:2697673453,SCHIZO#266,215437,D. Fisher
Algorand:2697673561,SCHIZO#267,197061,J. Matip
Algorand:2697673639,SCHIZO#268,229749,A. Barboza
Algorand:2697674017,SCHIZO#269,223578,Mata
Algorand:2697628063,SCHIZO#27,169623,P. Hartley
Algorand:2697674590,SCHIZO#270,196432,E. Pérez
Algorand:2697674667,SCHIZO#271,236355,Luiz Felipe
Algorand:2697674868,SCHIZO#272,215119,L. Romero
Algorand:2697674942,SCHIZO#273,224875,B. Innocent
Algorand:2697675088,SCHIZO#274,208535,A. Duncan
Algorand:2697675137,SCHIZO#275,220132,Zaldúa
Algorand:2697675295,SCHIZO#276,234725,I. Doumbia
Algorand:2697675388,SCHIZO#277,211899,F. Niederlechner
Algorand:2697675535,SCHIZO#278,230452,Kelivelson
Algorand:2697675637,SCHIZO#279,199667,R. Funes Mori
Algorand:2697628517,SCHIZO#28,205600,S. Umtiti
Algorand:2697675821,SCHIZO#280,253951,F. Calderón
Algorand:2697676501,SCHIZO#281,252379,J. Burroughs
Algorand:2697676578,SCHIZO#282,169708,S. Hutchinson
Algorand:2697676729,SCHIZO#283,202325,D. Demme
Algorand:2697676871,SCHIZO#284,215940,O. Lund
Algorand:2697677009,SCHIZO#285,198538,B. Paulsen
Algorand:2697677102,SCHIZO#286,214031,G. Mera
Algorand:2697677265,SCHIZO#287,194665,S. Ilsanker
Algorand:2697677340,SCHIZO#288,248297,A. Jahouh
Algorand:2697677481,SCHIZO#289,232381,Wesley
Algorand:2697628654,SCHIZO#29,254891,J. Martínez
Algorand:2697678018,SCHIZO#290,193211,A. Ignjovski
Algorand:2697678074,SCHIZO#291,216377,S. Kutschke
Algorand:2697678216,SCHIZO#292,234741,G. Hamer
Algorand:2697678316,SCHIZO#293,188377,K. Walker
Algorand:2697678457,SCHIZO#294,176930,M. Díaz
Algorand:2697678568,SCHIZO#295,239053,F. Valverde
Algorand:2697678749,SCHIZO#296,234426,Marcão
Algorand:2697678900,SCHIZO#297,197061,J. Matip
Algorand:2697679055,SCHIZO#298,185171,A. Auassar
Algorand:2697679225,SCHIZO#299,184338,G. Bellusci
Algorand:2697624593,SCHIZO#3,229537,T. Cardona
Algorand:2697628747,SCHIZO#30,183025,M. Simon
Algorand:2697679295,SCHIZO#300,167841,C. Maguire
Algorand:2697679461,SCHIZO#301,187607,A. Dzyuba
Algorand:2697679560,SCHIZO#302,260593,G. Abrego
Algorand:2697679745,SCHIZO#303,215119,L. Romero
Algorand:2697679845,SCHIZO#304,206222,Bigas
Algorand:2697680025,SCHIZO#305,232406,R. Krauße
Algorand:2697680158,SCHIZO#306,220782,M. Ilaimaharitra
Algorand:2697680328,SCHIZO#307,213899,É. Balanta
Algorand:2697680458,SCHIZO#308,188768,Serey Dié
Algorand:2697680626,SCHIZO#309,189165,J. Shelvey
Algorand:2697628820,SCHIZO#31,232665,M. Arambarri
Algorand:2697680683,SCHIZO#310,205705,Z. Feddal
Algorand:2697680755,SCHIZO#311,213991,J. Lerma
Algorand:2697680940,SCHIZO#312,215437,D. Fisher
Algorand:2697681085,SCHIZO#313,229212,B. Smeets
Algorand:2697681170,SCHIZO#314,228618,F. Mendy
Algorand:2697681240,SCHIZO#315,205600,S. Umtiti
Algorand:2697681308,SCHIZO#316,228415,L. Godoy
Algorand:2697681413,SCHIZO#317,211671,J. Radošević
Algorand:2697681519,SCHIZO#318,212888,C. Salcedo
Algorand:2697681604,SCHIZO#319,199986,Arbilla
Algorand:2697628933,SCHIZO#32,248870,B. Ojeda
Algorand:2697681843,SCHIZO#320,161703,E. Culio
Algorand:2697681935,SCHIZO#321,225508,E. Bailly
Algorand:2697682020,SCHIZO#322,225375,K. Laimer
Algorand:2697682157,SCHIZO#323,192450,A. Cook
Algorand:2697682245,SCHIZO#324,247968,V. Crețu
Algorand:2697682396,SCHIZO#325,199503,G. Xhaka
Algorand:2697682454,SCHIZO#326,181318,A. Ekdal
Algorand:2697682785,SCHIZO#327,233730,Y. Méïté
Algorand:2697682855,SCHIZO#328,219576,R. Battaglia
Algorand:2697683175,SCHIZO#329,221660,V. Lindelöf
Algorand:2697629072,SCHIZO#33,178567,E. Pieters
Algorand:2697683284,SCHIZO#330,221890,J. Fulton
Algorand:2697683400,SCHIZO#331,220018,A. Rebić
Algorand:2697683561,SCHIZO#332,240926,N. Phillips
Algorand:2697683638,SCHIZO#333,244474,M. Bordeianu
Algorand:2697683772,SCHIZO#334,200672,Zhang Linpeng
Algorand:2697683979,SCHIZO#335,190547,K. Glik
Algorand:2697684043,SCHIZO#336,212218,A. Laporte
Algorand:2697684115,SCHIZO#337,201377,J. Murillo
Algorand:2697684199,SCHIZO#338,232358,Judson
Algorand:2697684464,SCHIZO#339,199914,Allan
Algorand:2697629221,SCHIZO#34,230251,Melvin Parrela
Algorand:2697684578,SCHIZO#340,188942,V. Wanyama
Algorand:2697684675,SCHIZO#341,237646,D. Muñoz
Algorand:2697684856,SCHIZO#342,223697,R. Gosens
Algorand:2697684917,SCHIZO#343,239356,A. Matusiwa
Algorand:2697685021,SCHIZO#344,187043,S. Johansen
Algorand:2697685137,SCHIZO#345,193250,M. Leovac
Algorand:2697685211,SCHIZO#346,200758,L. Moore
Algorand:2697685341,SCHIZO#347,216464,A. Browne
Algorand:2697685400,SCHIZO#348,177373,L. Nielsen
Algorand:2697685588,SCHIZO#349,205185,Tiago Ilori
Algorand:2697629323,SCHIZO#35,204776,T. Leistner
Algorand:2697685645,SCHIZO#350,205185,Tiago Ilori
Algorand:2697685745,SCHIZO#351,214191,R. Pérez
Algorand:2697685858,SCHIZO#352,215940,O. Lund
Algorand:2697685988,SCHIZO#353,194022,André Almeida
Algorand:2697686098,SCHIZO#354,221430,U. Đurđević
Algorand:2697686152,SCHIZO#355,230233,Paolinho Leima
Algorand:2697686214,SCHIZO#356,226677,J. Bacuna
Algorand:2697686293,SCHIZO#357,222405,L. Kinsella
Algorand:2697686360,SCHIZO#358,215553,Henrique Dourado
Algorand:2697686444,SCHIZO#359,199580,C. Goldson
Algorand:2697629451,SCHIZO#36,178567,E. Pieters
Algorand:2697686660,SCHIZO#360,228332,H. Choudhury
Algorand:2697686739,SCHIZO#361,188942,V. Wanyama
Algorand:2697687123,SCHIZO#362,197948,F. Lejeune
Algorand:2697687221,SCHIZO#363,189165,J. Shelvey
Algorand:2697687422,SCHIZO#364,187043,S. Johansen
Algorand:2697687664,SCHIZO#365,189177,J. Fleck
Algorand:2697687773,SCHIZO#366,209667,K. Triantafyllopoulos
Algorand:2697687922,SCHIZO#367,216145,A. Izzo
Algorand:2697687988,SCHIZO#368,184664,A. Collin
Algorand:2697688152,SCHIZO#369,212755,J. Hendrix
Algorand:2697629727,SCHIZO#37,193983,A. Delort
Algorand:2697688206,SCHIZO#370,209744,E. Mena
Algorand:2697688297,SCHIZO#371,192611,S. Yatabaré
Algorand:2697688413,SCHIZO#372,192114,A. Briseño
Algorand:2697688495,SCHIZO#373,187132,C. Zambrano
Algorand:2697688640,SCHIZO#374,225508,E. Bailly
Algorand:2697688799,SCHIZO#375,214226,R. Loaiza
Algorand:2697689011,SCHIZO#376,231478,L. Martínez
Algorand:2697689103,SCHIZO#377,209297,Fred
Algorand:2697689177,SCHIZO#378,198230,Germán
Algorand:2697689258,SCHIZO#379,187052,Y. M'Vila
Algorand:2697629800,SCHIZO#38,262426,M. Aidara
Algorand:2697689318,SCHIZO#380,189280,A. Westwood
Algorand:2697689381,SCHIZO#381,241970,H. Delbridge
Algorand:2697689537,SCHIZO#382,205895,A. Ring
Algorand:2697689638,SCHIZO#383,237297,Y. Osorio
Algorand:2697689751,SCHIZO#384,190674,B. André
Algorand:2697689877,SCHIZO#385,201862,M. Rojo
Algorand:2697922567,SCHIZO#386,215157,F. Lértora
Algorand:2697922648,SCHIZO#387,184134,Fernando
Algorand:2697922745,SCHIZO#388,214226,R. Loaiza
Algorand:2697923146,SCHIZO#389,230225,Juiano Mestres
Algorand:2697630363,SCHIZO#39,197971,D. Alibec
Algorand:2697923233,SCHIZO#390,185010,M. Pazdan
Algorand:2697923316,SCHIZO#391,179789,D. Da Silva
Algorand:2697923427,SCHIZO#392,187607,A. Dzyuba
Algorand:2697923553,SCHIZO#393,192439,M. Davidson
Algorand:2697923637,SCHIZO#394,236142,Nildo Reisão
Algorand:2697923711,SCHIZO#395,224470,He Chao
Algorand:2697924203,SCHIZO#396,257889,K. Jakić
Algorand:2697924276,SCHIZO#397,169575,L. Peltier
Algorand:2697924434,SCHIZO#398,232691,Kim Min Hyeok
Algorand:2697924510,SCHIZO#399,189655,Z. Ondrášek
Algorand:2697624656,SCHIZO#4,208030,B. Fofana
Algorand:2697630469,SCHIZO#40,176930,M. Díaz
Algorand:2697924672,SCHIZO#400,225529,Nathan
Algorand:2697925130,SCHIZO#401,251116,T. Holeš
Algorand:2697925299,SCHIZO#402,215553,Henrique Dourado
Algorand:2697925526,SCHIZO#403,242633,M. Frendrup
Algorand:2697925594,SCHIZO#404,189167,A. Gunnarsson
Algorand:2697925694,SCHIZO#405,192660,S. Polter
Algorand:2697925743,SCHIZO#406,203487,J. Lascelles
Algorand:2697925817,SCHIZO#407,198904,G. Hanley
Algorand:2697925943,SCHIZO#408,244393,Gonzalo Villar
Algorand:2697926036,SCHIZO#409,205988,L. Shaw
Algorand:2697630609,SCHIZO#41,228111,R. Curtis
Algorand:2697926139,SCHIZO#410,217232,H. Khabra
Algorand:2697926696,SCHIZO#411,236142,Nildo Reisão
Algorand:2697926842,SCHIZO#412,230375,Josué Chiamulera
Algorand:2697926984,SCHIZO#413,190547,K. Glik
Algorand:2697927077,SCHIZO#414,219683,C. Tolisso
Algorand:2697927172,SCHIZO#415,243956,J. Vuković
Algorand:2697927282,SCHIZO#416,184274,C. Basham
Algorand:2697927374,SCHIZO#417,233943,Ronaldo Vieira
Algorand:2697927496,SCHIZO#418,239361,D. de Wit
Algorand:2697927599,SCHIZO#419,202889,A. Öztürk
Algorand:2697630684,SCHIZO#42,212212,D. Kohr
Algorand:2697927720,SCHIZO#420,210455,Jonny
Algorand:2697927801,SCHIZO#421,208165,B. Djimsiti
Algorand:2697927963,SCHIZO#422,163619,J. Hayes
Algorand:2697928037,SCHIZO#423,238160,M. Demiral
Algorand:2697928106,SCHIZO#424,243414,B. Williams
Algorand:2697928637,SCHIZO#425,183581,J. Molina
Algorand:2697928838,SCHIZO#426,211256,N. Tagliafico
Algorand:2697928915,SCHIZO#427,230762,S. Al Hamsal
Algorand:2697929000,SCHIZO#428,216286,J. Andersen
Algorand:2697929066,SCHIZO#429,191055,Dídac Vilà
Algorand:2697630798,SCHIZO#43,226226,G. Lo Celso
Algorand:2697929178,SCHIZO#430,192789,Mario Gaspar
Algorand:2697929270,SCHIZO#431,205073,F. Kiss
Algorand:2697929368,SCHIZO#432,231550,J. Quintero
Algorand:2697929543,SCHIZO#433,217699,I. Slimani
Algorand:2697929676,SCHIZO#434,214770,D. González
Algorand:2697929759,SCHIZO#435,204639,S. Savić
Algorand:2697929825,SCHIZO#436,230457,Gabrisco Aníbal
Algorand:2697930340,SCHIZO#437,186881,J. Holland
Algorand:2697930453,SCHIZO#438,225024,M. Holgate
Algorand:2697930583,SCHIZO#439,219145,G. Maripán
Algorand:2697630895,SCHIZO#44,236547,J. Sýkora
Algorand:2697930739,SCHIZO#440,256952,S. Rooney
Algorand:2697930840,SCHIZO#441,205895,A. Ring
Algorand:2697930932,SCHIZO#442,240665,C. Moros Gracia
Algorand:2697931017,SCHIZO#443,202157,A. Behich
Algorand:2697931145,SCHIZO#444,226790,W. Ndidi
Algorand:2697931296,SCHIZO#445,183427,F. Delph
Algorand:2697931406,SCHIZO#446,219809,T. Bakayoko
Algorand:2697931497,SCHIZO#447,169575,L. Peltier
Algorand:2697931581,SCHIZO#448,189712,K. Strootman
Algorand:2697931651,SCHIZO#449,210897,C. Mbemba
Algorand:2697631057,SCHIZO#45,234741,G. Hamer
Algorand:2697931777,SCHIZO#450,234167,S. Van der Heyden
Algorand:2697932162,SCHIZO#451,207993,S. Kolašinac
Algorand:2697932396,SCHIZO#452,205705,Z. Feddal
Algorand:2697932521,SCHIZO#453,198198,Jordi Amat
Algorand:2697932643,SCHIZO#454,198426,G. Castellani
Algorand:2697932809,SCHIZO#455,173546,J. Tomkins
Algorand:2697932891,SCHIZO#456,162221,F. Haroun
Algorand:2697932950,SCHIZO#457,240953,N. Tenaglia
Algorand:2697933041,SCHIZO#458,224309,Joan Jordán
Algorand:2697933102,SCHIZO#459,176266,Lucas Leiva
Algorand:2697631144,SCHIZO#46,211955,U. Taffertshofer
Algorand:2697933193,SCHIZO#460,260593,G. Abrego
Algorand:2697933315,SCHIZO#461,230250,Emilio Piodão
Algorand:2697933406,SCHIZO#462,203487,J. Lascelles
Algorand:2697933548,SCHIZO#463,213093,J. Clisby
Algorand:2697933965,SCHIZO#464,183993,E. Israelsson
Algorand:2697934190,SCHIZO#465,224458,Diogo Jota
Algorand:2697934400,SCHIZO#466,204476,T. Beugelsdijk
Algorand:2697934482,SCHIZO#467,212419,T. Mings
Algorand:2697934565,SCHIZO#468,230183,Gerson Armão
Algorand:2697934646,SCHIZO#469,231360,J. Elías
Algorand:2697631262,SCHIZO#47,253951,F. Calderón
Algorand:2697934755,SCHIZO#470,189910,C. Main
Algorand:2697934832,SCHIZO#471,187607,A. Dzyuba
Algorand:2697934902,SCHIZO#472,199576,Oriol Romeu
Algorand:2697934997,SCHIZO#473,235028,T. McIntyre
Algorand:2697935070,SCHIZO#474,228326,Brian Oliván
Algorand:2697935600,SCHIZO#475,204639,S. Savić
Algorand:2697935802,SCHIZO#476,218623,Cafú
Algorand:2697936039,SCHIZO#477,218623,Cafú
Algorand:2697936490,SCHIZO#478,232607,F. Formiliano
Algorand:2697936576,SCHIZO#479,244470,V. Coufal
Algorand:2697631327,SCHIZO#48,184432,Azpilicueta
Algorand:2697936757,SCHIZO#480,230065,S. Serdar
Algorand:2697936836,SCHIZO#481,234319,L. Travis
Algorand:2697936910,SCHIZO#482,156221,C. Săpunaru
Algorand:2697936986,SCHIZO#483,240359,O. Alderete
Algorand:2697937050,SCHIZO#484,216145,A. Izzo
Algorand:2697937182,SCHIZO#485,187598,Rafael Tolói
Algorand:2697937260,SCHIZO#486,228415,L. Godoy
Algorand:2697937675,SCHIZO#487,162900,N. Kilkenny
Algorand:2697937872,SCHIZO#488,213064,F. Calvo
Algorand:2697937992,SCHIZO#489,192622,S. Duffy
Algorand:2697631435,SCHIZO#49,207863,Felipe
Algorand:2697938083,SCHIZO#490,247204,Emerson
Algorand:2697938147,SCHIZO#491,190640,V. Pálsson
Algorand:2697938216,SCHIZO#492,223779,D. Szymański
Algorand:2697938334,SCHIZO#493,228326,Brian Oliván
Algorand:2697938496,SCHIZO#494,231360,J. Elías
Algorand:2697938620,SCHIZO#495,227536,M. Marega
Algorand:2697938724,SCHIZO#496,221714,A. Morelos
Algorand:2697938832,SCHIZO#497,199667,R. Funes Mori
Algorand:2697938929,SCHIZO#498,228332,H. Choudhury
Algorand:2697939060,SCHIZO#499,247500,Edgar
Algorand:2697624779,SCHIZO#5,228763,G. Melkadze
Algorand:2697631940,SCHIZO#50,240665,C. Moros Gracia
Algorand:2697939471,SCHIZO#500,208574,F. Kostić
Algorand:2697939699,SCHIZO#501,222429,A. Cubas
Algorand:2697939787,SCHIZO#502,232244,S. Ascacíbar
Algorand:2697939917,SCHIZO#503,192816,L. Cabrera
Algorand:2697940011,SCHIZO#504,243956,J. Vuković
Algorand:2697940134,SCHIZO#505,213093,J. Clisby
Algorand:2697940190,SCHIZO#506,221001,U. Saltnes
Algorand:2697940268,SCHIZO#507,199206,D. Vida
Algorand:2697940383,SCHIZO#508,179813,E. Cavani
Algorand:2697940463,SCHIZO#509,199393,N. Pallois
Algorand:2697632005,SCHIZO#51,198198,Jordi Amat
Algorand:2697940642,SCHIZO#510,204963,Carvajal
Algorand:2697940729,SCHIZO#511,184789,Á. Szalai
Algorand:2697940821,SCHIZO#512,163619,J. Hayes
Algorand:2697941454,SCHIZO#513,211093,C. McGregor
Algorand:2697941524,SCHIZO#514,244006,Lucas Áfrico
Algorand:2697941685,SCHIZO#515,230234,Everton Andrão
Algorand:2697941757,SCHIZO#516,216466,Wendell
Algorand:2697941844,SCHIZO#517,228618,F. Mendy
Algorand:2697941963,SCHIZO#518,173671,K. McFadzean
Algorand:2697942051,SCHIZO#519,213337,Ismael
Algorand:2697632152,SCHIZO#52,183125,T. Deeney
Algorand:2697942118,SCHIZO#520,152908,A. Young
Algorand:2697942241,SCHIZO#521,219391,G. Escalante
Algorand:2697942314,SCHIZO#522,164459,S. Larsson
Algorand:2697942420,SCHIZO#523,229851,A. Al Bulayhi
Algorand:2697942499,SCHIZO#524,194222,Laguardia
Algorand:2697943173,SCHIZO#525,184252,L. Pratto
Algorand:2697943281,SCHIZO#526,213433,F. Tobio
Algorand:2697943446,SCHIZO#527,228805,Raillo
Algorand:2697943515,SCHIZO#528,120533,Pepe
Algorand:2697943606,SCHIZO#529,229179,C. Tabó
Algorand:2697632232,SCHIZO#53,41236,Z. Ibrahimović
Algorand:2697943693,SCHIZO#530,176944,M. Fellaini
Algorand:2697943749,SCHIZO#531,222405,L. Kinsella
Algorand:2697943904,SCHIZO#532,210374,J. Vigón
Algorand:2697944058,SCHIZO#533,202157,A. Behich
Algorand:2697944125,SCHIZO#534,193147,A. Gonçalves
Algorand:2697944227,SCHIZO#535,219087,S. Vegas
Algorand:2697944311,SCHIZO#536,205452,A. Rüdiger
Algorand:2697944970,SCHIZO#537,208630,D. Furman
Algorand:2697945060,SCHIZO#538,260593,G. Abrego
Algorand:2697945200,SCHIZO#539,193116,M. Gonalons
Algorand:2697632403,SCHIZO#54,230457,Gabrisco Aníbal
Algorand:2697945359,SCHIZO#540,189511,Sergio Busquets
Algorand:2697945485,SCHIZO#541,208630,D. Furman
Algorand:2697945592,SCHIZO#542,190492,J. Labadie
Algorand:2697945749,SCHIZO#543,205157,Ruiz de Galarreta
Algorand:2697945821,SCHIZO#544,214765,M. Herrera
Algorand:2697945945,SCHIZO#545,210879,A. Struna
Algorand:2697946061,SCHIZO#546,192838,E. Schelotto
Algorand:2697946141,SCHIZO#547,208535,A. Duncan
Algorand:2697946826,SCHIZO#548,193211,A. Ignjovski
Algorand:2697946935,SCHIZO#549,253951,F. Calderón
Algorand:2697632473,SCHIZO#55,190060,N. Toko
Algorand:2697947127,SCHIZO#550,238067,N. Zaniolo
Algorand:2697947216,SCHIZO#551,194885,C. Erbes
Algorand:2697947264,SCHIZO#552,188270,B. Ecuélé Manga
Algorand:2697947354,SCHIZO#553,229851,A. Al Bulayhi
Algorand:2697947532,SCHIZO#554,221740,E. Crivelli
Algorand:2697947636,SCHIZO#555,259788,J. Portillo
Algorand:2697947755,SCHIZO#556,232255,A. Bouzat
Algorand:2697947867,SCHIZO#557,188607,R. Salinas
Algorand:2697947992,SCHIZO#558,185010,M. Pazdan
Algorand:2697948120,SCHIZO#559,230306,Míchel Zabaco
Algorand:2697632657,SCHIZO#56,183491,Zanka
Algorand:2697948209,SCHIZO#560,235544,S. Memišević
Algorand:2697948296,SCHIZO#561,213093,J. Clisby
Algorand:2697948885,SCHIZO#562,192227,S. Mustafi
Algorand:2697949012,SCHIZO#563,226772,J. Laso
Algorand:2697949128,SCHIZO#564,239504,J. Gordon
Algorand:2697949304,SCHIZO#565,217620,A. Seck
Algorand:2697949448,SCHIZO#566,240033,D. Hovorka
Algorand:2697949550,SCHIZO#567,202849,J. Vestergaard
Algorand:2697949652,SCHIZO#568,215144,E. Insúa
Algorand:2697949753,SCHIZO#569,187936,S. Nzonzi
Algorand:2697632775,SCHIZO#57,202889,A. Öztürk
Algorand:2697949841,SCHIZO#570,235642,R. Yates
Algorand:2697949906,SCHIZO#571,229537,T. Cardona
Algorand:2697949970,SCHIZO#572,187132,C. Zambrano
Algorand:2697950660,SCHIZO#573,192114,A. Briseño
Algorand:2697950760,SCHIZO#574,236547,J. Sýkora
Algorand:2697950978,SCHIZO#575,202135,S. Sturaro
Algorand:2697951166,SCHIZO#576,195620,R. Krishna
Algorand:2697951210,SCHIZO#577,183129,C. Clark
Algorand:2697951298,SCHIZO#578,214158,Y. Gordillo
Algorand:2697951355,SCHIZO#579,229882,Eduardo Henrique
Algorand:2697632898,SCHIZO#58,234229,R. McCrorie
Algorand:2697951646,SCHIZO#580,213093,J. Clisby
Algorand:2697951890,SCHIZO#581,223138,A. Briançon
Algorand:2697952079,SCHIZO#582,236496,M. Guendouzi
Algorand:2697952207,SCHIZO#583,246560,D. Popa
Algorand:2697952279,SCHIZO#584,230251,Melvin Parrela
Algorand:2697952368,SCHIZO#585,229668,Mario Hermoso
Algorand:2697952470,SCHIZO#586,161703,E. Culio
Algorand:2697952621,SCHIZO#587,230528,Rafael Cachoira
Algorand:2697952842,SCHIZO#588,189271,F. Coquelin
Algorand:2697952919,SCHIZO#589,232244,S. Ascacíbar
Algorand:2697633172,SCHIZO#59,237184,K. Bare
Algorand:2697953022,SCHIZO#590,241585,Igor
Algorand:2697953135,SCHIZO#591,238692,K. Gjasula
Algorand:2697953361,SCHIZO#592,194728,I. Belfodil
Algorand:2697953555,SCHIZO#593,167933,Y. Cahuzac
Algorand:2697953745,SCHIZO#594,212755,J. Hendrix
Algorand:2697953864,SCHIZO#595,169588,J. Evans
Algorand:2697953988,SCHIZO#596,193532,G. Medel
Algorand:2697954039,SCHIZO#597,189712,K. Strootman
Algorand:2697954241,SCHIZO#598,176839,E. Nouri
Algorand:2697954366,SCHIZO#599,233943,Ronaldo Vieira
Algorand:2697624995,SCHIZO#6,156519,H. Herrera
Algorand:2697633308,SCHIZO#60,192816,L. Cabrera
Algorand:2697954511,SCHIZO#600,209061,S. Hedlund
Algorand:2697954625,SCHIZO#601,204963,Carvajal
Algorand:2697954698,SCHIZO#602,189177,J. Fleck
Algorand:2697954782,SCHIZO#603,120533,Pepe
Algorand:2697954833,SCHIZO#604,146963,J. Pinola
Algorand:2697954969,SCHIZO#605,228892,I. Rivero
Algorand:2697955148,SCHIZO#606,212736,B. Kwiecień
Algorand:2697955286,SCHIZO#607,215071,M. Casco
Algorand:2697955406,SCHIZO#608,198198,Jordi Amat
Algorand:2697955567,SCHIZO#609,164468,G. Cahill
Algorand:2697633914,SCHIZO#61,208861,J. Gastien
Algorand:2697955655,SCHIZO#610,240359,O. Alderete
Algorand:2697955743,SCHIZO#611,210700,M. Abusabaan
Algorand:2697955802,SCHIZO#612,215010,E. Brítez
Algorand:2697955874,SCHIZO#613,210804,M. Salem
Algorand:2697955976,SCHIZO#614,189403,N. Baker
Algorand:2697956389,SCHIZO#615,244563,C. MacPherson
Algorand:2697956559,SCHIZO#616,190971,O. Alonso
Algorand:2697956632,SCHIZO#617,204125,J. Bořil
Algorand:2697956712,SCHIZO#618,239356,A. Matusiwa
Algorand:2697956782,SCHIZO#619,211098,B. Dack
Algorand:2697634069,SCHIZO#62,233954,C. Calderón
Algorand:2697956961,SCHIZO#620,214658,J. Karlström
Algorand:2697957052,SCHIZO#621,254281,A. Selmani
Algorand:2697957117,SCHIZO#622,172561,M. Lumb
Algorand:2697957229,SCHIZO#623,228763,G. Melkadze
Algorand:2697957298,SCHIZO#624,215572,Alberto
Algorand:2697957386,SCHIZO#625,230230,Eltildo Correia
Algorand:2697957610,SCHIZO#626,237051,M. Turay
Algorand:2697957694,SCHIZO#627,236832,M. Mehlem
Algorand:2697957801,SCHIZO#628,230209,Hugo Goiteira
Algorand:2697957905,SCHIZO#629,231222,F. Henríquez
Algorand:2697634467,SCHIZO#63,210321,R. Quioto
Algorand:2697958005,SCHIZO#630,223597,R. Aguilar
Algorand:2697958136,SCHIZO#631,188337,M. Wakaso
Algorand:2697958295,SCHIZO#632,234122,Artur
Algorand:2697958426,SCHIZO#633,205600,S. Umtiti
Algorand:2697958489,SCHIZO#634,224875,B. Innocent
Algorand:2697958614,SCHIZO#635,216194,Dani García
Algorand:2697958918,SCHIZO#636,211955,U. Taffertshofer
Algorand:2697959160,SCHIZO#637,183512,Yuri Berchiche
Algorand:2697959312,SCHIZO#638,201888,V. Berisha
Algorand:2697959394,SCHIZO#639,178567,E. Pieters
Algorand:2697634608,SCHIZO#64,238332,E. Copetti
Algorand:2697959466,SCHIZO#640,243414,B. Williams
Algorand:2697959575,SCHIZO#641,222994,M. Nakamba
Algorand:2697959645,SCHIZO#642,184477,K. Papadopoulos
Algorand:2697959769,SCHIZO#643,204525,Iñigo Martínez
Algorand:2697959857,SCHIZO#644,220862,J. Hugill
Algorand:2697960002,SCHIZO#645,186521,B. Espinosa
Algorand:2697960177,SCHIZO#646,156221,C. Săpunaru
Algorand:2697960258,SCHIZO#647,257889,K. Jakić
Algorand:2697960359,SCHIZO#648,214947,J. Gbamin
Algorand:2697961305,SCHIZO#649,211784,N. Maupay
Algorand:2697634846,SCHIZO#65,212419,T. Mings
Algorand:2697961634,SCHIZO#650,235899,D. Zeefuik
Algorand:2697962191,SCHIZO#651,168621,Zeca
Algorand:2697962302,SCHIZO#652,217196,J. Palomino
Algorand:2697962591,SCHIZO#653,213917,Fábio Cardoso
Algorand:2697962696,SCHIZO#654,198538,B. Paulsen
Algorand:2697962773,SCHIZO#655,211093,C. McGregor
Algorand:2697962858,SCHIZO#656,224334,M. Acuña
Algorand:2697963219,SCHIZO#657,193584,G. Burgstaller
Algorand:2697963378,SCHIZO#658,239301,L. Martínez
Algorand:2697963473,SCHIZO#659,155671,Ł. Trałka
Algorand:2697634960,SCHIZO#66,237051,M. Turay
Algorand:2697964127,SCHIZO#660,189156,Daniel Carriço
Algorand:2697964372,SCHIZO#661,208004,J. Veltman
Algorand:2697964648,SCHIZO#662,179645,S. Kjær
Algorand:2697964840,SCHIZO#663,197837,D. Boyata
Algorand:2697965016,SCHIZO#664,211784,N. Maupay
Algorand:2697965149,SCHIZO#665,238067,N. Zaniolo
Algorand:2697965275,SCHIZO#666,157481,Raúl Albiol
Algorand:2697965340,SCHIZO#667,228520,E. Ávila
Algorand:2697965487,SCHIZO#668,232406,R. Krauße
Algorand:2697965566,SCHIZO#669,189143,S. Eriksson
Algorand:2697635240,SCHIZO#67,184789,Á. Szalai
Algorand:2697965875,SCHIZO#670,200888,Danilo Pereira
Algorand:2697965972,SCHIZO#671,237646,D. Muñoz
Algorand:2697966131,SCHIZO#672,220132,Zaldúa
Algorand:2697966597,SCHIZO#673,219391,G. Escalante
Algorand:2697967039,SCHIZO#674,230251,Melvin Parrela
Algorand:2697967249,SCHIZO#675,203060,J. Vela
Algorand:2697967328,SCHIZO#676,211385,R. Durmisi
Algorand:2697967391,SCHIZO#677,212591,W. Zimmerman
Algorand:2697967564,SCHIZO#678,216019,D. Musto
Algorand:2697967664,SCHIZO#679,210804,M. Salem
Algorand:2697635325,SCHIZO#68,223498,E. Cecchini
Algorand:2697967769,SCHIZO#680,241585,Igor
Algorand:2697967950,SCHIZO#681,138412,J. Milner
Algorand:2697968101,SCHIZO#682,232358,Judson
Algorand:2697968244,SCHIZO#683,229391,Palhinha
Algorand:2697968461,SCHIZO#684,224196,R. Bensebaini
Algorand:2697968790,SCHIZO#685,233954,C. Calderón
Algorand:2697969019,SCHIZO#686,232580,Gabriel
Algorand:2697969131,SCHIZO#687,195020,D. Davis
Algorand:2697969341,SCHIZO#688,262411,Miguel Crespo
Algorand:2697969429,SCHIZO#689,155671,Ł. Trałka
Algorand:2697635457,SCHIZO#69,205565,D. Bulthuis
Algorand:2697969528,SCHIZO#690,189712,K. Strootman
Algorand:2697969685,SCHIZO#691,200752,Juan Jesus
Algorand:2697969771,SCHIZO#692,209846,C. Günter
Algorand:2697969903,SCHIZO#693,251775,Paulinho
Algorand:2697970087,SCHIZO#694,199626,André André
Algorand:2697970172,SCHIZO#695,244271,I. Šunjić
Algorand:2697970242,SCHIZO#696,134820,S. Brown
Algorand:2697970494,SCHIZO#697,190518,F. Kastrati
Algorand:2697970645,SCHIZO#698,221540,Raúl
Algorand:2697970854,SCHIZO#699,199667,R. Funes Mori
Algorand:2697625080,SCHIZO#7,210879,A. Struna
Algorand:2697635556,SCHIZO#70,172561,M. Lumb
Algorand:2697970964,SCHIZO#700,240359,O. Alderete
Algorand:2697971232,SCHIZO#701,237383,A. Bastoni
Algorand:2697971314,SCHIZO#702,167841,C. Maguire
Algorand:2697971478,SCHIZO#703,232255,A. Bouzat
Algorand:2697971878,SCHIZO#704,188607,R. Salinas
Algorand:2697971990,SCHIZO#705,184252,L. Pratto
Algorand:2697972204,SCHIZO#706,204963,Carvajal
Algorand:2697972369,SCHIZO#707,251127,F. Torrent
Algorand:2697972622,SCHIZO#708,230005,T. Davies
Algorand:2697972848,SCHIZO#709,183228,B. Augustyn
Algorand:2697635710,SCHIZO#71,239890,O. Kabak
Algorand:2697973010,SCHIZO#710,203067,D. Chará
Algorand:2697973112,SCHIZO#711,213991,J. Lerma
Algorand:2697973267,SCHIZO#712,185171,A. Auassar
Algorand:2697973566,SCHIZO#713,229179,C. Tabó
Algorand:2697973728,SCHIZO#714,222028,J. Weigl
Algorand:2697973896,SCHIZO#715,197655,S. Coates
Algorand:2697973973,SCHIZO#716,229749,A. Barboza
Algorand:2697974067,SCHIZO#717,206413,T. Stepanenko
Algorand:2697974155,SCHIZO#718,237520,M. Camara
Algorand:2697974307,SCHIZO#719,228992,S. Singh
Algorand:2697636001,SCHIZO#72,228386,P. Cissé
Algorand:2697974412,SCHIZO#720,237494,O. Gnjatić
Algorand:2697974514,SCHIZO#721,204341,Luís Neto
Algorand:2697974621,SCHIZO#722,236639,Xeka
Algorand:2697974753,SCHIZO#723,183893,C. Yacob
Algorand:2697974846,SCHIZO#724,225974,S. McKenna
Algorand:2697974952,SCHIZO#725,222028,J. Weigl
Algorand:2697975051,SCHIZO#726,149185,F. Magnanelli
Algorand:2697975128,SCHIZO#727,237077,F. Boya
Algorand:2697975211,SCHIZO#728,190547,K. Glik
Algorand:2697975311,SCHIZO#729,224265,J. Williams
Algorand:2697636575,SCHIZO#73,209667,K. Triantafyllopoulos
Algorand:2697975483,SCHIZO#730,230285,Vincente Dourado
Algorand:2697975579,SCHIZO#731,213991,J. Lerma
Algorand:2697975658,SCHIZO#732,211784,N. Maupay
Algorand:2697975748,SCHIZO#733,227950,Yeray
Algorand:2697975817,SCHIZO#734,211862,A. Hahn
Algorand:2697976254,SCHIZO#735,243360,N. Fröling
Algorand:2697976538,SCHIZO#736,204638,W. Orban
Algorand:2697976686,SCHIZO#737,219087,S. Vegas
Algorand:2697976795,SCHIZO#738,208159,M. Frey
Algorand:2697976882,SCHIZO#739,193945,N. Uysal
Algorand:2697636797,SCHIZO#74,199829,Timor
Algorand:2697977018,SCHIZO#740,239646,J. Osabutey
Algorand:2697977251,SCHIZO#741,205343,J. Akpa Akpro
Algorand:2697977344,SCHIZO#742,230964,M. Santos
Algorand:2697977466,SCHIZO#743,242280,L. Ferguson
Algorand:2697977509,SCHIZO#744,192667,A. Nyom
Algorand:2697977615,SCHIZO#745,189143,S. Eriksson
Algorand:2697977707,SCHIZO#746,207439,L. Paredes
Algorand:2697977956,SCHIZO#747,234319,L. Travis
Algorand:2697978059,SCHIZO#748,185103,A. Kolarov
Algorand:2697978136,SCHIZO#749,185103,A. Kolarov
Algorand:2697636935,SCHIZO#75,155671,Ł. Trałka
Algorand:2697978486,SCHIZO#750,172756,T. Jodłowiec
Algorand:2697978659,SCHIZO#751,209062,P. Frick
Algorand:2697978736,SCHIZO#752,212419,T. Mings
Algorand:2697978946,SCHIZO#753,246387,M. Suárez
Algorand:2697979164,SCHIZO#754,252379,J. Burroughs
Algorand:2697979298,SCHIZO#755,195363,J. Bruma
Algorand:2697980284,SCHIZO#756,231886,A. Muyl
Algorand:2697980771,SCHIZO#757,244271,I. Šunjić
Algorand:2697981722,SCHIZO#758,217047,A. Godoy
Algorand:2697981820,SCHIZO#759,240699,N. De la Cruz
Algorand:2697637090,SCHIZO#76,205201,O. Yokuşlu
Algorand:2697981929,SCHIZO#760,215079,P. Pérez
Algorand:2697982103,SCHIZO#761,199027,J. Robinson
Algorand:2697982301,SCHIZO#762,223597,R. Aguilar
Algorand:2697982692,SCHIZO#763,205193,K. Rekik
Algorand:2697982739,SCHIZO#764,233068,Iván González
Algorand:2697982961,SCHIZO#765,171972,J. McArthur
Algorand:2697983110,SCHIZO#766,161805,V. Behrami
Algorand:2697983254,SCHIZO#767,236190,Roberto Soira
Algorand:2697983354,SCHIZO#768,230767,Renato Sanches
Algorand:2697983471,SCHIZO#769,169588,J. Evans
Algorand:2697637225,SCHIZO#77,236441,F. Bustos
Algorand:2697983557,SCHIZO#770,139860,J. Morel
Algorand:2697983670,SCHIZO#771,258343,F. Souček
Algorand:2697984305,SCHIZO#772,237051,M. Turay
Algorand:2697984541,SCHIZO#773,241569,D. Martínez
Algorand:2697984673,SCHIZO#774,235688,Lucas Veríssimo
Algorand:2697984770,SCHIZO#775,213097,Lucas Souza
Algorand:2697984838,SCHIZO#776,233943,Ronaldo Vieira
Algorand:2697984892,SCHIZO#777,236221,D. Brašanac
Algorand:2697985008,SCHIZO#778,204638,W. Orban
Algorand:2697985130,SCHIZO#779,230005,T. Davies
Algorand:2697637472,SCHIZO#78,211955,U. Taffertshofer
Algorand:2697985286,SCHIZO#780,222405,L. Kinsella
Algorand:2697985368,SCHIZO#781,203843,D. Suárez
Algorand:2697985474,SCHIZO#782,177509,M. Benatia
Algorand:2697985567,SCHIZO#783,189712,K. Strootman
Algorand:2697985723,SCHIZO#784,211784,N. Maupay
Algorand:2697985864,SCHIZO#785,232607,F. Formiliano
Algorand:2697986361,SCHIZO#786,211999,R. Khedira
Algorand:2697986482,SCHIZO#787,203487,J. Lascelles
Algorand:2697986540,SCHIZO#788,221860,C. Gruezo
Algorand:2697986633,SCHIZO#789,169216,S. Long
Algorand:2697637754,SCHIZO#79,213064,F. Calvo
Algorand:2697986771,SCHIZO#790,169708,S. Hutchinson
Algorand:2697986925,SCHIZO#791,177373,L. Nielsen
Algorand:2697987070,SCHIZO#792,205193,K. Rekik
Algorand:2697987180,SCHIZO#793,248297,A. Jahouh
Algorand:2697987324,SCHIZO#794,223597,R. Aguilar
Algorand:2697987504,SCHIZO#795,238332,E. Copetti
Algorand:2697987558,SCHIZO#796,203287,E. Harrison
Algorand:2697987656,SCHIZO#797,217699,I. Slimani
Algorand:2697987795,SCHIZO#798,180216,S. Coleman
Algorand:2697987934,SCHIZO#799,215144,E. Insúa
Algorand:2697625194,SCHIZO#8,219979,Janio Bikel
Algorand:2697637841,SCHIZO#80,225507,Pol Llonch
Algorand:2697988535,SCHIZO#800,253072,D. Núñez
Algorand:2697988630,SCHIZO#801,230375,Josué Chiamulera
Algorand:2697988757,SCHIZO#802,204542,Y. Yotún
Algorand:2697988829,SCHIZO#803,190518,F. Kastrati
Algorand:2697988921,SCHIZO#804,165229,L. Koscielny
Algorand:2697989043,SCHIZO#805,212910,A. Gnanduillet
Algorand:2697989164,SCHIZO#806,190156,Rubén Pérez
Algorand:2697989312,SCHIZO#807,184469,H. Arter
Algorand:2697989393,SCHIZO#808,224470,He Chao
Algorand:2697989443,SCHIZO#809,213092,S. Piette
Algorand:2697637946,SCHIZO#81,241607,T. Belmonte
Algorand:2697989546,SCHIZO#810,197655,S. Coates
Algorand:2697989611,SCHIZO#811,230457,Gabrisco Aníbal
Algorand:2697990362,SCHIZO#812,222405,L. Kinsella
Algorand:2697990463,SCHIZO#813,171972,J. McArthur
Algorand:2697990648,SCHIZO#814,206115,I. Hayden
Algorand:2697990758,SCHIZO#815,229788,Rubén Alcaraz
Algorand:2697991032,SCHIZO#816,204838,R. Jiménez
Algorand:2697991208,SCHIZO#817,246667,J. Novillo
Algorand:2697991324,SCHIZO#818,228419,M. Andersen
Algorand:2697991445,SCHIZO#819,190717,M. Antonio
Algorand:2697638809,SCHIZO#82,200758,L. Moore
Algorand:2697991572,SCHIZO#820,199829,Timor
Algorand:2697991881,SCHIZO#821,217940,D. Djené
Algorand:2697992519,SCHIZO#822,230197,Alexo Baia
Algorand:2697992644,SCHIZO#823,238072,E. Löwen
Algorand:2697993055,SCHIZO#824,199813,G. Trauner
Algorand:2697993305,SCHIZO#825,214837,M. Donoso
Algorand:2697993523,SCHIZO#826,239645,M. de los Santos
Algorand:2697993614,SCHIZO#827,213629,E. Pulgar
Algorand:2697993831,SCHIZO#828,199027,J. Robinson
Algorand:2697993929,SCHIZO#829,260235,M. Diambou
Algorand:2697638931,SCHIZO#83,184183,S. Dewaest
Algorand:2697994042,SCHIZO#830,205895,A. Ring
Algorand:2697994581,SCHIZO#831,251127,F. Torrent
Algorand:2697994762,SCHIZO#832,216460,J. Giménez
Algorand:2697994980,SCHIZO#833,241970,H. Delbridge
Algorand:2697995041,SCHIZO#834,225161,Vallejo
Algorand:2697995162,SCHIZO#835,218623,Cafú
Algorand:2697995246,SCHIZO#836,251611,G. Fernández
Algorand:2697995319,SCHIZO#837,236547,J. Sýkora
Algorand:2697995423,SCHIZO#838,225995,P. Stojanović
Algorand:2697995596,SCHIZO#839,201377,J. Murillo
Algorand:2697639096,SCHIZO#84,199986,Arbilla
Algorand:2697995715,SCHIZO#840,243414,B. Williams
Algorand:2697996178,SCHIZO#841,191055,Dídac Vilà
Algorand:2697996486,SCHIZO#842,183394,M. Sissoko
Algorand:2697996636,SCHIZO#843,235424,D. Samassékou
Algorand:2697996712,SCHIZO#844,224081,K. Phillips
Algorand:2697996854,SCHIZO#845,200752,Juan Jesus
Algorand:2697996973,SCHIZO#846,142762,J. Bottinelli
Algorand:2697997183,SCHIZO#847,189280,A. Westwood
Algorand:2697997310,SCHIZO#848,199813,G. Trauner
Algorand:2697997381,SCHIZO#849,203864,B. Zuculini
Algorand:2697639267,SCHIZO#85,244563,C. MacPherson
Algorand:2697997731,SCHIZO#850,214158,Y. Gordillo
Algorand:2697998199,SCHIZO#851,189167,A. Gunnarsson
Algorand:2697998707,SCHIZO#852,241058,R. Callachan
Algorand:2697998828,SCHIZO#853,214770,D. González
Algorand:2697998953,SCHIZO#854,173546,J. Tomkins
Algorand:2697999030,SCHIZO#855,235243,M. de Ligt
Algorand:2697999195,SCHIZO#856,213106,R. Sigurjónsson
Algorand:2697999264,SCHIZO#857,214158,Y. Gordillo
Algorand:2697999349,SCHIZO#858,199206,D. Vida
Algorand:2697999434,SCHIZO#859,217940,D. Djené
Algorand:2697639355,SCHIZO#86,198150,Guerrero
Algorand:2697999540,SCHIZO#860,247204,Emerson
Algorand:2698000228,SCHIZO#861,241043,G. Freitas
Algorand:2698000354,SCHIZO#862,230375,Josué Chiamulera
Algorand:2698000514,SCHIZO#863,259607,F. Alonso
Algorand:2698000606,SCHIZO#864,226536,O. Colley
Algorand:2698000733,SCHIZO#865,185010,M. Pazdan
Algorand:2698000910,SCHIZO#866,199739,Josué
Algorand:2698001003,SCHIZO#867,238346,H. Mendyl
Algorand:2698001289,SCHIZO#868,224265,J. Williams
Algorand:2698001465,SCHIZO#869,180216,S. Coleman
Algorand:2697639489,SCHIZO#87,246560,D. Popa
Algorand:2698001669,SCHIZO#870,205594,Dener
Algorand:2698001751,SCHIZO#871,190492,J. Labadie
Algorand:2698001902,SCHIZO#872,190671,M. Frantz
Algorand:2698002013,SCHIZO#873,198538,B. Paulsen
Algorand:2698002552,SCHIZO#874,220782,M. Ilaimaharitra
Algorand:2698002678,SCHIZO#875,198490,A. Faltsetas
Algorand:2698002821,SCHIZO#876,232358,Judson
Algorand:2698002975,SCHIZO#877,230445,Rodolfo Pittaça
Algorand:2698003063,SCHIZO#878,241585,Igor
Algorand:2698003176,SCHIZO#879,169498,J. Garner
Algorand:2697639563,SCHIZO#88,230349,Rodrigo Vuarte
Algorand:2698003244,SCHIZO#880,217085,V. García
Algorand:2698003335,SCHIZO#881,226677,J. Bacuna
Algorand:2698003412,SCHIZO#882,203067,D. Chará
Algorand:2698003609,SCHIZO#883,230379,Vieirundinho
Algorand:2698003711,SCHIZO#884,230233,Paolinho Leima
Algorand:2698003828,SCHIZO#885,188145,A. El Kaoutari
Algorand:2698003901,SCHIZO#886,199813,G. Trauner
Algorand:2698003972,SCHIZO#887,230379,Vieirundinho
Algorand:2698004069,SCHIZO#888,187607,A. Dzyuba
Algorand:2698004506,SCHIZO#889,173671,K. McFadzean
Algorand:2697639723,SCHIZO#89,209744,E. Mena
Algorand:2698004786,SCHIZO#890,184789,Á. Szalai
Algorand:2698004909,SCHIZO#891,202935,Álvaro
Algorand:2698004990,SCHIZO#892,209062,P. Frick
Algorand:2698005099,SCHIZO#893,211272,C. Corvalán
Algorand:2698005250,SCHIZO#894,229261,D. Zakaria
Algorand:2698005385,SCHIZO#895,221373,M. Al Saiari
Algorand:2698005455,SCHIZO#896,228419,M. Andersen
Algorand:2698005516,SCHIZO#897,220862,J. Hugill
Algorand:2698005634,SCHIZO#898,216813,Bruno Henrique
Algorand:2698005692,SCHIZO#899,188377,K. Walker
Algorand:2697625289,SCHIZO#9,167841,C. Maguire
Algorand:2697639866,SCHIZO#90,219683,C. Tolisso
Algorand:2698005773,SCHIZO#900,229466,C. Martínez
Algorand:2698005876,SCHIZO#901,198426,G. Castellani
Algorand:2698006091,SCHIZO#902,236190,Roberto Soira
Algorand:2698006220,SCHIZO#903,199576,Oriol Romeu
Algorand:2698006778,SCHIZO#904,223498,E. Cecchini
Algorand:2698006966,SCHIZO#905,238479,Renê Santos
Algorand:2698007120,SCHIZO#906,201966,A. Søderlund
Algorand:2698007233,SCHIZO#907,204043,E. Dilaver
Algorand:2698007305,SCHIZO#908,199157,Luna
Algorand:2698007373,SCHIZO#909,204760,C. Taylor
Algorand:2697639952,SCHIZO#91,224396,Y. Gómez Andrade
Algorand:2698007499,SCHIZO#910,233841,C. Cuesta
Algorand:2698007557,SCHIZO#911,212190,N. Süle
Algorand:2698007645,SCHIZO#912,205686,T. Savanier
Algorand:2698007734,SCHIZO#913,222889,L. Acevedo
Algorand:2698007862,SCHIZO#914,244563,C. MacPherson
Algorand:2698007971,SCHIZO#915,233029,R. Aliendro
Algorand:2698008164,SCHIZO#916,183285,M. Sakho
Algorand:2698008220,SCHIZO#917,184477,K. Papadopoulos
Algorand:2698008305,SCHIZO#918,215135,L. Sigali
Algorand:2698008377,SCHIZO#919,203624,O. Vranješ
Algorand:2697640071,SCHIZO#92,248318,M. Rahman
Algorand:2698009014,SCHIZO#920,214323,G. Celis
Algorand:2698009237,SCHIZO#921,231318,R. Perraud
Algorand:2698009412,SCHIZO#922,248831,M. Diaby
Algorand:2698009508,SCHIZO#923,229391,Palhinha
Algorand:2698009582,SCHIZO#924,210897,C. Mbemba
Algorand:2698009690,SCHIZO#925,251775,Paulinho
Algorand:2698009784,SCHIZO#926,240130,Éder Militão
Algorand:2698009970,SCHIZO#927,169595,D. Rose
Algorand:2698010096,SCHIZO#928,190671,M. Frantz
Algorand:2698010186,SCHIZO#929,224081,K. Phillips
Algorand:2697640521,SCHIZO#93,190962,T. Aldred
Algorand:2698010321,SCHIZO#930,262426,M. Aidara
Algorand:2698010365,SCHIZO#931,247910,A. Răuță
Algorand:2698010484,SCHIZO#932,203979,M. Bakalorz
Algorand:2698011013,SCHIZO#933,198489,J. McClean
Algorand:2698011154,SCHIZO#934,183711,J. Henderson
Algorand:2698011298,SCHIZO#935,228236,S. Deli
Algorand:2698011383,SCHIZO#936,200677,Pedro Mendes
Algorand:2698011549,SCHIZO#937,240033,D. Hovorka
Algorand:2698011612,SCHIZO#938,230225,Juiano Mestres
Algorand:2698011689,SCHIZO#939,200752,Juan Jesus
Algorand:2697640642,SCHIZO#94,208030,B. Fofana
Algorand:2698011757,SCHIZO#940,243956,J. Vuković
Algorand:2698011962,SCHIZO#941,221322,E. O'Connell
Algorand:2698012079,SCHIZO#942,189156,Daniel Carriço
Algorand:2698012197,SCHIZO#943,239608,Glauder
Algorand:2698012266,SCHIZO#944,188768,Serey Dié
Algorand:2698012353,SCHIZO#945,190671,M. Frantz
Algorand:2698012915,SCHIZO#946,192667,A. Nyom
Algorand:2698013055,SCHIZO#947,235688,Lucas Veríssimo
Algorand:2698013268,SCHIZO#948,186801,C. Kouyaté
Algorand:2698013317,SCHIZO#949,189156,Daniel Carriço
Algorand:2697640752,SCHIZO#95,245158,L. Suárez
Algorand:2698013389,SCHIZO#950,239504,J. Gordon
Algorand:2698013470,SCHIZO#951,217235,Zainadine
Algorand:2698013581,SCHIZO#952,190547,K. Glik
Algorand:2698013748,SCHIZO#953,233029,R. Aliendro
Algorand:2698013824,SCHIZO#954,233943,Ronaldo Vieira
Algorand:2698013937,SCHIZO#955,201208,D. Henry
Algorand:2698014030,SCHIZO#956,203979,M. Bakalorz
Algorand:2698014407,SCHIZO#957,245021,M. Loum
Algorand:2698014765,SCHIZO#958,224311,F. Børsting
Algorand:2698014992,SCHIZO#959,187961,Paulinho
Algorand:2697640856,SCHIZO#96,190875,J. Kucka
Algorand:2698015062,SCHIZO#960,247910,A. Răuță
Algorand:2698015143,SCHIZO#961,171087,Bolaño
Algorand:2698015254,SCHIZO#962,230451,Dinei Peixo
Algorand:2698015354,SCHIZO#963,224396,Y. Gómez Andrade
Algorand:2698015443,SCHIZO#964,239608,Glauder
Algorand:2698015553,SCHIZO#965,230388,Davi Parrela
Algorand:2698015617,SCHIZO#966,222553,S. Griesbeck
Algorand:2698015732,SCHIZO#967,217235,Zainadine
Algorand:2698016274,SCHIZO#968,184271,Y. Sankharé
Algorand:2698016373,SCHIZO#969,213711,A. Rocha
Algorand:2697641072,SCHIZO#97,190156,Rubén Pérez
Algorand:2698016575,SCHIZO#970,189127,S. Aziz
Algorand:2698016641,SCHIZO#971,225193,Merino
Algorand:2698016742,SCHIZO#972,225555,A. Oğuz
Algorand:2698016846,SCHIZO#973,202849,J. Vestergaard
Algorand:2698016903,SCHIZO#974,244470,V. Coufal
Algorand:2698017037,SCHIZO#975,230379,Vieirundinho
Algorand:2698017109,SCHIZO#976,162221,F. Haroun
Algorand:2698017252,SCHIZO#977,182094,Qin Sheng
Algorand:2698017320,SCHIZO#978,239053,F. Valverde
Algorand:2698017856,SCHIZO#979,215079,P. Pérez
Algorand:2697641141,SCHIZO#98,192989,F. Përdedaj
Algorand:2698017995,SCHIZO#980,183285,M. Sakho
Algorand:2698018192,SCHIZO#981,263028,B. Okoh
Algorand:2698018349,SCHIZO#982,229391,Palhinha
Algorand:2698018421,SCHIZO#983,202864,N. Peñailillo
Algorand:2698018499,SCHIZO#984,178518,R. Nainggolan
Algorand:2698018667,SCHIZO#985,229179,C. Tabó
Algorand:2698018772,SCHIZO#986,205632,L. Ocampos
Algorand:2698018852,SCHIZO#987,246335,F. Navarro
Algorand:2698018922,SCHIZO#988,239890,O. Kabak
Algorand:2698019013,SCHIZO#989,190577,S. Blanco
Algorand:2697641269,SCHIZO#99,208432,T. Pettersson
Algorand:2698019573,SCHIZO#990,229882,Eduardo Henrique
Algorand:2698019667,SCHIZO#991,212231,Tobias Figueiredo
Algorand:2698019902,SCHIZO#992,189910,C. Main
Algorand:2698019987,SCHIZO#993,138956,G. Chiellini
Algorand:2698020040,SCHIZO#994,240665,C. Moros Gracia
Algorand:2698020136,SCHIZO#995,232580,Gabriel
Algorand:2698020202,SCHIZO#996,234725,I. Doumbia
Algorand:2698020332,SCHIZO#997,240926,N. Phillips
Algorand:2698020403,SCHIZO#998,205073,F. Kiss
Algorand:2698020504,SCHIZO#999,229773,G. Dzhikiya
Algorand:3611903062,Schnoz #0001,190765,P. Groß
Algorand:3611903172,Schnoz #0002,225508,E. Bailly
Algorand:3611903373,Schnoz #0003,212404,F. Bernardeschi
Algorand:3611903627,Schnoz #0004,194209,Y. El Arabi
Algorand:3611903741,Schnoz #0005,188103,Rochina
Algorand:3611903809,Schnoz #0006,194934,Dani Jiménez
Algorand:3611904114,Schnoz #0007,204549,D. Roef
Algorand:3611904152,Schnoz #0008,193338,M. Destro
Algorand:3611904208,Schnoz #0009,215449,R. Skov
Algorand:3611907020,Schnoz #0010,234341,İ. Eğribayat
Algorand:3611907944,Schnoz #0011,236610,M. Kean
Algorand:3611908084,Schnoz #0012,211320,D. Rugani
Algorand:3611908194,Schnoz #0013,231633,I. Diop
Algorand:3611909803,Schnoz #0014,197837,D. Boyata
Algorand:3611910838,Schnoz #0015,190734,G. Makaridze
Algorand:3611911827,Schnoz #0016,232144,F. Uduokhai
Algorand:3611912514,Schnoz #0017,241788,M. Taremi
Algorand:3611912842,Schnoz #0018,220085,L. Waldschmidt
Algorand:3611913056,Schnoz #0019,178415,R. Vormer
Algorand:3611913242,Schnoz #0020,225719,K. Iheanacho
Algorand:3611913769,Schnoz #0021,189805,L. de Jong
Algorand:3611913951,Schnoz #0022,229880,A. Wan-Bissaka
Algorand:3611914169,Schnoz #0023,224196,R. Bensebaini
Algorand:3611915381,Schnoz #0024,186569,S. Ulreich
Algorand:3611915955,Schnoz #0025,188103,Rochina
Algorand:3611917003,Schnoz #0026,189513,Parejo
Algorand:3611917320,Schnoz #0027,146758,Soldado
Algorand:3611917382,Schnoz #0028,164459,S. Larsson
Algorand:3611917615,Schnoz #0029,162328,R. Pasveer
Algorand:3611917852,Schnoz #0030,192317,J. Steer
Algorand:3611920132,Schnoz #0031,223898,P. Bernardoni
Algorand:3611921299,Schnoz #0032,192598,Ai Kesen
Algorand:3611921592,Schnoz #0033,215064,J. Furch
Algorand:3611922389,Schnoz #0034,222729,Gustavo
Algorand:3611922843,Schnoz #0035,152912,J. Sand
Algorand:3611922959,Schnoz #0036,201455,G. Kondogbia
Algorand:3611923176,Schnoz #0037,208045,O. Tannane
Algorand:3611923272,Schnoz #0038,243630,J. David
Algorand:3611923447,Schnoz #0039,228520,E. Ávila
Algorand:3611923508,Schnoz #0040,185103,A. Kolarov
Algorand:3611923699,Schnoz #0041,188044,A Lan
Algorand:3611923860,Schnoz #0042,246186,Arthur Cabral
Algorand:3611923988,Schnoz #0043,220131,M. Diagne
Algorand:3611924143,Schnoz #0044,209519,G. Laborde
Algorand:3611924234,Schnoz #0045,232665,M. Arambarri
Algorand:3611924418,Schnoz #0046,222562,R. Rúnarsson
Algorand:3611924504,Schnoz #0047,223113,K. Piątek
Algorand:3611924739,Schnoz #0048,138703,A. D'Alessandro
Algorand:3611924846,Schnoz #0049,205431,N. Füllkrug
Algorand:3611924928,Schnoz #0050,214350,M. Rangel
Algorand:3611925098,Schnoz #0051,240091,G. Vicario
Algorand:3611925165,Schnoz #0052,161663,S. Viera
Algorand:3611925198,Schnoz #0053,194781,Renan Ribeiro
Algorand:3611925345,Schnoz #0054,212198,Bruno Fernandes
Algorand:3611925664,Schnoz #0055,193105,A. Areola
Algorand:3611925798,Schnoz #0056,197641,B. Leroy
Algorand:3611925876,Schnoz #0057,200318,M. Uth
Algorand:3611925943,Schnoz #0058,225844,D. Verde
Algorand:3611926121,Schnoz #0059,189125,G. Bonaventura
Algorand:3611926168,Schnoz #0060,231628,Rafa Mir
Algorand:3611926247,Schnoz #0061,157960,Manuel Fernandes
Algorand:3611926405,Schnoz #0062,203263,H. Maguire
Algorand:3611926558,Schnoz #0063,201145,M. Le Bihan
Algorand:3611926604,Schnoz #0064,184703,L. Montes
Algorand:3611926802,Schnoz #0065,239301,L. Martínez
Algorand:3611926848,Schnoz #0066,189084,E. Room
Algorand:3611926905,Schnoz #0067,239837,A. Mac Allister
Algorand:3611927063,Schnoz #0068,220673,R. Tapia
Algorand:3611927127,Schnoz #0069,206307,J. Frick
Algorand:3611927478,Schnoz #0070,182495,M. Cáceres
Algorand:3611927563,Schnoz #0071,231628,Rafa Mir
Algorand:3611927607,Schnoz #0072,202935,Álvaro
Algorand:3611927763,Schnoz #0073,164484,J. Dahlin
Algorand:3611927876,Schnoz #0074,229406,João Novais
Algorand:3611927954,Schnoz #0075,219836,Rubén Yáñez
Algorand:3611928156,Schnoz #0076,178007,Miguel Veloso
Algorand:3611928203,Schnoz #0077,230182,Lucas Mantela
Algorand:3611928333,Schnoz #0078,225701,P. Gallese
Algorand:3611928378,Schnoz #0079,228295,R. Holding
Algorand:3611928656,Schnoz #0080,229091,B. Peacock-Farrell
Algorand:3611928876,Schnoz #0081,201377,J. Murillo
Algorand:3611928917,Schnoz #0082,199561,Nolito
Algorand:3611928988,Schnoz #0083,215399,Rúben Vezo
Algorand:3611929026,Schnoz #0084,215689,A. Petagna
Algorand:3611929085,Schnoz #0085,239335,Óscar
Algorand:3611929144,Schnoz #0086,143587,F. Belluschi
Algorand:3611929201,Schnoz #0087,192297,G. Arlauskis
Algorand:3611929314,Schnoz #0088,222729,Gustavo
Algorand:3611929400,Schnoz #0089,228173,Ricardo Lopes
Algorand:3611929446,Schnoz #0090,215531,D. Türüç
Algorand:3611929482,Schnoz #0091,225711,A. Diallo
Algorand:3611929572,Schnoz #0092,206534,P. Bamford
Algorand:3611929608,Schnoz #0093,229773,G. Dzhikiya
Algorand:3611929687,Schnoz #0094,250939,D. Stipica
Algorand:3611929765,Schnoz #0095,190435,Tomeu Nadal
Algorand:3611929814,Schnoz #0096,212382,P. Onuachu
Algorand:3611929858,Schnoz #0097,231628,Rafa Mir
Algorand:3611929917,Schnoz #0098,230312,Gabri Prestão
Algorand:3611929980,Schnoz #0099,219637,Cantero
Algorand:3611930363,Schnoz #0100,179560,M. Sulejmani
Algorand:3611930419,Schnoz #0101,202201,J. Gouweleeuw
Algorand:3611930544,Schnoz #0102,208165,B. Djimsiti
Algorand:3611931011,Schnoz #0103,206529,F. Boli
Algorand:3611931084,Schnoz #0104,211361,D. Cataldi
Algorand:3611931230,Schnoz #0105,206651,Roberto Torres
Algorand:3611931321,Schnoz #0106,177633,Ángel
Algorand:3611931360,Schnoz #0107,221697,O. Watkins
Algorand:3611931462,Schnoz #0108,221174,M. Oršić
Algorand:3611931629,Schnoz #0109,178224,J. Hernández
Algorand:3611931691,Schnoz #0110,221491,N. Elvedi
Algorand:3611931772,Schnoz #0111,173432,H. Moreno
Algorand:3611931815,Schnoz #0112,206467,A. Plea
Algorand:3611931903,Schnoz #0113,223816,J. Rodríguez
Algorand:3611931960,Schnoz #0114,238476,D. Zagadou
Algorand:3611932052,Schnoz #0115,230379,Vieirundinho
Algorand:3611932104,Schnoz #0116,202201,J. Gouweleeuw
Algorand:3611932285,Schnoz #0117,182224,Wang Dalei
Algorand:3611932645,Schnoz #0118,225341,David García
Algorand:3611933126,Schnoz #0119,220131,M. Diagne
Algorand:3611933432,Schnoz #0120,178509,O. Giroud
Algorand:3611933560,Schnoz #0121,206577,S. Peeters
Algorand:3611933648,Schnoz #0122,189682,B. Mee
Algorand:3611933751,Schnoz #0123,228520,E. Ávila
Algorand:3611933824,Schnoz #0124,212242,R. Andrich
Algorand:3611933931,Schnoz #0125,164459,S. Larsson
Algorand:3611934034,Schnoz #0126,215531,D. Türüç
Algorand:3611934160,Schnoz #0127,143587,F. Belluschi
Algorand:3611934241,Schnoz #0128,192342,E. Cardona
Algorand:3611934313,Schnoz #0129,175379,Pedro León
Algorand:3611934360,Schnoz #0130,194730,Juan Carlos
Algorand:3611934488,Schnoz #0131,233866,O. Edouard
Algorand:3611934558,Schnoz #0132,206534,P. Bamford
Algorand:3611934732,Schnoz #0133,230180,Adrizinho Bastos
Algorand:3611934791,Schnoz #0134,248695,W. Fofana
Algorand:3611934874,Schnoz #0135,199561,Nolito
Algorand:3611934938,Schnoz #0136,224146,Jesús Imaz
Algorand:3611934974,Schnoz #0137,221697,O. Watkins
Algorand:3611935112,Schnoz #0138,225659,G. Rodríguez
Algorand:3611935177,Schnoz #0139,175254,F. Caicedo
Algorand:3611935515,Schnoz #0140,239207,M. Gómez
Algorand:3611935771,Schnoz #0141,237942,P. Estupiñán
Algorand:3611935925,Schnoz #0142,192984,K. Casteels
Algorand:3611935988,Schnoz #0143,214169,W. Tesillo
Algorand:3611936017,Schnoz #0144,204935,J. Pickford
Algorand:3611936143,Schnoz #0145,221697,O. Watkins
Algorand:3611936212,Schnoz #0146,212623,Santi Mina
Algorand:3611936267,Schnoz #0147,229406,João Novais
Algorand:3611936343,Schnoz #0148,193290,M. Braithwaite
Algorand:3611936486,Schnoz #0149,170890,B. Matuidi
Algorand:3611936833,Schnoz #0150,188335,A. Budimir
Algorand:3611937153,Schnoz #0151,178007,Miguel Veloso
Algorand:3611937338,Schnoz #0152,224293,Rúben Neves
Algorand:3611937603,Schnoz #0153,188335,A. Budimir
Algorand:3611937913,Schnoz #0154,232665,M. Arambarri
Algorand:3611938063,Schnoz #0155,222493,M. Friedrich
Algorand:3611938108,Schnoz #0156,242577,R. Faivre
Algorand:3611938211,Schnoz #0157,164459,S. Larsson
Algorand:3611938868,Schnoz #0158,230212,Antônio Chiamuloira
Algorand:3611939379,Schnoz #0159,192397,Rafael
Algorand:3611939636,Schnoz #0160,190113,M. Günok
Algorand:3611939824,Schnoz #0161,235173,I. Sangaré
Algorand:3611940036,Schnoz #0162,235410,Y. En-Nesyri
Algorand:3611940209,Schnoz #0163,212242,R. Andrich
Algorand:3611940404,Schnoz #0164,143121,J. Sosa
Algorand:3611940513,Schnoz #0165,198176,S. de Vrij
Algorand:3611940682,Schnoz #0166,235947,J. Brunetta
Algorand:3611940740,Schnoz #0167,230498,Luimo Boas Santos
Algorand:3611940890,Schnoz #0168,219823,G. Mastriani
Algorand:3611941120,Schnoz #0169,198640,Z. Labyad
Algorand:3611941247,Schnoz #0170,199354,Lucas Pérez
Algorand:3611941310,Schnoz #0171,229773,G. Dzhikiya
Algorand:3611941417,Schnoz #0172,173608,Joselu
Algorand:3611941500,Schnoz #0173,220793,D. Sánchez
Algorand:3611941611,Schnoz #0174,180216,S. Coleman
Algorand:3611941706,Schnoz #0175,245037,Eric García
Algorand:3611941757,Schnoz #0176,206413,T. Stepanenko
Algorand:3611941825,Schnoz #0177,159261,F. Quagliarella
Algorand:3611941946,Schnoz #0178,239956,M. Boadu
Algorand:3611942005,Schnoz #0179,185103,A. Kolarov
Algorand:3611942289,Schnoz #0180,239335,Óscar
Algorand:3611942369,Schnoz #0181,143121,J. Sosa
Algorand:3611942423,Schnoz #0182,157481,Raúl Albiol
Algorand:3611942519,Schnoz #0183,213729,S. Rossbach
Algorand:3611942629,Schnoz #0184,251809,S. Botman
Algorand:3611942784,Schnoz #0185,199568,K. Lamprou
Algorand:3611942952,Schnoz #0186,163050,B. Sharp
Algorand:3611943513,Schnoz #0187,184484,G. Sigurðsson
Algorand:3611943706,Schnoz #0188,198140,R. Funes Mori
Algorand:3611943781,Schnoz #0189,241202,P. Daka
Algorand:3611943863,Schnoz #0190,229542,A. Desmas
Algorand:3611943922,Schnoz #0191,148119,I. Akinfeev
Algorand:3611943959,Schnoz #0192,235688,Lucas Veríssimo
Algorand:3611944027,Schnoz #0193,184484,G. Sigurðsson
Algorand:3611944089,Schnoz #0194,239335,Óscar
Algorand:3611944126,Schnoz #0195,20775,Quaresma
Algorand:3611944214,Schnoz #0196,217940,D. Djené
Algorand:3611944297,Schnoz #0197,198946,D. D'Ambrosio
Algorand:3611944348,Schnoz #0198,143598,L. Pocrnjic
Algorand:3611944496,Schnoz #0199,190765,P. Groß
Algorand:3611944625,Schnoz #0200,215069,R. Rey
Algorand:3611944672,Schnoz #0201,188103,Rochina
Algorand:3611944850,Schnoz #0202,185431,N. Kalinić
Algorand:3611944944,Schnoz #0203,146758,Soldado
Algorand:3611944991,Schnoz #0204,201377,J. Murillo
Algorand:3611945204,Schnoz #0205,143587,F. Belluschi
Algorand:3611945326,Schnoz #0206,211361,D. Cataldi
Algorand:3611945505,Schnoz #0207,229683,Rodrigo Pinho
Algorand:3611945652,Schnoz #0208,214190,L. Castellanos
Algorand:3611945722,Schnoz #0209,178086,Adán
Algorand:3611946109,Schnoz #0210,228295,R. Holding
Algorand:3611946495,Schnoz #0211,223994,S. Mugoša
Algorand:3611946617,Schnoz #0212,251809,S. Botman
Algorand:3611946686,Schnoz #0213,225263,D. Ćaleta-Car
Algorand:3611946840,Schnoz #0214,202201,J. Gouweleeuw
Algorand:3611946931,Schnoz #0215,205452,A. Rüdiger
Algorand:3611947243,Schnoz #0216,208045,O. Tannane
Algorand:3611947294,Schnoz #0217,240753,A. Gouiri
Algorand:3611947499,Schnoz #0218,188103,Rochina
Algorand:3611947753,Schnoz #0219,168651,I. Rakitić
Algorand:3611947842,Schnoz #0220,229773,G. Dzhikiya
Algorand:3611947998,Schnoz #0221,179560,M. Sulejmani
Algorand:3611948223,Schnoz #0222,193348,X. Shaqiri
Algorand:3611948493,Schnoz #0223,204842,Y. Brecher
Algorand:3611948626,Schnoz #0224,205923,B. Davies
Algorand:3611948777,Schnoz #0225,194806,C. Dawson
Algorand:3611948846,Schnoz #0226,206003,Y. Mvogo
Algorand:3611948967,Schnoz #0227,189224,Júnior Negão
Algorand:3611949104,Schnoz #0228,244067,M. Lacroix
Algorand:3611949270,Schnoz #0229,230315,Ailton Cardenhas
Algorand:3611949347,Schnoz #0230,212622,J. Kimmich
Algorand:3611949652,Schnoz #0231,238160,M. Demiral
Algorand:3611949958,Schnoz #0232,188335,A. Budimir
Algorand:3611950011,Schnoz #0233,189068,B. Dost
Algorand:3611950118,Schnoz #0234,223249,G. Arias
Algorand:3611950161,Schnoz #0235,203038,Lucas Piazón
Algorand:3611950293,Schnoz #0236,180216,S. Coleman
Algorand:3611950608,Schnoz #0237,158777,P. Tschauner
Algorand:3611950771,Schnoz #0238,244263,A. Rrahmani
Algorand:3611950813,Schnoz #0239,138703,A. D'Alessandro
Algorand:3611950951,Schnoz #0240,224041,M. Schwäbe
Algorand:3611951145,Schnoz #0241,155862,Sergio Ramos
Algorand:3611951434,Schnoz #0242,184703,L. Montes
Algorand:3611951585,Schnoz #0243,236506,M. Senesi
Algorand:3611951652,Schnoz #0244,232580,Gabriel
Algorand:3611951773,Schnoz #0245,205878,S. Kapino
Algorand:3611951869,Schnoz #0246,164835,Ł. Fabiański
Algorand:3611952139,Schnoz #0247,224254,C. Pavón
Algorand:3611952240,Schnoz #0248,216643,L. Dubois
Algorand:3611952452,Schnoz #0249,193525,Mário Fernandes
Algorand:3611952963,Schnoz #0250,212260,Hwang Ui Jo
Algorand:3611953096,Schnoz #0251,197837,D. Boyata
Algorand:3611953173,Schnoz #0252,212260,Hwang Ui Jo
Algorand:3611953394,Schnoz #0253,227536,M. Marega
Algorand:3611953480,Schnoz #0254,190113,M. Günok
Algorand:3611953785,Schnoz #0255,223671,S. Posch
Algorand:3611954038,Schnoz #0256,205923,B. Davies
Algorand:3611954273,Schnoz #0257,200212,M. Esser
Algorand:3611954431,Schnoz #0258,212207,N. Stanciu
Algorand:3611954740,Schnoz #0259,212623,Santi Mina
Algorand:3611955063,Schnoz #0260,244426,B. Lednev
Algorand:3611955359,Schnoz #0261,241461,Ferran Torres
Algorand:3611955516,Schnoz #0262,230212,Antônio Chiamuloira
Algorand:3611955661,Schnoz #0263,189068,B. Dost
Algorand:3611955780,Schnoz #0264,190362,T. Pukki
Algorand:3611955963,Schnoz #0265,186307,M. Fabián
Algorand:3611956063,Schnoz #0266,228687,K. Dolberg
Algorand:3611956190,Schnoz #0267,194022,André Almeida
Algorand:3611956223,Schnoz #0268,228173,Ricardo Lopes
Algorand:3611956341,Schnoz #0269,197641,B. Leroy
Algorand:3611956419,Schnoz #0270,241686,Manu Vallejo
Algorand:3611956484,Schnoz #0271,200110,M. Bizot
Algorand:3611956925,Schnoz #0272,197445,D. Alaba
Algorand:3611957045,Schnoz #0273,201455,G. Kondogbia
Algorand:3611957176,Schnoz #0274,247257,Ibañez
Algorand:3611957256,Schnoz #0275,230318,Nelsildo Reis
Algorand:3611957329,Schnoz #0276,241119,Dani Martín
Algorand:3611957383,Schnoz #0277,206577,S. Peeters
Algorand:3611957443,Schnoz #0278,163050,B. Sharp
Algorand:3611957471,Schnoz #0279,219809,T. Bakayoko
Algorand:3611957510,Schnoz #0280,200698,N. Marsman
Algorand:3611957546,Schnoz #0281,230379,Vieirundinho
Algorand:3611957667,Schnoz #0282,228520,E. Ávila
Algorand:3611957791,Schnoz #0283,236772,D. Szoboszlai
Algorand:3611957863,Schnoz #0284,177621,F. Rodríguez
Algorand:3611957979,Schnoz #0285,194022,André Almeida
Algorand:3611958067,Schnoz #0286,240311,L. Zidane
Algorand:3611958166,Schnoz #0287,233486,R. Le Normand
Algorand:3611958222,Schnoz #0288,211022,Rubén García
Algorand:3611958266,Schnoz #0289,226285,R. Gudiño
Algorand:3611958334,Schnoz #0290,250939,D. Stipica
Algorand:3611958488,Schnoz #0291,215064,J. Furch
Algorand:3611958650,Schnoz #0292,214169,W. Tesillo
Algorand:3611958783,Schnoz #0293,146758,Soldado
Algorand:3611958896,Schnoz #0294,231633,I. Diop
Algorand:3611959068,Schnoz #0295,185195,O. Ighalo
Algorand:3611959163,Schnoz #0296,208045,O. Tannane
Algorand:3611959389,Schnoz #0297,229406,João Novais
Algorand:3611959442,Schnoz #0298,235688,Lucas Veríssimo
Algorand:3611959487,Schnoz #0299,220477,M. Caldara
Algorand:3611959600,Schnoz #0300,178088,Juan Mata
Algorand:3611959648,Schnoz #0301,217097,R. Otero
Algorand:3611959743,Schnoz #0302,221841,A. Armstrong
Algorand:3611959810,Schnoz #0303,146758,Soldado
Algorand:3611959940,Schnoz #0304,184087,T. Alderweireld
Algorand:3611959989,Schnoz #0305,233486,R. Le Normand
Algorand:3611960085,Schnoz #0306,232432,L. Jović
Algorand:3611960277,Schnoz #0307,165229,L. Koscielny
Algorand:3611960315,Schnoz #0308,225844,D. Verde
Algorand:3611960382,Schnoz #0309,215064,J. Furch
Algorand:3611960472,Schnoz #0310,163925,A. Diamanti
Algorand:3611960616,Schnoz #0311,239744,M. Cuisance
Algorand:3611960675,Schnoz #0312,200318,M. Uth
Algorand:3611960875,Schnoz #0313,190584,Illarramendi
Algorand:3611961033,Schnoz #0314,167948,H. Lloris
Algorand:3611961119,Schnoz #0315,181820,S. Jovetić
Algorand:3611961174,Schnoz #0316,239956,M. Boadu
Algorand:3611961311,Schnoz #0317,194806,C. Dawson
Algorand:3611961449,Schnoz #0318,172114,D. Valeri
Algorand:3611961615,Schnoz #0319,188103,Rochina
Algorand:3611961726,Schnoz #0320,230234,Everton Andrão
Algorand:3611961905,Schnoz #0321,246430,D. Vlahović
Algorand:3611961955,Schnoz #0322,212623,Santi Mina
Algorand:3611962106,Schnoz #0323,246242,B. Dia
Algorand:3611962237,Schnoz #0324,184484,G. Sigurðsson
Algorand:3611962292,Schnoz #0325,225359,C. Budescu
Algorand:3611962357,Schnoz #0326,239342,H. Koffi
Algorand:3611962561,Schnoz #0327,251408,S. Nurković
Algorand:3611962720,Schnoz #0328,242577,R. Faivre
Algorand:3611962963,Schnoz #0329,227536,M. Marega
Algorand:3611963069,Schnoz #0330,170368,E. Lamela
Algorand:3611963237,Schnoz #0331,204549,D. Roef
Algorand:3611963328,Schnoz #0332,201145,M. Le Bihan
Algorand:3611963380,Schnoz #0333,193786,F. Bardi
Algorand:3611963585,Schnoz #0334,49000,A. McGregor
Algorand:3611963753,Schnoz #0335,193469,Víctor Ruiz
Algorand:3611963888,Schnoz #0336,236772,D. Szoboszlai
Algorand:3611963956,Schnoz #0337,199914,Allan
Algorand:3611964303,Schnoz #0338,214097,B. Bourigeaud
Algorand:3611964394,Schnoz #0339,218717,G. Mhango
Algorand:3611964689,Schnoz #0340,182494,F. Muslera
Algorand:3611964858,Schnoz #0341,237239,E. Bardhi
Algorand:3611965096,Schnoz #0342,239744,M. Cuisance
Algorand:3611965317,Schnoz #0343,183497,O. Karnezis
Algorand:3611965513,Schnoz #0344,242818,F. Dahmen
Algorand:3611965571,Schnoz #0345,197837,D. Boyata
Algorand:3611965633,Schnoz #0346,224151,H. Martín
Algorand:3611965672,Schnoz #0347,230430,Oswaldinato
Algorand:3611965725,Schnoz #0348,234378,D. Rice
Algorand:3611966126,Schnoz #0349,192342,E. Cardona
Algorand:3611966341,Schnoz #0350,210513,J. Quintero
Algorand:3611966651,Schnoz #0351,165109,Ș. Radu
Algorand:3611966940,Schnoz #0352,214097,B. Bourigeaud
Algorand:3611967110,Schnoz #0353,165109,Ș. Radu
Algorand:3611967278,Schnoz #0354,231366,P. Lienhart
Algorand:3611967344,Schnoz #0355,201455,G. Kondogbia
Algorand:3611967415,Schnoz #0356,220883,R. Borré
Algorand:3611967548,Schnoz #0357,213331,J. Tah
Algorand:3611967604,Schnoz #0358,137506,G. Pandev
Algorand:3611967694,Schnoz #0359,143121,J. Sosa
Algorand:3611967765,Schnoz #0360,206529,F. Boli
Algorand:3611967928,Schnoz #0361,238160,M. Demiral
Algorand:3611967986,Schnoz #0362,220477,M. Caldara
Algorand:3611968162,Schnoz #0363,247328,Unai Vencedor
Algorand:3611968230,Schnoz #0364,192598,Ai Kesen
Algorand:3611968263,Schnoz #0365,224251,R. Zentner
Algorand:3611968345,Schnoz #0366,240699,N. De la Cruz
Algorand:3611968389,Schnoz #0367,223671,S. Posch
Algorand:3611968512,Schnoz #0368,184858,Alan Kardec
Algorand:3611968577,Schnoz #0369,185103,A. Kolarov
Algorand:3611968711,Schnoz #0370,229104,H. Faik
Algorand:3611968786,Schnoz #0371,240699,N. De la Cruz
Algorand:3611968888,Schnoz #0372,179752,Ó. Cardozo
Algorand:3611968999,Schnoz #0373,215123,A. Aguerre
Algorand:3611969077,Schnoz #0374,245037,Eric García
Algorand:3611969198,Schnoz #0375,231352,T. Abraham
Algorand:3611969350,Schnoz #0376,165153,K. Benzema
Algorand:3611969424,Schnoz #0377,184703,L. Montes
Algorand:3611969557,Schnoz #0378,222729,Gustavo
Algorand:3611969649,Schnoz #0379,242577,R. Faivre
Algorand:3611969775,Schnoz #0380,179813,E. Cavani
Algorand:3611969812,Schnoz #0381,215531,D. Türüç
Algorand:3611969936,Schnoz #0382,214766,C. Izquierdoz
Algorand:3611970011,Schnoz #0383,192678,Kike García
Algorand:3611970139,Schnoz #0384,241119,Dani Martín
Algorand:3611970200,Schnoz #0385,227497,M. Fraisl
Algorand:3611970246,Schnoz #0386,193290,M. Braithwaite
Algorand:3611970304,Schnoz #0387,184484,G. Sigurðsson
Algorand:3611970357,Schnoz #0388,194845,W. Khazri
Algorand:3611970433,Schnoz #0389,239956,M. Boadu
Algorand:3611970483,Schnoz #0390,190544,A. Ljajić
Algorand:3611970666,Schnoz #0391,251116,T. Holeš
Algorand:3611970704,Schnoz #0392,226226,G. Lo Celso
Algorand:3611970862,Schnoz #0393,212242,R. Andrich
Algorand:3611970915,Schnoz #0394,216475,Morales
Algorand:3611970993,Schnoz #0395,251116,T. Holeš
Algorand:3611971066,Schnoz #0396,221491,N. Elvedi
Algorand:3611971115,Schnoz #0397,159145,B. Gomis
Algorand:3611971198,Schnoz #0398,237678,I. Konaté
Algorand:3611971273,Schnoz #0399,181271,B. Dočkal
Algorand:3611971468,Schnoz #0400,216531,Paulinho
Algorand:3611971541,Schnoz #0401,219733,L. Ajorque
Algorand:3611971664,Schnoz #0402,256612,Evanilson
Algorand:3611971760,Schnoz #0403,246430,D. Vlahović
Algorand:3611971897,Schnoz #0404,199354,Lucas Pérez
Algorand:3611971946,Schnoz #0405,182520,M. Männel
Algorand:3611972146,Schnoz #0406,180216,S. Coleman
Algorand:3611972256,Schnoz #0407,235688,Lucas Veríssimo
Algorand:3611972306,Schnoz #0408,137506,G. Pandev
Algorand:3611972378,Schnoz #0409,227536,M. Marega
Algorand:3611972469,Schnoz #0410,211361,D. Cataldi
Algorand:3611972524,Schnoz #0411,211101,Rubén Blanco
Algorand:3611972623,Schnoz #0412,225508,E. Bailly
Algorand:3611972728,Schnoz #0413,235183,C. Acevedo
Algorand:3611972796,Schnoz #0414,179560,M. Sulejmani
Algorand:3611972953,Schnoz #0415,224179,Borja Iglesias
Algorand:3611972987,Schnoz #0416,225341,David García
Algorand:3611973082,Schnoz #0417,211320,D. Rugani
Algorand:3611973142,Schnoz #0418,146758,Soldado
Algorand:3611973268,Schnoz #0419,211559,Tiago Rodrigues
Algorand:3611973305,Schnoz #0420,223573,Munir
Algorand:3611973394,Schnoz #0421,143121,J. Sosa
Algorand:3611973446,Schnoz #0422,208045,O. Tannane
Algorand:3611973542,Schnoz #0423,229773,G. Dzhikiya
Algorand:3611973886,Schnoz #0424,193469,Víctor Ruiz
Algorand:3611974116,Schnoz #0425,184703,L. Montes
Algorand:3611974329,Schnoz #0426,220793,D. Sánchez
Algorand:3611974477,Schnoz #0427,146758,Soldado
Algorand:3611974586,Schnoz #0428,158121,B. Costil
Algorand:3611975009,Schnoz #0429,195859,D. Ings
Algorand:3611975243,Schnoz #0430,226601,Vitor Hugo
Algorand:3611975529,Schnoz #0431,252084,Marcos André
Algorand:3611975608,Schnoz #0432,244584,O. Shevchenko
Algorand:3611975722,Schnoz #0433,206529,F. Boli
Algorand:3611976081,Schnoz #0434,204341,Luís Neto
Algorand:3611976132,Schnoz #0435,239837,A. Mac Allister
Algorand:3611976235,Schnoz #0436,227528,B. Romero
Algorand:3611976443,Schnoz #0437,215441,S. Guirassy
Algorand:3611976529,Schnoz #0438,247257,Ibañez
Algorand:3611976709,Schnoz #0439,200159,S. Ortega
Algorand:3611976745,Schnoz #0440,204120,T. Vaclík
Algorand:3611976819,Schnoz #0441,233738,Zubeldia
Algorand:3611976907,Schnoz #0442,185195,O. Ighalo
Algorand:3611976965,Schnoz #0443,233738,Zubeldia
Algorand:3611977054,Schnoz #0444,188335,A. Budimir
Algorand:3611977092,Schnoz #0445,202935,Álvaro
Algorand:3611977230,Schnoz #0446,233486,R. Le Normand
Algorand:3611977284,Schnoz #0447,243630,J. David
Algorand:3611977447,Schnoz #0448,162297,D. Padelli
Algorand:3611977487,Schnoz #0449,155946,R. Snodgrass
Algorand:3611977557,Schnoz #0450,165247,I. Khune
Algorand:3611977611,Schnoz #0451,250753,A. Trubin
Algorand:3611977705,Schnoz #0452,220883,R. Borré
Algorand:3611977752,Schnoz #0453,223671,S. Posch
Algorand:3611977792,Schnoz #0454,215441,S. Guirassy
Algorand:3611977895,Schnoz #0455,181271,B. Dočkal
Algorand:3611978131,Schnoz #0456,146748,Diego López
Algorand:3611978191,Schnoz #0457,247328,Unai Vencedor
Algorand:3611978317,Schnoz #0458,236772,D. Szoboszlai
Algorand:3611978393,Schnoz #0459,184484,G. Sigurðsson
Algorand:3611978484,Schnoz #0460,178007,Miguel Veloso
Algorand:3611978643,Schnoz #0461,201153,Morata
Algorand:3611978752,Schnoz #0462,247328,Unai Vencedor
Algorand:3611978914,Schnoz #0463,252084,Marcos André
Algorand:3611979048,Schnoz #0464,246430,D. Vlahović
Algorand:3611979072,Schnoz #0465,181820,S. Jovetić
Algorand:3611979293,Schnoz #0466,204082,J. Brooks
Algorand:3611979367,Schnoz #0467,241788,M. Taremi
Algorand:3611979434,Schnoz #0468,213516,Ricardo Horta
Algorand:3611979582,Schnoz #0469,189615,A. Cresswell
Algorand:3611979727,Schnoz #0470,157960,Manuel Fernandes
Algorand:3611979927,Schnoz #0471,236772,D. Szoboszlai
Algorand:3611980063,Schnoz #0472,209288,F. Mollet
Algorand:3611980149,Schnoz #0473,229406,João Novais
Algorand:3611980203,Schnoz #0474,224041,M. Schwäbe
Algorand:3611980293,Schnoz #0475,211559,Tiago Rodrigues
Algorand:3611980349,Schnoz #0476,210514,João Cancelo
Algorand:3611980502,Schnoz #0477,163050,B. Sharp
Algorand:3611980553,Schnoz #0478,198230,Germán
Algorand:3611980757,Schnoz #0479,154472,Jorge Molina
Algorand:3611980823,Schnoz #0480,244316,Luís Maximiano
Algorand:3611980902,Schnoz #0481,216692,S. Torrico
Algorand:3611981094,Schnoz #0482,237239,E. Bardhi
Algorand:3611981268,Schnoz #0483,205923,B. Davies
Algorand:3611981322,Schnoz #0484,244385,G. Bushchan
Algorand:3611981545,Schnoz #0485,182435,M. Langerak
Algorand:3611981584,Schnoz #0486,220883,R. Borré
Algorand:3611981709,Schnoz #0487,198140,R. Funes Mori
Algorand:3611981760,Schnoz #0488,247263,E. Tapsoba
Algorand:3611981876,Schnoz #0489,232670,F. Zampedri
Algorand:3611982011,Schnoz #0490,215069,R. Rey
Algorand:3611982098,Schnoz #0491,210358,A. Brignoli
Algorand:3611982323,Schnoz #0492,181820,S. Jovetić
Algorand:3611982482,Schnoz #0493,204523,Rubén Pardo
Algorand:3611982550,Schnoz #0494,232756,F. Tomori
Algorand:3611982874,Schnoz #0495,228295,R. Holding
Algorand:3611983163,Schnoz #0496,203042,J. Butland
Algorand:3611983249,Schnoz #0497,215531,D. Türüç
Algorand:3611983419,Schnoz #0498,232432,L. Jović
Algorand:3611983538,Schnoz #0499,189053,F. Caputo
Algorand:3611983632,Schnoz #0500,214097,B. Bourigeaud
Algorand:3611983847,Schnoz #0501,178086,Adán
Algorand:3611983919,Schnoz #0502,224146,Jesús Imaz
Algorand:3611983979,Schnoz #0503,205409,S. Sosa
Algorand:3611984229,Schnoz #0504,203038,Lucas Piazón
Algorand:3611984335,Schnoz #0505,41236,Z. Ibrahimović
Algorand:3611984523,Schnoz #0506,204923,M. Sabitzer
Algorand:3611984607,Schnoz #0507,210897,C. Mbemba
Algorand:3611984657,Schnoz #0508,206467,A. Plea
Algorand:3611984821,Schnoz #0509,230212,Antônio Chiamuloira
Algorand:3611984964,Schnoz #0510,190544,A. Ljajić
Algorand:3611985188,Schnoz #0511,176772,A. Oukidja
Algorand:3611985251,Schnoz #0512,163050,B. Sharp
Algorand:3611985492,Schnoz #0513,195093,Willian José
Algorand:3611985710,Schnoz #0514,238476,D. Zagadou
Algorand:3611985794,Schnoz #0515,244067,M. Lacroix
Algorand:3611985880,Schnoz #0516,230502,Dênildo Stein
Algorand:3611985977,Schnoz #0517,204523,Rubén Pardo
Algorand:3611986028,Schnoz #0518,175943,D. Mertens
Algorand:3611986081,Schnoz #0519,204341,Luís Neto
Algorand:3611986129,Schnoz #0520,195668,Joel Robles
Algorand:3611986267,Schnoz #0521,234102,I. Radu
Algorand:3611986453,Schnoz #0522,178250,P. Diop
Algorand:3611986494,Schnoz #0523,189607,M. Schäffler
Algorand:3611986608,Schnoz #0524,223596,S. Prevljak
Algorand:3611986694,Schnoz #0525,221584,J. Rinne
Algorand:3611986761,Schnoz #0526,210897,C. Mbemba
Algorand:3611986907,Schnoz #0527,192922,O. Jiménez
Algorand:3611986989,Schnoz #0528,231352,T. Abraham
Algorand:3611987162,Schnoz #0529,148212,A. Rebrov
Algorand:3611987249,Schnoz #0530,237183,M. Rojas
Algorand:3611987414,Schnoz #0531,175379,Pedro León
Algorand:3611987558,Schnoz #0532,226601,Vitor Hugo
Algorand:3611987697,Schnoz #0533,229909,A. Lunev
Algorand:3611987952,Schnoz #0534,198140,R. Funes Mori
Algorand:3611988047,Schnoz #0535,253272,K. Dawson
Algorand:3611988296,Schnoz #0536,230212,Antônio Chiamuloira
Algorand:3611988357,Schnoz #0537,225263,D. Ćaleta-Car
Algorand:3611988589,Schnoz #0538,192906,L. Rodríguez
Algorand:3611988746,Schnoz #0539,179752,Ó. Cardozo
Algorand:3611988870,Schnoz #0540,212207,N. Stanciu
Algorand:3611989250,Schnoz #0541,237183,M. Rojas
Algorand:3611989347,Schnoz #0542,219733,L. Ajorque
Algorand:3611989526,Schnoz #0543,188044,A Lan
Algorand:3611989611,Schnoz #0544,232670,F. Zampedri
Algorand:3611989679,Schnoz #0545,163050,B. Sharp
Algorand:3611989892,Schnoz #0546,171579,Raúl García
Algorand:3611989953,Schnoz #0547,224301,K. Świderski
Algorand:3611990168,Schnoz #0548,227536,M. Marega
Algorand:3611990262,Schnoz #0549,207863,Felipe
Algorand:3611990332,Schnoz #0550,211033,L. García
Algorand:3611990686,Schnoz #0551,143587,F. Belluschi
Algorand:3611991312,Schnoz #0552,194806,C. Dawson
Algorand:3611991439,Schnoz #0553,235042,D. Liénard
Algorand:3611991634,Schnoz #0554,231640,Ontiveros
Algorand:3611991682,Schnoz #0555,135507,Fernandinho
Algorand:3611991882,Schnoz #0556,223994,S. Mugoša
Algorand:3611991929,Schnoz #0557,208498,M. Dabbur
Algorand:3611992199,Schnoz #0558,221174,M. Oršić
Algorand:3611992251,Schnoz #0559,215123,A. Aguerre
Algorand:3611992360,Schnoz #0560,223671,S. Posch
Algorand:3611992443,Schnoz #0561,199005,M. Ryan
Algorand:3611992547,Schnoz #0562,205431,N. Füllkrug
Algorand:3611992790,Schnoz #0563,152912,J. Sand
Algorand:3611992956,Schnoz #0564,242577,R. Faivre
Algorand:3611993024,Schnoz #0565,211591,M. Dembélé
Algorand:3611993093,Schnoz #0566,L0026,Ronaldo
Algorand:3611993296,Schnoz #0567,165109,Ș. Radu
Algorand:3611993358,Schnoz #0568,172114,D. Valeri
Algorand:3611993617,Schnoz #0569,205923,B. Davies
Algorand:3611993693,Schnoz #0570,198640,Z. Labyad
Algorand:3611993905,Schnoz #0571,220604,Jaume
Algorand:3611993954,Schnoz #0572,194730,Juan Carlos
Algorand:3611993990,Schnoz #0573,232432,L. Jović
Algorand:3611994248,Schnoz #0574,193601,G. Pezzella
Algorand:3611994293,Schnoz #0575,231633,I. Diop
Algorand:3611994570,Schnoz #0576,213331,J. Tah
Algorand:3611994658,Schnoz #0577,179560,M. Sulejmani
Algorand:3611994703,Schnoz #0578,194794,A. Yarmolenko
Algorand:3611994908,Schnoz #0579,189084,E. Room
Algorand:3611995032,Schnoz #0580,192123,C. Wood
Algorand:3611995104,Schnoz #0581,167435,O. Ustari
Algorand:3611995338,Schnoz #0582,212404,F. Bernardeschi
Algorand:3611995403,Schnoz #0583,221697,O. Watkins
Algorand:3611995517,Schnoz #0584,215064,J. Furch
Algorand:3611995559,Schnoz #0585,232756,F. Tomori
Algorand:3611995666,Schnoz #0586,204538,R. Ruidíaz
Algorand:3611995804,Schnoz #0587,212442,José Sá
Algorand:3611995906,Schnoz #0588,178088,Juan Mata
Algorand:3611996114,Schnoz #0589,165109,Ș. Radu
Algorand:3611996269,Schnoz #0590,240753,A. Gouiri
Algorand:3611996342,Schnoz #0591,193601,G. Pezzella
Algorand:3611996385,Schnoz #0592,231633,I. Diop
Algorand:3611996594,Schnoz #0593,230621,G. Donnarumma
Algorand:3611996669,Schnoz #0594,215353,L. Alario
Algorand:3611996841,Schnoz #0595,225508,E. Bailly
Algorand:3611996897,Schnoz #0596,202750,W. Boly
Algorand:3611997049,Schnoz #0597,220793,D. Sánchez
Algorand:3611997167,Schnoz #0598,217196,J. Palomino
Algorand:3611997218,Schnoz #0599,173432,H. Moreno
Algorand:3611997420,Schnoz #0600,242879,M. Vandevoordt
Algorand:3611997599,Schnoz #0601,251116,T. Holeš
Algorand:3611997640,Schnoz #0602,193469,Víctor Ruiz
Algorand:3611997855,Schnoz #0603,244391,F. Sakala
Algorand:3611997926,Schnoz #0604,233486,R. Le Normand
Algorand:3611998095,Schnoz #0605,182043,Zeng Cheng
Algorand:3611998159,Schnoz #0606,235740,A. Paleari
Algorand:3611998266,Schnoz #0607,212616,R. De Paul
Algorand:3611998437,Schnoz #0608,230320,Victorino Magela
Algorand:3611998520,Schnoz #0609,231352,T. Abraham
Algorand:3611998702,Schnoz #0610,198950,Pablo Sarabia
Algorand:3611998778,Schnoz #0611,163301,J. Orozco
Algorand:3611998906,Schnoz #0612,189125,G. Bonaventura
Algorand:3611998985,Schnoz #0613,213013,F. Acheampong
Algorand:3611999238,Schnoz #0614,190362,T. Pukki
Algorand:3611999293,Schnoz #0615,150477,R. Salin
Algorand:3611999474,Schnoz #0616,206467,A. Plea
Algorand:3611999556,Schnoz #0617,240699,N. De la Cruz
Algorand:3611999760,Schnoz #0618,192789,Mario Gaspar
Algorand:3611999870,Schnoz #0619,217097,R. Otero
Algorand:3611999908,Schnoz #0620,209288,F. Mollet
Algorand:3612000106,Schnoz #0621,222546,L. Zingerle
Algorand:3612000225,Schnoz #0622,171146,R. M'Bolhi
Algorand:3612000322,Schnoz #0623,202201,J. Gouweleeuw
Algorand:3612000428,Schnoz #0624,251116,T. Holeš
Algorand:3612000644,Schnoz #0625,198118,J. Guilavogui
Algorand:3612000791,Schnoz #0626,206413,T. Stepanenko
Algorand:3612000976,Schnoz #0627,176526,L. Burián
Algorand:3612001070,Schnoz #0628,163925,A. Diamanti
Algorand:3612001281,Schnoz #0629,213013,F. Acheampong
Algorand:3612001367,Schnoz #0630,177644,Kiko Casilla
Algorand:3612001507,Schnoz #0631,170890,B. Matuidi
Algorand:3612001707,Schnoz #0632,225508,E. Bailly
Algorand:3612001741,Schnoz #0633,190717,M. Antonio
Algorand:3612001952,Schnoz #0634,188103,Rochina
Algorand:3612002100,Schnoz #0635,230212,Antônio Chiamuloira
Algorand:3612002292,Schnoz #0636,215449,R. Skov
Algorand:3612002491,Schnoz #0637,239837,A. Mac Allister
Algorand:3612002557,Schnoz #0638,246398,S. Rojas
Algorand:3612002759,Schnoz #0639,201455,G. Kondogbia
Algorand:3612002808,Schnoz #0640,189607,M. Schäffler
Algorand:3612002969,Schnoz #0641,229406,João Novais
Algorand:3612003154,Schnoz #0642,251809,S. Botman
Algorand:3612003314,Schnoz #0643,198640,Z. Labyad
Algorand:3612003396,Schnoz #0644,204538,R. Ruidíaz
Algorand:3612003604,Schnoz #0645,216065,M. Sportiello
Algorand:3612003749,Schnoz #0646,244067,M. Lacroix
Algorand:3612003830,Schnoz #0647,229541,Á. Montero
Algorand:3612004296,Schnoz #0648,236506,M. Senesi
Algorand:3612004716,Schnoz #0649,230183,Gerson Armão
Algorand:3612004945,Schnoz #0650,233791,A. Maksimenko
Algorand:3612005036,Schnoz #0651,215689,A. Petagna
Algorand:3612005263,Schnoz #0652,232144,F. Uduokhai
Algorand:3612005347,Schnoz #0653,215531,D. Türüç
Algorand:3612005540,Schnoz #0654,195093,Willian José
Algorand:3612005579,Schnoz #0655,192123,C. Wood
Algorand:3612005729,Schnoz #0656,219733,L. Ajorque
Algorand:3612005892,Schnoz #0657,234060,Y. Herrera
Algorand:3612006017,Schnoz #0658,235947,J. Brunetta
Algorand:3612006231,Schnoz #0659,235740,A. Paleari
Algorand:3612006307,Schnoz #0660,178090,D. Biseswar
Algorand:3612006396,Schnoz #0661,242577,R. Faivre
Algorand:3612006623,Schnoz #0662,233486,R. Le Normand
Algorand:3612006666,Schnoz #0663,194845,W. Khazri
Algorand:3612006864,Schnoz #0664,231237,P. Jensen
Algorand:3612006948,Schnoz #0665,168354,E. Viviano
Algorand:3612007143,Schnoz #0666,236792,T. Souček
Algorand:3612007205,Schnoz #0667,193469,Víctor Ruiz
Algorand:3612007440,Schnoz #0668,225293,H. Diallo
Algorand:3612007559,Schnoz #0669,162835,S. Handanovič
Algorand:3612007963,Schnoz #0670,189117,R. Bürki
Algorand:3612009969,Schnoz #0671,223249,G. Arias
Algorand:3612010806,Schnoz #0672,243238,Júnior Moraes
Algorand:3612011274,Schnoz #0673,218717,G. Mhango
Algorand:3612011394,Schnoz #0674,219809,T. Bakayoko
Algorand:3612011599,Schnoz #0675,175379,Pedro León
Algorand:3612011688,Schnoz #0676,194932,A. Townsend
Algorand:3612011854,Schnoz #0677,245037,Eric García
Algorand:3612011970,Schnoz #0678,225844,D. Verde
Algorand:3612012184,Schnoz #0679,165109,Ș. Radu
Algorand:3612012295,Schnoz #0680,247072,K. Eissa
Algorand:3612012346,Schnoz #0681,173474,Z. Junuzović
Algorand:3612012401,Schnoz #0682,175254,F. Caicedo
Algorand:3612012611,Schnoz #0683,227536,M. Marega
Algorand:3612012683,Schnoz #0684,234826,Toni Martínez
Algorand:3612012915,Schnoz #0685,204493,R. Holzhauser
Algorand:3612012969,Schnoz #0686,215353,L. Alario
Algorand:3612013205,Schnoz #0687,213013,F. Acheampong
Algorand:3612013250,Schnoz #0688,215689,A. Petagna
Algorand:3612013401,Schnoz #0689,236506,M. Senesi
Algorand:3612013506,Schnoz #0690,215531,D. Türüç
Algorand:3612013704,Schnoz #0691,236758,O. Christensen
Algorand:3612013797,Schnoz #0692,204092,J. Blaswich
Algorand:3612013939,Schnoz #0693,212207,N. Stanciu
Algorand:3612014069,Schnoz #0694,221014,Carlos Fernández
Algorand:3612014095,Schnoz #0695,229406,João Novais
Algorand:3612014335,Schnoz #0696,161938,M. Boselli
Algorand:3612014371,Schnoz #0697,190362,T. Pukki
Algorand:3612014628,Schnoz #0698,231366,P. Lienhart
Algorand:3612014758,Schnoz #0699,201455,G. Kondogbia
Algorand:3612014966,Schnoz #0700,204549,D. Roef
Algorand:3612015060,Schnoz #0701,252084,Marcos André
Algorand:3612015140,Schnoz #0702,221430,U. Đurđević
Algorand:3612015340,Schnoz #0703,192789,Mario Gaspar
Algorand:3612015448,Schnoz #0704,223671,S. Posch
Algorand:3612015683,Schnoz #0705,208295,R. Saïss
Algorand:3612015781,Schnoz #0706,233977,Eduardo Fonseira
Algorand:3612015933,Schnoz #0707,241119,Dani Martín
Algorand:3612016039,Schnoz #0708,178090,D. Biseswar
Algorand:3612016129,Schnoz #0709,222729,Gustavo
Algorand:3612016356,Schnoz #0710,232665,M. Arambarri
Algorand:3612016431,Schnoz #0711,180216,S. Coleman
Algorand:3612016618,Schnoz #0712,208165,B. Djimsiti
Algorand:3612016669,Schnoz #0713,193512,M. Heča
Algorand:3612016844,Schnoz #0714,208574,F. Kostić
Algorand:3612016943,Schnoz #0715,226851,B. Pavard
Algorand:3612017025,Schnoz #0716,247257,Ibañez
Algorand:3612017211,Schnoz #0717,209288,F. Mollet
Algorand:3612017529,Schnoz #0718,258390,I. Grbić
Algorand:3612017596,Schnoz #0719,252590,Fer Niño
Algorand:3612017771,Schnoz #0720,211591,M. Dembélé
Algorand:3612017850,Schnoz #0721,234060,Y. Herrera
Algorand:3612018061,Schnoz #0722,218717,G. Mhango
Algorand:3612018197,Schnoz #0723,215441,S. Guirassy
Algorand:3612018298,Schnoz #0724,251503,Mateus Pasinato
Algorand:3612018475,Schnoz #0725,213331,J. Tah
Algorand:3612018559,Schnoz #0726,185103,A. Kolarov
Algorand:3612018637,Schnoz #0727,237034,J. Hernández
Algorand:3612018812,Schnoz #0728,239837,A. Mac Allister
Algorand:3612018916,Schnoz #0729,246430,D. Vlahović
Algorand:3612019022,Schnoz #0730,224146,Jesús Imaz
Algorand:3612019138,Schnoz #0731,193408,H. Seferović
Algorand:3612019272,Schnoz #0732,193338,M. Destro
Algorand:3612019466,Schnoz #0733,209658,L. Goretzka
Algorand:3612019747,Schnoz #0734,203775,L. Karius
Algorand:3612019958,Schnoz #0735,211022,Rubén García
Algorand:3612020055,Schnoz #0736,182168,A. Ranocchia
Algorand:3612020209,Schnoz #0737,222492,L. Sané
Algorand:3612020332,Schnoz #0738,193525,Mário Fernandes
Algorand:3612020433,Schnoz #0739,188943,K. Trapp
Algorand:3612020633,Schnoz #0740,217196,J. Palomino
Algorand:3612020809,Schnoz #0741,223578,Mata
Algorand:3612020930,Schnoz #0742,198350,D. Bentley
Algorand:3612020989,Schnoz #0743,230502,Dênildo Stein
Algorand:3612021101,Schnoz #0744,242577,R. Faivre
Algorand:3612021356,Schnoz #0745,138703,A. D'Alessandro
Algorand:3612021492,Schnoz #0746,163925,A. Diamanti
Algorand:3612021689,Schnoz #0747,225508,E. Bailly
Algorand:3612021799,Schnoz #0748,232144,F. Uduokhai
Algorand:3612022236,Schnoz #0749,205431,N. Füllkrug
Algorand:3612022468,Schnoz #0750,212242,R. Andrich
Algorand:3612022598,Schnoz #0751,220883,R. Borré
Algorand:3612022761,Schnoz #0752,199339,M. Riemann
Algorand:3612022878,Schnoz #0753,232144,F. Uduokhai
Algorand:3612023057,Schnoz #0754,215399,Rúben Vezo
Algorand:3612023173,Schnoz #0755,239301,L. Martínez
Algorand:3612023256,Schnoz #0756,209973,J. Nsame
Algorand:3612023483,Schnoz #0757,189615,A. Cresswell
Algorand:3612023564,Schnoz #0758,225844,D. Verde
Algorand:3612023738,Schnoz #0759,228410,D. Iversen
Algorand:3612023829,Schnoz #0760,240493,A. Paschalakis
Algorand:3612023935,Schnoz #0761,196978,C. Wilson
Algorand:3612024131,Schnoz #0762,226851,B. Pavard
Algorand:3612024165,Schnoz #0763,189324,A. McCarthy
Algorand:3612024391,Schnoz #0764,206577,S. Peeters
Algorand:3612024450,Schnoz #0765,217196,J. Palomino
Algorand:3612024654,Schnoz #0766,189224,Júnior Negão
Algorand:3612024743,Schnoz #0767,257439,R. Ofori
Algorand:3612024897,Schnoz #0768,238476,D. Zagadou
Algorand:3612024963,Schnoz #0769,189607,M. Schäffler
Algorand:3612025167,Schnoz #0770,235042,D. Liénard
Algorand:3612025291,Schnoz #0771,211784,N. Maupay
Algorand:3612025349,Schnoz #0772,236355,Luiz Felipe
Algorand:3612025567,Schnoz #0773,200715,A. Davies
Algorand:3612025610,Schnoz #0774,209532,D. Bachmann
Algorand:3612025876,Schnoz #0775,138703,A. D'Alessandro
Algorand:3612025992,Schnoz #0776,219793,T. Didillon
Algorand:3612026172,Schnoz #0777,224301,K. Świderski
Algorand:3612026239,Schnoz #0778,105846,A. Boruc
Algorand:3612026393,Schnoz #0779,205942,S. Lung
Algorand:3612026542,Schnoz #0780,231352,T. Abraham
Algorand:3612026643,Schnoz #0781,178509,O. Giroud
Algorand:3612026682,Schnoz #0782,226853,J. St. Juste
Algorand:3612026876,Schnoz #0783,185431,N. Kalinić
Algorand:3612027037,Schnoz #0784,149258,A. Cordaz
Algorand:3612027230,Schnoz #0785,154472,Jorge Molina
Algorand:3612027324,Schnoz #0786,215223,W. Benítez
Algorand:3612027413,Schnoz #0787,194022,André Almeida
Algorand:3612027472,Schnoz #0788,215132,S. Moyano
Algorand:3612027729,Schnoz #0789,215353,L. Alario
Algorand:3612027776,Schnoz #0790,210897,C. Mbemba
Algorand:3612027988,Schnoz #0791,204334,I. Gelios
Algorand:3612028047,Schnoz #0792,18122,N. Penneteau
Algorand:3612028134,Schnoz #0793,215449,R. Skov
Algorand:3612028311,Schnoz #0794,245037,Eric García
Algorand:3612028441,Schnoz #0795,209973,J. Nsame
Algorand:3612028498,Schnoz #0796,189125,G. Bonaventura
Algorand:3612028734,Schnoz #0797,244263,A. Rrahmani
Algorand:3612028831,Schnoz #0798,184703,L. Montes
Algorand:3612028945,Schnoz #0799,193186,N. Etheridge
Algorand:3612028999,Schnoz #0800,178007,Miguel Veloso
Algorand:3612029204,Schnoz #0801,252590,Fer Niño
Algorand:3612029252,Schnoz #0802,236506,M. Senesi
Algorand:3612029655,Schnoz #0803,225844,D. Verde
Algorand:3612029760,Schnoz #0804,230176,Sacramentinho
Algorand:3612029837,Schnoz #0805,188103,Rochina
Algorand:3612030042,Schnoz #0806,225844,D. Verde
Algorand:3612030172,Schnoz #0807,203038,Lucas Piazón
Algorand:3612030243,Schnoz #0808,210897,C. Mbemba
Algorand:3612030439,Schnoz #0809,225263,D. Ćaleta-Car
Algorand:3612030639,Schnoz #0810,213761,A. Hamdallah
Algorand:3612030683,Schnoz #0811,164459,S. Larsson
Algorand:3612030726,Schnoz #0812,194222,Laguardia
Algorand:3612030925,Schnoz #0813,198640,Z. Labyad
Algorand:3612030965,Schnoz #0814,222493,M. Friedrich
Algorand:3612031172,Schnoz #0815,204082,J. Brooks
Algorand:3612031237,Schnoz #0816,192342,E. Cardona
Algorand:3612031409,Schnoz #0817,199354,Lucas Pérez
Algorand:3612031501,Schnoz #0818,224309,Joan Jordán
Algorand:3612031572,Schnoz #0819,189805,L. de Jong
Algorand:3612031779,Schnoz #0820,157960,Manuel Fernandes
Algorand:3612031858,Schnoz #0821,201153,Morata
Algorand:3612032067,Schnoz #0822,219637,Cantero
Algorand:3612032127,Schnoz #0823,199206,D. Vida
Algorand:3612032284,Schnoz #0824,211784,N. Maupay
Algorand:3612032362,Schnoz #0825,212096,V. Grifo
Algorand:3612032550,Schnoz #0826,192342,E. Cardona
Algorand:3612032643,Schnoz #0827,230440,Fredditinho
Algorand:3612032780,Schnoz #0828,178509,O. Giroud
Algorand:3612032907,Schnoz #0829,236033,Dani Cárdenas
Algorand:3612032962,Schnoz #0830,199274,I. Nestorovski
Algorand:3612033062,Schnoz #0831,205186,P. Gazzaniga
Algorand:3612033280,Schnoz #0832,226380,Hwang Hee Chan
Algorand:3612033387,Schnoz #0833,184484,G. Sigurðsson
Algorand:3612033602,Schnoz #0834,206652,Sergio Rico
Algorand:3612033674,Schnoz #0835,202335,E. Dier
Algorand:3612033807,Schnoz #0836,175379,Pedro León
Algorand:3612033924,Schnoz #0837,232144,F. Uduokhai
Algorand:3612033990,Schnoz #0838,199110,L. Muriel
Algorand:3612034168,Schnoz #0839,244263,A. Rrahmani
Algorand:3612034297,Schnoz #0840,184703,L. Montes
Algorand:3612034359,Schnoz #0841,219496,Simy
Algorand:3612034625,Schnoz #0842,221841,A. Armstrong
Algorand:3612034727,Schnoz #0843,189615,A. Cresswell
Algorand:3612034815,Schnoz #0844,188103,Rochina
Algorand:3612034979,Schnoz #0845,206413,T. Stepanenko
Algorand:3612035023,Schnoz #0846,206651,Roberto Torres
Algorand:3612035235,Schnoz #0847,185103,A. Kolarov
Algorand:3612035407,Schnoz #0848,172114,D. Valeri
Algorand:3612035469,Schnoz #0849,247257,Ibañez
Algorand:3612035648,Schnoz #0850,146439,Negredo
Algorand:3612035751,Schnoz #0851,235688,Lucas Veríssimo
Algorand:3612035787,Schnoz #0852,214097,B. Bourigeaud
Algorand:3612035960,Schnoz #0853,234777,Z. Steffen
Algorand:3612036079,Schnoz #0854,156437,P. Pentke
Algorand:3612036209,Schnoz #0855,220477,M. Caldara
Algorand:3612036345,Schnoz #0856,175379,Pedro León
Algorand:3612036537,Schnoz #0857,172114,D. Valeri
Algorand:3612036630,Schnoz #0858,238033,F. Niță
Algorand:3612036697,Schnoz #0859,239301,L. Martínez
Algorand:3612036982,Schnoz #0860,179560,M. Sulejmani
Algorand:3612037019,Schnoz #0861,244621,Vinícius
Algorand:3612037221,Schnoz #0862,190435,Tomeu Nadal
Algorand:3612037318,Schnoz #0863,205923,B. Davies
Algorand:3612037568,Schnoz #0864,230666,Gabriel Jesus
Algorand:3612037702,Schnoz #0865,247328,Unai Vencedor
Algorand:3612037770,Schnoz #0866,219693,Diego Carlos
Algorand:3612037969,Schnoz #0867,236355,Luiz Felipe
Algorand:3612038043,Schnoz #0868,198140,R. Funes Mori
Algorand:3612038146,Schnoz #0869,204092,J. Blaswich
Algorand:3612038215,Schnoz #0870,202201,J. Gouweleeuw
Algorand:3612038349,Schnoz #0871,239842,G. Giakoumakis
Algorand:3612038422,Schnoz #0872,213761,A. Hamdallah
Algorand:3612038541,Schnoz #0873,143587,F. Belluschi
Algorand:3612038810,Schnoz #0874,206651,Roberto Torres
Algorand:3612038896,Schnoz #0875,204092,J. Blaswich
Algorand:3612039161,Schnoz #0876,202750,W. Boly
Algorand:3612039267,Schnoz #0877,234642,É. Mendy
Algorand:3612039494,Schnoz #0878,229104,H. Faik
Algorand:3612039658,Schnoz #0879,233974,Nathael Silbeira
Algorand:3612039724,Schnoz #0880,244621,Vinícius
Algorand:3612039911,Schnoz #0881,182168,A. Ranocchia
Algorand:3612040024,Schnoz #0882,216145,A. Izzo
Algorand:3612040093,Schnoz #0883,232580,Gabriel
Algorand:3612040382,Schnoz #0884,215048,J. Burrai
Algorand:3612040665,Schnoz #0885,239272,V. Barkas
Algorand:3612040852,Schnoz #0886,193348,X. Shaqiri
Algorand:3612041108,Schnoz #0887,211559,Tiago Rodrigues
Algorand:3612041205,Schnoz #0888,236610,M. Kean
Algorand:3612041296,Schnoz #0889,202886,B. Siegrist
Algorand:3612041363,Schnoz #0890,201399,M. Icardi
Algorand:3612041607,Schnoz #0891,220085,L. Waldschmidt
Algorand:3612041742,Schnoz #0892,228410,D. Iversen
Algorand:3612041811,Schnoz #0893,192629,Iago Aspas
Algorand:3612041857,Schnoz #0894,225719,K. Iheanacho
Algorand:3612042144,Schnoz #0895,251503,Mateus Pasinato
Algorand:3612042215,Schnoz #0896,216643,L. Dubois
Algorand:3612042370,Schnoz #0897,190362,T. Pukki
Algorand:3612042642,Schnoz #0898,213331,J. Tah
Algorand:3612042876,Schnoz #0899,211784,N. Maupay
Algorand:3612042918,Schnoz #0900,223671,S. Posch
Algorand:3612043122,Schnoz #0901,210513,J. Quintero
Algorand:3612043198,Schnoz #0902,194794,A. Yarmolenko
Algorand:3612043297,Schnoz #0903,214766,C. Izquierdoz
Algorand:3612043464,Schnoz #0904,205186,P. Gazzaniga
Algorand:3612043532,Schnoz #0905,239842,G. Giakoumakis
Algorand:3612043742,Schnoz #0906,138703,A. D'Alessandro
Algorand:3612043786,Schnoz #0907,227497,M. Fraisl
Algorand:3612043846,Schnoz #0908,207599,M. Keane
Algorand:3612044096,Schnoz #0909,221697,O. Watkins
Algorand:3612044143,Schnoz #0910,210315,De Tomás
Algorand:3612044339,Schnoz #0911,225263,D. Ćaleta-Car
Algorand:3612044374,Schnoz #0912,217805,A. Martín Arias
Algorand:3612044597,Schnoz #0913,237239,E. Bardhi
Algorand:3612044636,Schnoz #0914,245037,Eric García
Algorand:3612044704,Schnoz #0915,190544,A. Ljajić
Algorand:3612044890,Schnoz #0916,233999,Jairo Farnias
Algorand:3612044964,Schnoz #0917,229104,H. Faik
Algorand:3612045198,Schnoz #0918,192342,E. Cardona
Algorand:3612045267,Schnoz #0919,178007,Miguel Veloso
Algorand:3612045496,Schnoz #0920,188335,A. Budimir
Algorand:3612045683,Schnoz #0921,231640,Ontiveros
Algorand:3612045941,Schnoz #0922,185103,A. Kolarov
Algorand:3612046040,Schnoz #0923,205942,S. Lung
Algorand:3612046075,Schnoz #0924,205083,F. Fajr
Algorand:3612046283,Schnoz #0925,198640,Z. Labyad
Algorand:3612046317,Schnoz #0926,163925,A. Diamanti
Algorand:3612046496,Schnoz #0927,240753,A. Gouiri
Algorand:3612046535,Schnoz #0928,225149,J. Butez
Algorand:3612046695,Schnoz #0929,240493,A. Paschalakis
Algorand:3612046804,Schnoz #0930,239301,L. Martínez
Algorand:3612047072,Schnoz #0931,185103,A. Kolarov
Algorand:3612047142,Schnoz #0932,194222,Laguardia
Algorand:3612047324,Schnoz #0933,212382,P. Onuachu
Algorand:3612047420,Schnoz #0934,187607,A. Dzyuba
Algorand:3612047472,Schnoz #0935,193338,M. Destro
Algorand:3612047634,Schnoz #0936,189125,G. Bonaventura
Algorand:3612047681,Schnoz #0937,186153,W. Szczęsny
Algorand:3612047885,Schnoz #0938,199561,Nolito
Algorand:3612047912,Schnoz #0939,200318,M. Uth
Algorand:3612048107,Schnoz #0940,198118,J. Guilavogui
Algorand:3612048202,Schnoz #0941,214766,C. Izquierdoz
Algorand:3612048391,Schnoz #0942,259166,E. Green
Algorand:3612048504,Schnoz #0943,228410,D. Iversen
Algorand:3612048672,Schnoz #0944,182270,W. Sandilands
Algorand:3612048747,Schnoz #0945,194222,Laguardia
Algorand:3612048859,Schnoz #0946,239901,S. Kalajdžić
Algorand:3612049000,Schnoz #0947,194209,Y. El Arabi
Algorand:3612049173,Schnoz #0948,193247,H. Lindner
Algorand:3612049439,Schnoz #0949,246186,Arthur Cabral
Algorand:3612049534,Schnoz #0950,193152,Herrerín
Algorand:3612049673,Schnoz #0951,143587,F. Belluschi
Algorand:3612050053,Schnoz #0952,170597,T. Krul
Algorand:3612050160,Schnoz #0953,229683,Rodrigo Pinho
Algorand:3612050473,Schnoz #0954,230347,Welington Dano
Algorand:3612050774,Schnoz #0955,150659,V. Demarconnay
Algorand:3612050828,Schnoz #0956,193408,H. Seferović
Algorand:3612050958,Schnoz #0957,188103,Rochina
Algorand:3612051047,Schnoz #0958,225659,G. Rodríguez
Algorand:3612051345,Schnoz #0959,229104,H. Faik
Algorand:3612051489,Schnoz #0960,185103,A. Kolarov
Algorand:3612051656,Schnoz #0961,206651,Roberto Torres
Algorand:3612051761,Schnoz #0962,189607,M. Schäffler
Algorand:3612051930,Schnoz #0963,178007,Miguel Veloso
Algorand:3612052094,Schnoz #0964,212204,B. Mechele
Algorand:3612052270,Schnoz #0965,156437,P. Pentke
Algorand:3612052371,Schnoz #0966,228295,R. Holding
Algorand:3612052439,Schnoz #0967,214983,M. Ibáñez
Algorand:3612052662,Schnoz #0968,202935,Álvaro
Algorand:3612052709,Schnoz #0969,163925,A. Diamanti
Algorand:3612052896,Schnoz #0970,224254,C. Pavón
Algorand:3612052951,Schnoz #0971,234826,Toni Martínez
Algorand:3612053105,Schnoz #0972,224151,H. Martín
Algorand:3612053210,Schnoz #0973,189805,L. de Jong
Algorand:3612053407,Schnoz #0974,251412,S. Weissman
Algorand:3612053549,Schnoz #0975,209288,F. Mollet
Algorand:3612053578,Schnoz #0976,193601,G. Pezzella
Algorand:3612053799,Schnoz #0977,233306,D. Henderson
Algorand:3612053900,Schnoz #0978,239956,M. Boadu
Algorand:3612054068,Schnoz #0979,240225,M. Safonov
Algorand:3612054113,Schnoz #0980,226853,J. St. Juste
Algorand:3612054190,Schnoz #0981,201942,Roberto Firmino
Algorand:3612054328,Schnoz #0982,243952,A. Lunin
Algorand:3612054442,Schnoz #0983,230320,Victorino Magela
Algorand:3612054693,Schnoz #0984,239837,A. Mac Allister
Algorand:3612054740,Schnoz #0985,193277,J. Siebenhandl
Algorand:3612054884,Schnoz #0986,232670,F. Zampedri
Algorand:3612054952,Schnoz #0987,189053,F. Caputo
Algorand:3612055055,Schnoz #0988,228618,F. Mendy
Algorand:3612055285,Schnoz #0989,231628,Rafa Mir
Algorand:3612055386,Schnoz #0990,206145,B. Uphoff
Algorand:3612055460,Schnoz #0991,233974,Nathael Silbeira
Algorand:3612055606,Schnoz #0992,215123,A. Aguerre
Algorand:3612055658,Schnoz #0993,239842,G. Giakoumakis
Algorand:3612055822,Schnoz #0994,190765,P. Groß
Algorand:3612055889,Schnoz #0995,205569,J. Ward-Prowse
Algorand:3612055976,Schnoz #0996,170890,B. Matuidi
Algorand:3612056130,Schnoz #0997,225701,P. Gallese
Algorand:3612056260,Schnoz #0998,240699,N. De la Cruz
Algorand:3612056567,Schnoz #0999,209981,Y. Bounou
Algorand:3612056696,Schnoz #1000,199561,Nolito
Algorand:3612056793,Schnoz #1001,185431,N. Kalinić
Algorand:3612056922,Schnoz #1002,189607,M. Schäffler
Algorand:3612057197,Schnoz #1003,199561,Nolito
Algorand:3612057291,Schnoz #1004,221491,N. Elvedi
Algorand:3612057529,Schnoz #1005,206307,J. Frick
Algorand:3612057709,Schnoz #1006,235947,J. Brunetta
Algorand:3612057771,Schnoz #1007,225508,E. Bailly
Algorand:3612058034,Schnoz #1008,219496,Simy
Algorand:3612058317,Schnoz #1009,199823,Campaña
Algorand:3612058535,Schnoz #1010,217097,R. Otero
Algorand:3612058911,Schnoz #1011,225844,D. Verde
Algorand:3612059026,Schnoz #1012,199274,I. Nestorovski
Algorand:3612059129,Schnoz #1013,220523,Y. Mina
Algorand:3612059299,Schnoz #1014,173608,Joselu
Algorand:3612059468,Schnoz #1015,215531,D. Türüç
Algorand:3612059527,Schnoz #1016,178088,Juan Mata
Algorand:3612059635,Schnoz #1017,199254,João Pedro
Algorand:3612059881,Schnoz #1018,242818,F. Dahmen
Algorand:3612059933,Schnoz #1019,220901,David Raya
Algorand:3612060005,Schnoz #1020,236506,M. Senesi
Algorand:3612060263,Schnoz #1021,243993,Enric Gallego
Algorand:3612060311,Schnoz #1022,183714,S. Terodde
Algorand:3612060549,Schnoz #1023,223671,S. Posch
Algorand:3612060769,Schnoz #1024,219637,Cantero
Algorand:3612060833,Schnoz #1025,235173,I. Sangaré
Algorand:3612061061,Schnoz #1026,237942,P. Estupiñán
Algorand:3612061103,Schnoz #1027,222511,E. Unsain
Algorand:3612061261,Schnoz #1028,213761,A. Hamdallah
Algorand:3612061431,Schnoz #1029,214169,W. Tesillo
Algorand:3612061642,Schnoz #1030,242444,João Félix
Algorand:3612061768,Schnoz #1031,235970,Mario González
Algorand:3612061835,Schnoz #1032,228687,K. Dolberg
Algorand:3612061899,Schnoz #1033,226853,J. St. Juste
Algorand:3612062100,Schnoz #1034,220131,M. Diagne
Algorand:3612062226,Schnoz #1035,236786,M. Terrier
Algorand:3612062281,Schnoz #1036,231352,T. Abraham
Algorand:3612062521,Schnoz #1037,165229,L. Koscielny
Algorand:3612062599,Schnoz #1038,220793,D. Sánchez
Algorand:3612062780,Schnoz #1039,205878,S. Kapino
Algorand:3612062875,Schnoz #1040,214562,L. Castro
Algorand:3612063043,Schnoz #1041,241202,P. Daka
Algorand:3612063118,Schnoz #1042,223885,A. Nübel
Algorand:3612063253,Schnoz #1043,164484,J. Dahlin
Algorand:3612063357,Schnoz #1044,180714,Guilherme
Algorand:3612063457,Schnoz #1045,171975,G. Bergessio
Algorand:3612063654,Schnoz #1046,163925,A. Diamanti
Algorand:3612063718,Schnoz #1047,213536,M. Crépeau
Algorand:3612063829,Schnoz #1048,223848,S. Milinković-Savić
Algorand:3612063923,Schnoz #1049,215449,R. Skov
Algorand:3612064058,Schnoz #1050,138956,G. Chiellini
Algorand:3612064187,Schnoz #1051,190544,A. Ljajić
Algorand:3612064302,Schnoz #1052,225508,E. Bailly
Algorand:3612064601,Schnoz #1053,223578,Mata
Algorand:3612064716,Schnoz #1054,238476,D. Zagadou
Algorand:3612064777,Schnoz #1055,247257,Ibañez
Algorand:3612065007,Schnoz #1056,237183,M. Rojas
Algorand:3612065070,Schnoz #1057,237239,E. Bardhi
Algorand:3612065261,Schnoz #1058,208295,R. Saïss
Algorand:3612065317,Schnoz #1059,194794,A. Yarmolenko
Algorand:3612065566,Schnoz #1060,177003,L. Modrić
Algorand:3612065818,Schnoz #1061,251408,S. Nurković
Algorand:3612066078,Schnoz #1062,244987,M. Álvarez
Algorand:3612066379,Schnoz #1063,234833,F. Müller
Algorand:3612066640,Schnoz #1064,199561,Nolito
Algorand:3612066879,Schnoz #1065,198950,Pablo Sarabia
Algorand:3612067089,Schnoz #1066,225508,E. Bailly
Algorand:3612067329,Schnoz #1067,240130,Éder Militão
Algorand:3612067396,Schnoz #1068,201377,J. Murillo
Algorand:3612067600,Schnoz #1069,228520,E. Ávila
Algorand:3612067626,Schnoz #1070,199561,Nolito
Algorand:3612067821,Schnoz #1071,235042,D. Liénard
Algorand:3612067876,Schnoz #1072,214350,M. Rangel
Algorand:3612067967,Schnoz #1073,225375,K. Laimer
Algorand:3612068167,Schnoz #1074,195093,Willian José
Algorand:3612068270,Schnoz #1075,222951,M. Rodák
Algorand:3612068352,Schnoz #1076,239956,M. Boadu
Algorand:3612068596,Schnoz #1077,233731,A. Isak
Algorand:3612068637,Schnoz #1078,209288,F. Mollet
Algorand:3612068748,Schnoz #1079,230315,Ailton Cardenhas
Algorand:3612068861,Schnoz #1080,209989,T. Partey
Algorand:3612069029,Schnoz #1081,204082,J. Brooks
Algorand:3612069226,Schnoz #1082,222729,Gustavo
Algorand:3612069269,Schnoz #1083,231237,P. Jensen
Algorand:3612069486,Schnoz #1084,182495,M. Cáceres
Algorand:3612069607,Schnoz #1085,234396,A. Davies
Algorand:3612069652,Schnoz #1086,230212,Antônio Chiamuloira
Algorand:3612069894,Schnoz #1087,252590,Fer Niño
Algorand:3612070003,Schnoz #1088,212207,N. Stanciu
Algorand:3612070073,Schnoz #1089,178509,O. Giroud
Algorand:3612070242,Schnoz #1090,213761,A. Hamdallah
Algorand:3612070365,Schnoz #1091,231627,U. Sadiq
Algorand:3612070613,Schnoz #1092,237942,P. Estupiñán
Algorand:3612070789,Schnoz #1093,227127,Álex Remiro
Algorand:3612071016,Schnoz #1094,178509,O. Giroud
Algorand:3612071134,Schnoz #1095,232665,M. Arambarri
Algorand:3612071231,Schnoz #1096,163925,A. Diamanti
Algorand:3612071525,Schnoz #1097,213516,Ricardo Horta
Algorand:3612071713,Schnoz #1098,236355,Luiz Felipe
Algorand:3612071902,Schnoz #1099,203038,Lucas Piazón
Algorand:3612071984,Schnoz #1100,180808,O. Kúdela
Algorand:3612072210,Schnoz #1101,228687,K. Dolberg
Algorand:3612072296,Schnoz #1102,241686,Manu Vallejo
Algorand:3612072497,Schnoz #1103,161938,M. Boselli
Algorand:3612072607,Schnoz #1104,146439,Negredo
Algorand:3612072884,Schnoz #1105,188524,V. Babacan
Algorand:3612073215,Schnoz #1106,237183,M. Rojas
Algorand:3612073304,Schnoz #1107,206534,P. Bamford
Algorand:3612073400,Schnoz #1108,230502,Dênildo Stein
Algorand:3612073649,Schnoz #1109,213761,A. Hamdallah
Algorand:3612073737,Schnoz #1110,240699,N. De la Cruz
Algorand:3612073969,Schnoz #1111,193107,Paulo Victor
Algorand:3612074077,Schnoz #1112,227497,M. Fraisl
Algorand:3612074361,Schnoz #1113,188103,Rochina
Algorand:3612074537,Schnoz #1114,205923,B. Davies
Algorand:3612074807,Schnoz #1115,229541,Á. Montero
Algorand:3612074940,Schnoz #1116,233486,R. Le Normand
Algorand:3612075241,Schnoz #1117,235042,D. Liénard
Algorand:3612075319,Schnoz #1118,237239,E. Bardhi
Algorand:3612075508,Schnoz #1119,189881,C. Smalling
Algorand:3612075566,Schnoz #1120,246186,Arthur Cabral
Algorand:3612075626,Schnoz #1121,229255,Charles
Algorand:3612075774,Schnoz #1122,240699,N. De la Cruz
Algorand:3612075871,Schnoz #1123,192789,Mario Gaspar
Algorand:3612075911,Schnoz #1124,231352,T. Abraham
Algorand:3612076120,Schnoz #1125,221430,U. Đurđević
Algorand:3612076327,Schnoz #1126,220048,S. Scuffet
Algorand:3612076415,Schnoz #1127,152912,J. Sand
Algorand:3612076495,Schnoz #1128,195668,Joel Robles
Algorand:3612076698,Schnoz #1129,215213,A. Werner
Algorand:3612076764,Schnoz #1130,202201,J. Gouweleeuw
Algorand:3612076977,Schnoz #1131,224254,C. Pavón
Algorand:3612077006,Schnoz #1132,159261,F. Quagliarella
Algorand:3612077209,Schnoz #1133,199904,J. Joronen
Algorand:3612077288,Schnoz #1134,230498,Luimo Boas Santos
Algorand:3612077377,Schnoz #1135,189805,L. de Jong
Algorand:3612077620,Schnoz #1136,142258,S. Bossut
Algorand:3612077725,Schnoz #1137,238160,M. Demiral
Algorand:3612077911,Schnoz #1138,190593,D. Aleksić
Algorand:3612078000,Schnoz #1139,233866,O. Edouard
Algorand:3612078235,Schnoz #1140,194222,Laguardia
Algorand:3612078305,Schnoz #1141,198140,R. Funes Mori
Algorand:3612078366,Schnoz #1142,212242,R. Andrich
Algorand:3612078618,Schnoz #1143,236610,M. Kean
Algorand:3612078657,Schnoz #1144,193408,H. Seferović
Algorand:3612078822,Schnoz #1145,177509,M. Benatia
Algorand:3612078881,Schnoz #1146,210315,De Tomás
Algorand:3612079030,Schnoz #1147,206413,T. Stepanenko
Algorand:3612079148,Schnoz #1148,213013,F. Acheampong
Algorand:3612079208,Schnoz #1149,201377,J. Murillo
Algorand:3612079419,Schnoz #1150,199987,J. Cillessen
Algorand:3612079521,Schnoz #1151,212207,N. Stanciu
Algorand:3612079665,Schnoz #1152,239335,Óscar
Algorand:3612079785,Schnoz #1153,157960,Manuel Fernandes
Algorand:3612079958,Schnoz #1154,178005,Rui Patrício
Algorand:3612080055,Schnoz #1155,214562,L. Castro
Algorand:3612080113,Schnoz #1156,239301,L. Martínez
Algorand:3612080318,Schnoz #1157,178090,D. Biseswar
Algorand:3612080397,Schnoz #1158,194794,A. Yarmolenko
Algorand:3612080684,Schnoz #1159,251809,S. Botman
Algorand:3612080790,Schnoz #1160,198118,J. Guilavogui
Algorand:3612081018,Schnoz #1161,225263,D. Ćaleta-Car
Algorand:3612081098,Schnoz #1162,164878,L. Refaelov
Algorand:3612081156,Schnoz #1163,45186,Joaquín
Algorand:3612081199,Schnoz #1164,215064,J. Furch
Algorand:3612081437,Schnoz #1165,193469,Víctor Ruiz
Algorand:3612081466,Schnoz #1166,224254,C. Pavón
Algorand:3612081660,Schnoz #1167,215048,J. Burrai
Algorand:3612081755,Schnoz #1168,204963,Carvajal
Algorand:3612081851,Schnoz #1169,223596,S. Prevljak
Algorand:3612082072,Schnoz #1170,212096,V. Grifo
Algorand:3612082167,Schnoz #1171,177633,Ángel
Algorand:3612082372,Schnoz #1172,224254,C. Pavón
Algorand:3612082519,Schnoz #1173,232226,D. Boyko
Algorand:3612082744,Schnoz #1174,192342,E. Cardona
Algorand:3612082860,Schnoz #1175,178090,D. Biseswar
Algorand:3612082962,Schnoz #1176,179752,Ó. Cardozo
Algorand:3612083173,Schnoz #1177,225263,D. Ćaleta-Car
Algorand:3612083268,Schnoz #1178,233486,R. Le Normand
Algorand:3612083423,Schnoz #1179,230379,Vieirundinho
Algorand:3612083524,Schnoz #1180,202873,K. Müller
Algorand:3612083669,Schnoz #1181,251116,T. Holeš
Algorand:3612083878,Schnoz #1182,211591,M. Dembélé
Algorand:3612083906,Schnoz #1183,233486,R. Le Normand
Algorand:3612084186,Schnoz #1184,219793,T. Didillon
Algorand:3612084253,Schnoz #1185,194781,Renan Ribeiro
Algorand:3612084425,Schnoz #1186,256612,Evanilson
Algorand:3612084540,Schnoz #1187,135507,Fernandinho
Algorand:3612084715,Schnoz #1188,216145,A. Izzo
Algorand:3612084829,Schnoz #1189,229984,B. Chilwell
Algorand:3612084907,Schnoz #1190,181820,S. Jovetić
Algorand:3612085128,Schnoz #1191,204538,R. Ruidíaz
Algorand:3612085210,Schnoz #1192,230294,Louri Beretta
Algorand:3612085518,Schnoz #1193,193469,Víctor Ruiz
Algorand:3612085762,Schnoz #1194,162835,S. Handanovič
Algorand:3612086006,Schnoz #1195,211348,S. Dimitrievski
Algorand:3612086086,Schnoz #1196,236772,D. Szoboszlai
Algorand:3612086263,Schnoz #1197,190765,P. Groß
Algorand:3612086403,Schnoz #1198,263139,D. Greif
Algorand:3612086661,Schnoz #1199,194932,A. Townsend
Algorand:3612086845,Schnoz #1200,20775,Quaresma
Algorand:3612087033,Schnoz #1201,209288,F. Mollet
Algorand:3612087186,Schnoz #1202,159261,F. Quagliarella
Algorand:3612087260,Schnoz #1203,155946,R. Snodgrass
Algorand:3612087415,Schnoz #1204,214097,B. Bourigeaud
Algorand:3612087830,Schnoz #1205,237942,P. Estupiñán
Algorand:3612088181,Schnoz #1206,207926,A. Linde
Algorand:3612088257,Schnoz #1207,225263,D. Ćaleta-Car
Algorand:3612088572,Schnoz #1208,221912,Kang Hyeon Mu
Algorand:3612088699,Schnoz #1209,150724,J. Hart
Algorand:3612088784,Schnoz #1210,232144,F. Uduokhai
Algorand:3612088952,Schnoz #1211,206577,S. Peeters
Algorand:3612089104,Schnoz #1212,190362,T. Pukki
Algorand:3612089206,Schnoz #1213,239335,Óscar
Algorand:3612089380,Schnoz #1214,212242,R. Andrich
Algorand:3612089470,Schnoz #1215,188545,R. Lewandowski
Algorand:3612089514,Schnoz #1216,193182,W. Foderingham
Algorand:3612089676,Schnoz #1217,192789,Mario Gaspar
Algorand:3612089765,Schnoz #1218,215531,D. Türüç
Algorand:3612089805,Schnoz #1219,143121,J. Sosa
Algorand:3612090018,Schnoz #1220,189224,Júnior Negão
Algorand:3612090086,Schnoz #1221,226601,Vitor Hugo
Algorand:3612090138,Schnoz #1222,237942,P. Estupiñán
Algorand:3612090350,Schnoz #1223,164459,S. Larsson
Algorand:3612090402,Schnoz #1224,232665,M. Arambarri
Algorand:3612090599,Schnoz #1225,194932,A. Townsend
Algorand:3612090670,Schnoz #1226,180216,S. Coleman
Algorand:3612090881,Schnoz #1227,212242,R. Andrich
Algorand:3612090982,Schnoz #1228,213951,Helton Leite
Algorand:3612091046,Schnoz #1229,212242,R. Andrich
Algorand:3612091241,Schnoz #1230,192678,Kike García
Algorand:3612091380,Schnoz #1231,201377,J. Murillo
Algorand:3612091477,Schnoz #1232,200212,M. Esser
Algorand:3612091644,Schnoz #1233,177475,T. Sippel
Algorand:3612091685,Schnoz #1234,163925,A. Diamanti
Algorand:3612091874,Schnoz #1235,212207,N. Stanciu
Algorand:3612091928,Schnoz #1236,219496,Simy
Algorand:3612092094,Schnoz #1237,170890,B. Matuidi
Algorand:3612092251,Schnoz #1238,246398,S. Rojas
Algorand:3612092302,Schnoz #1239,208128,H. Çalhanoğlu
Algorand:3612092520,Schnoz #1240,229773,G. Dzhikiya
Algorand:3612092571,Schnoz #1241,185172,V. Fiorillo
Algorand:3612092712,Schnoz #1242,221841,A. Armstrong
Algorand:3612092771,Schnoz #1243,178007,Miguel Veloso
Algorand:3612092934,Schnoz #1244,190544,A. Ljajić
Algorand:3612093032,Schnoz #1245,194845,W. Khazri
Algorand:3612093200,Schnoz #1246,198513,Cláudio Ramos
Algorand:3612093352,Schnoz #1247,242879,M. Vandevoordt
Algorand:3612093400,Schnoz #1248,220697,J. Maddison
Algorand:3612093619,Schnoz #1249,211784,N. Maupay
Algorand:3612093741,Schnoz #1250,170890,B. Matuidi
Algorand:3612093830,Schnoz #1251,212382,P. Onuachu
Algorand:3612094004,Schnoz #1252,225341,David García
Algorand:3612094092,Schnoz #1253,212198,Bruno Fernandes
Algorand:3612094207,Schnoz #1254,197837,D. Boyata
Algorand:3612094262,Schnoz #1255,235970,Mario González
Algorand:3612094496,Schnoz #1256,225508,E. Bailly
Algorand:3612094610,Schnoz #1257,215399,Rúben Vezo
Algorand:3612094678,Schnoz #1258,215531,D. Türüç
Algorand:3612094951,Schnoz #1259,239837,A. Mac Allister
Algorand:3612095111,Schnoz #1260,189342,C. Pinsoglio
Algorand:3612095204,Schnoz #1261,167397,Falcao
Algorand:3612095388,Schnoz #1262,209973,J. Nsame
Algorand:3612095433,Schnoz #1263,206577,S. Peeters
Algorand:3612095595,Schnoz #1264,217097,R. Otero
Algorand:3612095722,Schnoz #1265,189125,G. Bonaventura
Algorand:3612095936,Schnoz #1266,251809,S. Botman
Algorand:3612096043,Schnoz #1267,200318,M. Uth
Algorand:3612096120,Schnoz #1268,252590,Fer Niño
Algorand:3612096170,Schnoz #1269,225293,H. Diallo
Algorand:3612096418,Schnoz #1270,244470,V. Coufal
Algorand:3612096467,Schnoz #1271,170368,E. Lamela
Algorand:3612096609,Schnoz #1272,219496,Simy
Algorand:3612096829,Schnoz #1273,231628,Rafa Mir
Algorand:3612096981,Schnoz #1274,230430,Oswaldinato
Algorand:3612097080,Schnoz #1275,186569,S. Ulreich
Algorand:3612097251,Schnoz #1276,196885,C. Lampe
Algorand:3612097332,Schnoz #1277,231366,P. Lienhart
Algorand:3612097513,Schnoz #1278,183141,Oier
Algorand:3612097632,Schnoz #1279,228295,R. Holding
Algorand:3612097861,Schnoz #1280,217097,R. Otero
Algorand:3612098056,Schnoz #1281,229773,G. Dzhikiya
Algorand:3612098108,Schnoz #1282,192009,J. Rodríguez
Algorand:3612098307,Schnoz #1283,211559,Tiago Rodrigues
Algorand:3612098406,Schnoz #1284,184484,G. Sigurðsson
Algorand:3612098539,Schnoz #1285,193348,X. Shaqiri
Algorand:3612098659,Schnoz #1286,201377,J. Murillo
Algorand:3612098737,Schnoz #1287,216939,A. Blake
Algorand:3612098860,Schnoz #1288,202935,Álvaro
Algorand:3612098922,Schnoz #1289,184703,L. Montes
Algorand:3612099214,Schnoz #1290,173474,Z. Junuzović
Algorand:3612099527,Schnoz #1291,158121,B. Costil
Algorand:3612099793,Schnoz #1292,231352,T. Abraham
Algorand:3612099941,Schnoz #1293,237183,M. Rojas
Algorand:3612100168,Schnoz #1294,220131,M. Diagne
Algorand:3612100236,Schnoz #1295,178250,P. Diop
Algorand:3612100280,Schnoz #1296,200159,S. Ortega
Algorand:3612100578,Schnoz #1297,251511,M. Zeghba
Algorand:3612100648,Schnoz #1298,200318,M. Uth
Algorand:3612100850,Schnoz #1299,210897,C. Mbemba
Algorand:3612101109,Schnoz #1300,211738,M. Flekken
Algorand:3612101260,Schnoz #1301,240130,Éder Militão
Algorand:3612101350,Schnoz #1302,220383,Aarón
Algorand:3612101488,Schnoz #1303,220131,M. Diagne
Algorand:3612101571,Schnoz #1304,234835,Domingos Duarte
Algorand:3612101626,Schnoz #1305,182168,A. Ranocchia
Algorand:3612101731,Schnoz #1306,217649,S. Gonda
Algorand:3612101801,Schnoz #1307,236610,M. Kean
Algorand:3612101899,Schnoz #1308,184703,L. Montes
Algorand:3612102080,Schnoz #1309,203736,S. Bahoken
Algorand:3612102188,Schnoz #1310,157960,Manuel Fernandes
Algorand:3612102293,Schnoz #1311,169416,C. Vela
Algorand:3612102517,Schnoz #1312,240699,N. De la Cruz
Algorand:3612102651,Schnoz #1313,231545,Miguel Silva
Algorand:3612102767,Schnoz #1314,170597,T. Krul
Algorand:3612102994,Schnoz #1315,220673,R. Tapia
Algorand:3612103062,Schnoz #1316,177475,T. Sippel
Algorand:3612103277,Schnoz #1317,208165,B. Djimsiti
Algorand:3612103346,Schnoz #1318,144172,S. Kırıntılı
Algorand:3612104053,Schnoz #1319,205923,B. Davies
Algorand:3612104156,Schnoz #1320,229773,G. Dzhikiya
Algorand:3612104274,Schnoz #1321,223113,K. Piątek
Algorand:3612104468,Schnoz #1322,171975,G. Bergessio
Algorand:3612104536,Schnoz #1323,222514,F. Woodman
Algorand:3612104680,Schnoz #1324,188400,T. Kaminski
Algorand:3612104900,Schnoz #1325,219809,T. Bakayoko
Algorand:3612106666,Schnoz #1326,213516,Ricardo Horta
Algorand:3612107385,Schnoz #1327,205431,N. Füllkrug
Algorand:3612108285,Schnoz #1328,199561,Nolito
Algorand:3612108358,Schnoz #1329,193469,Víctor Ruiz
Algorand:3612108656,Schnoz #1330,173474,Z. Junuzović
Algorand:3612108978,Schnoz #1331,241202,P. Daka
Algorand:3612109568,Schnoz #1332,250797,P. Ortíz
Algorand:3612109918,Schnoz #1333,237183,M. Rojas
Algorand:3612110082,Schnoz #1334,244467,O. Kolář
Algorand:3612110166,Schnoz #1335,194932,A. Townsend
Algorand:3612110489,Schnoz #1336,225719,K. Iheanacho
Algorand:3612110598,Schnoz #1337,237525,A. Bodart
Algorand:3612110630,Schnoz #1338,209499,Fabinho
Algorand:3612110868,Schnoz #1339,212442,José Sá
Algorand:3612110965,Schnoz #1340,189881,C. Smalling
Algorand:3612111091,Schnoz #1341,242577,R. Faivre
Algorand:3612111168,Schnoz #1342,192598,Ai Kesen
Algorand:3612111223,Schnoz #1343,236772,D. Szoboszlai
Algorand:3612111442,Schnoz #1344,20775,Quaresma
Algorand:3612111551,Schnoz #1345,208104,Matheus
Algorand:3612111641,Schnoz #1346,200463,T. Melia
Algorand:3612111841,Schnoz #1347,202201,J. Gouweleeuw
Algorand:3612111944,Schnoz #1348,216531,Paulinho
Algorand:3612112071,Schnoz #1349,192342,E. Cardona
Algorand:3612112168,Schnoz #1350,212096,V. Grifo
Algorand:3612112289,Schnoz #1351,234060,Y. Herrera
Algorand:3612112447,Schnoz #1352,158121,B. Costil
Algorand:3612112566,Schnoz #1353,193186,N. Etheridge
Algorand:3612112603,Schnoz #1354,215449,R. Skov
Algorand:3612112786,Schnoz #1355,244467,O. Kolář
Algorand:3612112943,Schnoz #1356,232670,F. Zampedri
Algorand:3612113023,Schnoz #1357,173432,H. Moreno
Algorand:3612113327,Schnoz #1358,244426,B. Lednev
Algorand:3612113401,Schnoz #1359,24630,Pepe Reina
Algorand:3612113428,Schnoz #1360,215449,R. Skov
Algorand:3612113612,Schnoz #1361,213761,A. Hamdallah
Algorand:3612113670,Schnoz #1362,205083,F. Fajr
Algorand:3612113800,Schnoz #1363,193348,X. Shaqiri
Algorand:3612113881,Schnoz #1364,162220,S. Bolat
Algorand:3612114019,Schnoz #1365,201377,J. Murillo
Algorand:3612114168,Schnoz #1366,221491,N. Elvedi
Algorand:3612114246,Schnoz #1367,215441,S. Guirassy
Algorand:3612114321,Schnoz #1368,189324,A. McCarthy
Algorand:3612114531,Schnoz #1369,214097,B. Bourigeaud
Algorand:3612114616,Schnoz #1370,226601,Vitor Hugo
Algorand:3612114680,Schnoz #1371,231640,Ontiveros
Algorand:3612114866,Schnoz #1372,170368,E. Lamela
Algorand:3612115049,Schnoz #1373,194845,W. Khazri
Algorand:3612115184,Schnoz #1374,230294,Louri Beretta
Algorand:3612115261,Schnoz #1375,243238,Júnior Moraes
Algorand:3612115293,Schnoz #1376,244067,M. Lacroix
Algorand:3612115476,Schnoz #1377,192598,Ai Kesen
Algorand:3612115521,Schnoz #1378,251408,S. Nurković
Algorand:3612115572,Schnoz #1379,192985,K. De Bruyne
Algorand:3612115805,Schnoz #1380,244067,M. Lacroix
Algorand:3612115910,Schnoz #1381,231691,A. Lafont
Algorand:3612116044,Schnoz #1382,230176,Sacramentinho
Algorand:3612116119,Schnoz #1383,218717,G. Mhango
Algorand:3612116222,Schnoz #1384,216033,J. Broun
Algorand:3612116314,Schnoz #1385,205409,S. Sosa
Algorand:3612116373,Schnoz #1386,184858,Alan Kardec
Algorand:3612116486,Schnoz #1387,234060,Y. Herrera
Algorand:3612116773,Schnoz #1388,206561,C. Walton
Algorand:3612116844,Schnoz #1389,240225,M. Safonov
Algorand:3612117012,Schnoz #1390,244700,Y. Dyupin
Algorand:3612117185,Schnoz #1391,189682,B. Mee
Algorand:3612117239,Schnoz #1392,L0010,Maldini
Algorand:3612117315,Schnoz #1393,213331,J. Tah
Algorand:3612117472,Schnoz #1394,215689,A. Petagna
Algorand:3612117527,Schnoz #1395,243238,Júnior Moraes
Algorand:3612117682,Schnoz #1396,164878,L. Refaelov
Algorand:3612117719,Schnoz #1397,204523,Rubén Pardo
Algorand:3612117878,Schnoz #1398,226221,Aritz Elustondo
Algorand:3612117959,Schnoz #1399,228736,W. Faríñez
Algorand:3612117990,Schnoz #1400,215213,A. Werner
Algorand:3612118184,Schnoz #1401,237034,J. Hernández
Algorand:3612118303,Schnoz #1402,200332,T. Koubek
Algorand:3612118376,Schnoz #1403,192342,E. Cardona
Algorand:3612118531,Schnoz #1404,204538,R. Ruidíaz
Algorand:3612118622,Schnoz #1405,230191,Enzo Marteiro
Algorand:3612118875,Schnoz #1406,212096,V. Grifo
Algorand:3612119104,Schnoz #1407,214766,C. Izquierdoz
Algorand:3612119183,Schnoz #1408,244700,Y. Dyupin
Algorand:3612119328,Schnoz #1409,231640,Ontiveros
Algorand:3612119459,Schnoz #1410,220710,H. Wilson
Algorand:3612119564,Schnoz #1411,194806,C. Dawson
Algorand:3612119622,Schnoz #1412,225508,E. Bailly
Algorand:3612119866,Schnoz #1413,225844,D. Verde
Algorand:3612119901,Schnoz #1414,236758,O. Christensen
Algorand:3612120058,Schnoz #1415,206651,Roberto Torres
Algorand:3612120137,Schnoz #1416,189509,Thiago
Algorand:3612120324,Schnoz #1417,186307,M. Fabián
Algorand:3612120396,Schnoz #1418,159261,F. Quagliarella
Algorand:3612120451,Schnoz #1419,175254,F. Caicedo
Algorand:3612120621,Schnoz #1420,198951,C. Bakambu
Algorand:3612120753,Schnoz #1421,226853,J. St. Juste
Algorand:3612120779,Schnoz #1422,184703,L. Montes
Algorand:3612121005,Schnoz #1423,230168,Raphaelinho Anjos
Algorand:3612121074,Schnoz #1424,227127,Álex Remiro
Algorand:3612121133,Schnoz #1425,197837,D. Boyata
Algorand:3612121273,Schnoz #1426,210513,J. Quintero
Algorand:3612121330,Schnoz #1427,210513,J. Quintero
Algorand:3612121471,Schnoz #1428,24630,Pepe Reina
Algorand:3612121601,Schnoz #1429,230212,Antônio Chiamuloira
Algorand:3612121689,Schnoz #1430,225359,C. Budescu
Algorand:3612121857,Schnoz #1431,238476,D. Zagadou
Algorand:3612121983,Schnoz #1432,209973,J. Nsame
Algorand:3612122034,Schnoz #1433,188103,Rochina
Algorand:3612122258,Schnoz #1434,208045,O. Tannane
Algorand:3612122304,Schnoz #1435,167435,O. Ustari
Algorand:3612122406,Schnoz #1436,212204,B. Mechele
Algorand:3612122485,Schnoz #1437,205431,N. Füllkrug
Algorand:3612122635,Schnoz #1438,221174,M. Oršić
Algorand:3612122703,Schnoz #1439,239837,A. Mac Allister
Algorand:3612122770,Schnoz #1440,211784,N. Maupay
Algorand:3612122945,Schnoz #1441,252590,Fer Niño
Algorand:3612123002,Schnoz #1442,244067,M. Lacroix
Algorand:3612123259,Schnoz #1443,182270,W. Sandilands
Algorand:3612123383,Schnoz #1444,190459,A. Hansen
Algorand:3612123473,Schnoz #1445,236355,Luiz Felipe
Algorand:3612123624,Schnoz #1446,244470,V. Coufal
Algorand:3612123674,Schnoz #1447,175379,Pedro León
Algorand:3612123817,Schnoz #1448,235947,J. Brunetta
Algorand:3612123975,Schnoz #1449,45186,Joaquín
Algorand:3612124106,Schnoz #1450,230234,Everton Andrão
Algorand:3612124259,Schnoz #1451,251809,S. Botman
Algorand:3612124369,Schnoz #1452,203038,Lucas Piazón
Algorand:3612124435,Schnoz #1453,228789,Robert Sanchéz
Algorand:3612125123,Schnoz #1454,236610,M. Kean
Algorand:3612125253,Schnoz #1455,235947,J. Brunetta
Algorand:3612125314,Schnoz #1456,189068,B. Dost
Algorand:3612125435,Schnoz #1457,182224,Wang Dalei
Algorand:3612125548,Schnoz #1458,200260,S. Berghuis
Algorand:3612125606,Schnoz #1459,220820,M. Diaw
Algorand:3612125745,Schnoz #1460,228736,W. Faríñez
Algorand:3612125822,Schnoz #1461,215123,A. Aguerre
Algorand:3612126005,Schnoz #1462,251573,Renan Lodi
Algorand:3612126126,Schnoz #1463,186627,M. Balotelli
Algorand:3612126170,Schnoz #1464,205923,B. Davies
Algorand:3612126386,Schnoz #1465,241788,M. Taremi
Algorand:3612126527,Schnoz #1466,138703,A. D'Alessandro
Algorand:3612126565,Schnoz #1467,193408,H. Seferović
Algorand:3612126714,Schnoz #1468,185431,N. Kalinić
Algorand:3612126857,Schnoz #1469,178090,D. Biseswar
Algorand:3612126907,Schnoz #1470,243630,J. David
Algorand:3612127050,Schnoz #1471,205923,B. Davies
Algorand:3612127094,Schnoz #1472,230442,Matheus Bardeira
Algorand:3612127256,Schnoz #1473,204523,Rubén Pardo
Algorand:3612127374,Schnoz #1474,164459,S. Larsson
Algorand:3612127424,Schnoz #1475,185195,O. Ighalo
Algorand:3612127504,Schnoz #1476,188943,K. Trapp
Algorand:3612127751,Schnoz #1477,212067,C. Vargas
Algorand:3612127839,Schnoz #1478,237239,E. Bardhi
Algorand:3612127879,Schnoz #1479,216531,Paulinho
Algorand:3612128030,Schnoz #1480,234060,Y. Herrera
Algorand:3612128164,Schnoz #1481,211784,N. Maupay
Algorand:3612128249,Schnoz #1482,228295,R. Holding
Algorand:3612128350,Schnoz #1483,239901,S. Kalajdžić
Algorand:3612128383,Schnoz #1484,216065,M. Sportiello
Algorand:3612128524,Schnoz #1485,159261,F. Quagliarella
Algorand:3612128647,Schnoz #1486,251809,S. Botman
Algorand:3612128712,Schnoz #1487,243630,J. David
Algorand:3612128953,Schnoz #1488,235688,Lucas Veríssimo
Algorand:3612129039,Schnoz #1489,176994,R. Gurtner
Algorand:3612129101,Schnoz #1490,239085,E. Haaland
Algorand:3612129225,Schnoz #1491,171146,R. M'Bolhi
Algorand:3612129276,Schnoz #1492,204341,Luís Neto
Algorand:3612129427,Schnoz #1493,215333,D. Zapata
Algorand:3612129469,Schnoz #1494,242577,R. Faivre
Algorand:3612129635,Schnoz #1495,188044,A Lan
Algorand:3612129807,Schnoz #1496,192922,O. Jiménez
Algorand:3612129923,Schnoz #1497,179560,M. Sulejmani
Algorand:3612130113,Schnoz #1498,227536,M. Marega
Algorand:3612130271,Schnoz #1499,224254,C. Pavón
Algorand:3612130380,Schnoz #1500,241202,P. Daka
Algorand:3612130473,Schnoz #1501,225659,G. Rodríguez
Algorand:3612130615,Schnoz #1502,208004,J. Veltman
Algorand:3612130692,Schnoz #1503,235947,J. Brunetta
Algorand:3612130894,Schnoz #1504,178090,D. Biseswar
Algorand:3612130942,Schnoz #1505,163705,S. Mandanda
Algorand:3612131091,Schnoz #1506,182224,Wang Dalei
Algorand:3612131191,Schnoz #1507,230185,Túlio Changas
Algorand:3612131261,Schnoz #1508,199915,L. Dunk
Algorand:3612131431,Schnoz #1509,203344,Thiago Galhardo
Algorand:3612131654,Schnoz #1510,193601,G. Pezzella
Algorand:3612131736,Schnoz #1511,137506,G. Pandev
Algorand:3612131849,Schnoz #1512,229406,João Novais
Algorand:3612131957,Schnoz #1513,212207,N. Stanciu
Algorand:3612132002,Schnoz #1514,183714,S. Terodde
Algorand:3612132154,Schnoz #1515,219733,L. Ajorque
Algorand:3612132222,Schnoz #1516,182495,M. Cáceres
Algorand:3612132410,Schnoz #1517,192342,E. Cardona
Algorand:3612132517,Schnoz #1518,180808,O. Kúdela
Algorand:3612132590,Schnoz #1519,167397,Falcao
Algorand:3612132648,Schnoz #1520,228789,Robert Sanchéz
Algorand:3612132945,Schnoz #1521,186148,R. Zieler
Algorand:3612132979,Schnoz #1522,212242,R. Andrich
Algorand:3612133031,Schnoz #1523,235424,D. Samassékou
Algorand:3612133190,Schnoz #1524,20775,Quaresma
Algorand:3612133232,Schnoz #1525,220673,R. Tapia
Algorand:3612133345,Schnoz #1526,219496,Simy
Algorand:3612133415,Schnoz #1527,206651,Roberto Torres
Algorand:3612133477,Schnoz #1528,204334,I. Gelios
Algorand:3612133602,Schnoz #1529,215064,J. Furch
Algorand:3612133687,Schnoz #1530,177475,T. Sippel
Algorand:3612133743,Schnoz #1531,235688,Lucas Veríssimo
Algorand:3612133988,Schnoz #1532,208045,O. Tannane
Algorand:3612134063,Schnoz #1533,200798,Marafona
Algorand:3612134179,Schnoz #1534,L0012,Cafu
Algorand:3612134279,Schnoz #1535,179752,Ó. Cardozo
Algorand:3612134383,Schnoz #1536,193301,A. Lacazette
Algorand:3612134477,Schnoz #1537,175379,Pedro León
Algorand:3612134559,Schnoz #1538,197965,Pizzi
Algorand:3612134701,Schnoz #1539,221087,Pau López
Algorand:3612134776,Schnoz #1540,221430,U. Đurđević
Algorand:3612134853,Schnoz #1541,181820,S. Jovetić
Algorand:3612135044,Schnoz #1542,243952,A. Lunin
Algorand:3612135130,Schnoz #1543,235173,I. Sangaré
Algorand:3612135179,Schnoz #1544,171975,G. Bergessio
Algorand:3612135313,Schnoz #1545,208045,O. Tannane
Algorand:3612135465,Schnoz #1546,213951,Helton Leite
Algorand:3612135503,Schnoz #1547,240753,A. Gouiri
Algorand:3612135704,Schnoz #1548,204538,R. Ruidíaz
Algorand:3612135741,Schnoz #1549,211591,M. Dembélé
Algorand:3612135929,Schnoz #1550,144172,S. Kırıntılı
Algorand:3612136023,Schnoz #1551,226380,Hwang Hee Chan
Algorand:3612136079,Schnoz #1552,232144,F. Uduokhai
Algorand:3612136345,Schnoz #1553,214169,W. Tesillo
Algorand:3612136532,Schnoz #1554,213331,J. Tah
Algorand:3612136583,Schnoz #1555,198946,D. D'Ambrosio
Algorand:3612136811,Schnoz #1556,224151,H. Martín
Algorand:3612136853,Schnoz #1557,250842,J. Graterol
Algorand:3612137051,Schnoz #1558,217805,A. Martín Arias
Algorand:3612137091,Schnoz #1559,230379,Vieirundinho
Algorand:3612137121,Schnoz #1560,205942,S. Lung
Algorand:3612137334,Schnoz #1561,216145,A. Izzo
Algorand:3612137383,Schnoz #1562,230204,Héniton Pires
Algorand:3612137637,Schnoz #1563,210514,João Cancelo
Algorand:3612137766,Schnoz #1564,189061,S. Burchert
Algorand:3612137828,Schnoz #1565,209288,F. Mollet
Algorand:3612137923,Schnoz #1566,164878,L. Refaelov
Algorand:3612138083,Schnoz #1567,190593,D. Aleksić
Algorand:3612138179,Schnoz #1568,171975,G. Bergessio
Algorand:3612138401,Schnoz #1569,220793,D. Sánchez
Algorand:3612138504,Schnoz #1570,228687,K. Dolberg
Algorand:3612138786,Schnoz #1571,244067,M. Lacroix
Algorand:3612138918,Schnoz #1572,235947,J. Brunetta
Algorand:3612139006,Schnoz #1573,244426,B. Lednev
Algorand:3612139079,Schnoz #1574,209973,J. Nsame
Algorand:3612139295,Schnoz #1575,216594,N. Fekir
Algorand:3612139477,Schnoz #1576,219823,G. Mastriani
Algorand:3612139653,Schnoz #1577,155946,R. Snodgrass
Algorand:3612139830,Schnoz #1578,224254,C. Pavón
Algorand:3612139973,Schnoz #1579,175379,Pedro León
Algorand:3612140116,Schnoz #1580,181271,B. Dočkal
Algorand:3612140286,Schnoz #1581,217196,J. Palomino
Algorand:3612140480,Schnoz #1582,190286,Canales
Algorand:3612140559,Schnoz #1583,198230,Germán
Algorand:3612140601,Schnoz #1584,242577,R. Faivre
Algorand:3612140843,Schnoz #1585,173608,Joselu
Algorand:3612140925,Schnoz #1586,238476,D. Zagadou
Algorand:3612140980,Schnoz #1587,198946,D. D'Ambrosio
Algorand:3612141159,Schnoz #1588,213516,Ricardo Horta
Algorand:3612141239,Schnoz #1589,230185,Túlio Changas
Algorand:3612141374,Schnoz #1590,173731,G. Bale
Algorand:3612141432,Schnoz #1591,192906,L. Rodríguez
Algorand:3612141533,Schnoz #1592,198140,R. Funes Mori
Algorand:3612141747,Schnoz #1593,233064,M. Mount
Algorand:3612141819,Schnoz #1594,185195,O. Ighalo
Algorand:3612141957,Schnoz #1595,220710,H. Wilson
Algorand:3612142221,Schnoz #1596,156412,J. Corona
Algorand:3612142275,Schnoz #1597,243630,J. David
Algorand:3612142445,Schnoz #1598,173208,D. Criscito
Algorand:3612142491,Schnoz #1599,199417,H. Tekin
Algorand:3612142622,Schnoz #1600,138703,A. D'Alessandro
Algorand:3612142723,Schnoz #1601,199915,L. Dunk
Algorand:3612142772,Schnoz #1602,227394,C. González
Algorand:3612143064,Schnoz #1603,239837,A. Mac Allister
Algorand:3612143166,Schnoz #1604,214169,W. Tesillo
Algorand:3612143304,Schnoz #1605,188044,A Lan
Algorand:3612143593,Schnoz #1606,220901,David Raya
Algorand:3612143642,Schnoz #1607,212096,V. Grifo
Algorand:3612143737,Schnoz #1608,227394,C. González
Algorand:3612143879,Schnoz #1609,225024,M. Holgate
Algorand:3612143917,Schnoz #1610,204246,M. Bettinelli
Algorand:3612144070,Schnoz #1611,179752,Ó. Cardozo
Algorand:3612144112,Schnoz #1612,235042,D. Liénard
Algorand:3612144313,Schnoz #1613,225659,G. Rodríguez
Algorand:3612144435,Schnoz #1614,179560,M. Sulejmani
Algorand:3612144472,Schnoz #1615,20775,Quaresma
Algorand:3612144706,Schnoz #1616,173608,Joselu
Algorand:3612144828,Schnoz #1617,229104,H. Faik
Algorand:3612144895,Schnoz #1618,230212,Antônio Chiamuloira
Algorand:3612145113,Schnoz #1619,198640,Z. Labyad
Algorand:3612145193,Schnoz #1620,239842,G. Giakoumakis
Algorand:3612145471,Schnoz #1621,143121,J. Sosa
Algorand:3612145608,Schnoz #1622,242348,Loren
Algorand:3612145720,Schnoz #1623,167435,O. Ustari
Algorand:3612145924,Schnoz #1624,146952,Iván Cuéllar
Algorand:3612146072,Schnoz #1625,170368,E. Lamela
Algorand:3612146148,Schnoz #1626,205083,F. Fajr
Algorand:3612146357,Schnoz #1627,183714,S. Terodde
Algorand:3612146451,Schnoz #1628,220604,Jaume
Algorand:3612146523,Schnoz #1629,206307,J. Frick
Algorand:3612146779,Schnoz #1630,170368,E. Lamela
Algorand:3612146854,Schnoz #1631,231640,Ontiveros
Algorand:3612146966,Schnoz #1632,231835,T. Henry
Algorand:3612147112,Schnoz #1633,241202,P. Daka
Algorand:3612147163,Schnoz #1634,212207,N. Stanciu
Algorand:3612147326,Schnoz #1635,221014,Carlos Fernández
Algorand:3612147388,Schnoz #1636,231640,Ontiveros
Algorand:3612147554,Schnoz #1637,226851,B. Pavard
Algorand:3612147616,Schnoz #1638,194222,Laguardia
Algorand:3612147758,Schnoz #1639,189430,S. Colombi
Algorand:3612147905,Schnoz #1640,202201,J. Gouweleeuw
Algorand:3612148101,Schnoz #1641,239956,M. Boadu
Algorand:3612148209,Schnoz #1642,239842,G. Giakoumakis
Algorand:3612148279,Schnoz #1643,240699,N. De la Cruz
Algorand:3612148342,Schnoz #1644,178250,P. Diop
Algorand:3612148598,Schnoz #1645,206529,F. Boli
Algorand:3612148657,Schnoz #1646,186148,R. Zieler
Algorand:3612148833,Schnoz #1647,230182,Lucas Mantela
Algorand:3612148866,Schnoz #1648,198118,J. Guilavogui
Algorand:3612149105,Schnoz #1649,201942,Roberto Firmino
Algorand:3612149192,Schnoz #1650,2147,M. Stekelenburg
Algorand:3612149228,Schnoz #1651,175254,F. Caicedo
Algorand:3612149366,Schnoz #1652,184858,Alan Kardec
Algorand:3612149496,Schnoz #1653,214169,W. Tesillo
Algorand:3612149577,Schnoz #1654,204523,Rubén Pardo
Algorand:3612149783,Schnoz #1655,201455,G. Kondogbia
Algorand:3612149870,Schnoz #1656,202935,Álvaro
Algorand:3612149929,Schnoz #1657,212204,B. Mechele
Algorand:3612150008,Schnoz #1658,221697,O. Watkins
Algorand:3612150197,Schnoz #1659,224440,J. Pollersbeck
Algorand:3612150237,Schnoz #1660,210513,J. Quintero
Algorand:3612150418,Schnoz #1661,173208,D. Criscito
Algorand:3612150547,Schnoz #1662,225341,David García
Algorand:3612150673,Schnoz #1663,201095,A. Marchesín
Algorand:3612150765,Schnoz #1664,189682,B. Mee
Algorand:3612150951,Schnoz #1665,223578,Mata
Algorand:3612151099,Schnoz #1666,224309,Joan Jordán
Algorand:3612151141,Schnoz #1667,241788,M. Taremi
Algorand:3612151373,Schnoz #1668,161663,S. Viera
Algorand:3612151463,Schnoz #1669,231366,P. Lienhart
Algorand:3612151511,Schnoz #1670,218717,G. Mhango
Algorand:3612151550,Schnoz #1671,221491,N. Elvedi
Algorand:3612151775,Schnoz #1672,178562,É. Banega
Algorand:3612151843,Schnoz #1673,225341,David García
Algorand:3612152050,Schnoz #1674,221697,O. Watkins
Algorand:3612152158,Schnoz #1675,234060,Y. Herrera
Algorand:3612152203,Schnoz #1676,178088,Juan Mata
Algorand:3612152426,Schnoz #1677,189430,S. Colombi
Algorand:3612152528,Schnoz #1678,215123,A. Aguerre
Algorand:3612152606,Schnoz #1679,239816,N. Mantl
Algorand:3612152756,Schnoz #1680,212249,S. Kerk
Algorand:3612152841,Schnoz #1681,239837,A. Mac Allister
Algorand:3612152978,Schnoz #1682,208135,A. Doucouré
Algorand:3612153110,Schnoz #1683,203344,Thiago Galhardo
Algorand:3612153165,Schnoz #1684,192297,G. Arlauskis
Algorand:3612153381,Schnoz #1685,251116,T. Holeš
Algorand:3612153489,Schnoz #1686,203841,N. Pope
Algorand:3612153523,Schnoz #1687,164459,S. Larsson
Algorand:3612153738,Schnoz #1688,239842,G. Giakoumakis
Algorand:3612153818,Schnoz #1689,185195,O. Ighalo
Algorand:3612153879,Schnoz #1690,225508,E. Bailly
Algorand:3612154116,Schnoz #1691,202935,Álvaro
Algorand:3612154191,Schnoz #1692,200159,S. Ortega
Algorand:3612154259,Schnoz #1693,239837,A. Mac Allister
Algorand:3612154473,Schnoz #1694,232756,F. Tomori
Algorand:3612154499,Schnoz #1695,226166,N. Mukiele
Algorand:3612155010,Schnoz #1696,208045,O. Tannane
Algorand:3612155561,Schnoz #1697,218717,G. Mhango
Algorand:3612156010,Schnoz #1698,178090,D. Biseswar
Algorand:3612156177,Schnoz #1699,186307,M. Fabián
Algorand:3612157099,Schnoz #1700,154472,Jorge Molina
Algorand:3612157164,Schnoz #1701,178007,Miguel Veloso
Algorand:3612158048,Schnoz #1702,208165,B. Djimsiti
Algorand:3612158160,Schnoz #1703,205083,F. Fajr
Algorand:3612158254,Schnoz #1704,146758,Soldado
Algorand:3612158460,Schnoz #1705,185103,A. Kolarov
Algorand:3612158526,Schnoz #1706,214169,W. Tesillo
Algorand:3612158677,Schnoz #1707,206534,P. Bamford
Algorand:3612158813,Schnoz #1708,204523,Rubén Pardo
Algorand:3612158915,Schnoz #1709,194806,C. Dawson
Algorand:3612158960,Schnoz #1710,132740,J. Hansen
Algorand:3612159147,Schnoz #1711,182495,M. Cáceres
Algorand:3612159220,Schnoz #1712,221584,J. Rinne
Algorand:3612159351,Schnoz #1713,219823,G. Mastriani
Algorand:3612159512,Schnoz #1714,186307,M. Fabián
Algorand:3612159608,Schnoz #1715,220085,L. Waldschmidt
Algorand:3612159812,Schnoz #1716,178007,Miguel Veloso
Algorand:3612159887,Schnoz #1717,225659,G. Rodríguez
Algorand:3612160146,Schnoz #1718,217097,R. Otero
Algorand:3612160251,Schnoz #1719,215251,G. Herrera
Algorand:3612160311,Schnoz #1720,193186,N. Etheridge
Algorand:3612160532,Schnoz #1721,221174,M. Oršić
Algorand:3612160570,Schnoz #1722,161938,M. Boselli
Algorand:3612160631,Schnoz #1723,224196,R. Bensebaini
Algorand:3612160825,Schnoz #1724,224151,H. Martín
Algorand:3612160988,Schnoz #1725,163050,B. Sharp
Algorand:3612161028,Schnoz #1726,238476,D. Zagadou
Algorand:3612161232,Schnoz #1727,240702,R. Yaremchuk
Algorand:3612161285,Schnoz #1728,167397,Falcao
Algorand:3612161492,Schnoz #1729,194333,R. Gikiewicz
Algorand:3612161621,Schnoz #1730,204092,J. Blaswich
Algorand:3612161660,Schnoz #1731,205186,P. Gazzaniga
Algorand:3612161892,Schnoz #1732,178090,D. Biseswar
Algorand:3612161965,Schnoz #1733,146296,Andrés Fernández
Algorand:3612162024,Schnoz #1734,198946,D. D'Ambrosio
Algorand:3612162241,Schnoz #1735,232670,F. Zampedri
Algorand:3612162313,Schnoz #1736,241769,D. Akpeyi
Algorand:3612162398,Schnoz #1737,182168,A. Ranocchia
Algorand:3612162609,Schnoz #1738,225508,E. Bailly
Algorand:3612162672,Schnoz #1739,241727,P. Rajković
Algorand:3612162865,Schnoz #1740,206651,Roberto Torres
Algorand:3612162994,Schnoz #1741,221841,A. Armstrong
Algorand:3612163056,Schnoz #1742,222572,Iván Villar
Algorand:3612163362,Schnoz #1743,250753,A. Trubin
Algorand:3612163476,Schnoz #1744,137506,G. Pandev
Algorand:3612163671,Schnoz #1745,165229,L. Koscielny
Algorand:3612163772,Schnoz #1746,193348,X. Shaqiri
Algorand:3612163827,Schnoz #1747,204082,J. Brooks
Algorand:3612164057,Schnoz #1748,241461,Ferran Torres
Algorand:3612164157,Schnoz #1749,105846,A. Boruc
Algorand:3612164216,Schnoz #1750,233267,M. Turner
Algorand:3612164433,Schnoz #1751,219736,E. Horvath
Algorand:3612164475,Schnoz #1752,231352,T. Abraham
Algorand:3612164548,Schnoz #1753,194806,C. Dawson
Algorand:3612164772,Schnoz #1754,184703,L. Montes
Algorand:3612164820,Schnoz #1755,213937,Aketxe
Algorand:3612165003,Schnoz #1756,223671,S. Posch
Algorand:3612165093,Schnoz #1757,225263,D. Ćaleta-Car
Algorand:3612165140,Schnoz #1758,227497,M. Fraisl
Algorand:3612165328,Schnoz #1759,188335,A. Budimir
Algorand:3612165410,Schnoz #1760,223898,P. Bernardoni
Algorand:3612165458,Schnoz #1761,212207,N. Stanciu
Algorand:3612165636,Schnoz #1762,239744,M. Cuisance
Algorand:3612165728,Schnoz #1763,239342,H. Koffi
Algorand:3612165752,Schnoz #1764,209960,Pacheco
Algorand:3612165957,Schnoz #1765,201455,G. Kondogbia
Algorand:3612166076,Schnoz #1766,189053,F. Caputo
Algorand:3612166114,Schnoz #1767,149258,A. Cordaz
Algorand:3612166331,Schnoz #1768,228295,R. Holding
Algorand:3612166442,Schnoz #1769,210257,Ederson
Algorand:3612166522,Schnoz #1770,239335,Óscar
Algorand:3612166592,Schnoz #1771,225508,E. Bailly
Algorand:3612166810,Schnoz #1772,236786,M. Terrier
Algorand:3612166929,Schnoz #1773,204523,Rubén Pardo
Algorand:3612166979,Schnoz #1774,155946,R. Snodgrass
Algorand:3612167229,Schnoz #1775,214415,E. Chaux
Algorand:3612167326,Schnoz #1776,189615,A. Cresswell
Algorand:3612167376,Schnoz #1777,207926,A. Linde
Algorand:3612167571,Schnoz #1778,244621,Vinícius
Algorand:3612167666,Schnoz #1779,225711,A. Diallo
Algorand:3612167703,Schnoz #1780,143121,J. Sosa
Algorand:3612167924,Schnoz #1781,239335,Óscar
Algorand:3612167975,Schnoz #1782,178415,R. Vormer
Algorand:3612168018,Schnoz #1783,220477,M. Caldara
Algorand:3612168233,Schnoz #1784,229773,G. Dzhikiya
Algorand:3612168277,Schnoz #1785,186537,C. Stuani
Algorand:3612168519,Schnoz #1786,178250,P. Diop
Algorand:3612168612,Schnoz #1787,213013,F. Acheampong
Algorand:3612168801,Schnoz #1788,171975,G. Bergessio
Algorand:3612168888,Schnoz #1789,233977,Eduardo Fonseira
Algorand:3612168964,Schnoz #1790,225647,M. Campaña
Algorand:3612169025,Schnoz #1791,204246,M. Bettinelli
Algorand:3612169234,Schnoz #1792,200318,M. Uth
Algorand:3612169361,Schnoz #1793,229541,Á. Montero
Algorand:3612169432,Schnoz #1794,232144,F. Uduokhai
Algorand:3612169660,Schnoz #1795,154472,Jorge Molina
Algorand:3612169725,Schnoz #1796,222493,M. Friedrich
Algorand:3612169927,Schnoz #1797,251673,Ž. Živković
Algorand:3612170242,Schnoz #1798,208045,O. Tannane
Algorand:3612170318,Schnoz #1799,224440,J. Pollersbeck
Algorand:3612170565,Schnoz #1800,206307,J. Frick
Algorand:3612170635,Schnoz #1801,222665,M. Ødegaard
Algorand:3612170667,Schnoz #1802,193348,X. Shaqiri
Algorand:3612170906,Schnoz #1803,181271,B. Dočkal
Algorand:3612170935,Schnoz #1804,211320,D. Rugani
Algorand:3612176230,Schnoz #1805,175379,Pedro León
Algorand:3612176310,Schnoz #1806,202750,W. Boly
Algorand:3612176907,Schnoz #1807,189053,F. Caputo
Algorand:3612177016,Schnoz #1808,184858,Alan Kardec
Algorand:3612177071,Schnoz #1809,212260,Hwang Ui Jo
Algorand:3612177303,Schnoz #1810,214097,B. Bourigeaud
Algorand:3612177338,Schnoz #1811,232144,F. Uduokhai
Algorand:3612177541,Schnoz #1812,192342,E. Cardona
Algorand:3612177639,Schnoz #1813,172114,D. Valeri
Algorand:3612177745,Schnoz #1814,251408,S. Nurković
Algorand:3612177936,Schnoz #1815,194209,Y. El Arabi
Algorand:3612178032,Schnoz #1816,148526,P. Kieszek
Algorand:3612178075,Schnoz #1817,212197,D. Heuer Fernandes
Algorand:3612178296,Schnoz #1818,179560,M. Sulejmani
Algorand:3612178330,Schnoz #1819,230234,Everton Andrão
Algorand:3612178516,Schnoz #1820,236772,D. Szoboszlai
Algorand:3612178603,Schnoz #1821,226851,B. Pavard
Algorand:3612178732,Schnoz #1822,236506,M. Senesi
Algorand:3612178852,Schnoz #1823,205878,S. Kapino
Algorand:3612178900,Schnoz #1824,240900,Unai Núñez
Algorand:3612179096,Schnoz #1825,199845,F. Acerbi
Algorand:3612179150,Schnoz #1826,252084,Marcos André
Algorand:3612179200,Schnoz #1827,234777,Z. Steffen
Algorand:3612179389,Schnoz #1828,175254,F. Caicedo
Algorand:3612179453,Schnoz #1829,208498,M. Dabbur
Algorand:3612179533,Schnoz #1830,225647,M. Campaña
Algorand:3612179732,Schnoz #1831,194209,Y. El Arabi
Algorand:3612179774,Schnoz #1832,231640,Ontiveros
Algorand:3612179834,Schnoz #1833,199206,D. Vida
Algorand:3612180013,Schnoz #1834,189682,B. Mee
Algorand:3612180106,Schnoz #1835,194932,A. Townsend
Algorand:3612180309,Schnoz #1836,188103,Rochina
Algorand:3612180380,Schnoz #1837,185103,A. Kolarov
Algorand:3612180430,Schnoz #1838,178088,Juan Mata
Algorand:3612180695,Schnoz #1839,178088,Juan Mata
Algorand:3612180741,Schnoz #1840,213761,A. Hamdallah
Algorand:3612180944,Schnoz #1841,212232,J. Maclaren
Algorand:3612181009,Schnoz #1842,262621,G. Mamardashvili
Algorand:3612181062,Schnoz #1843,155862,Sergio Ramos
Algorand:3612181175,Schnoz #1844,208045,O. Tannane
Algorand:3612181298,Schnoz #1845,197837,D. Boyata
Algorand:3612181321,Schnoz #1846,230323,Kaíquão Castro
Algorand:3612181522,Schnoz #1847,205431,N. Füllkrug
Algorand:3612181559,Schnoz #1848,192665,A. Luthe
Algorand:3612181782,Schnoz #1849,232670,F. Zampedri
Algorand:3612181832,Schnoz #1850,197837,D. Boyata
Algorand:3612182025,Schnoz #1851,231835,T. Henry
Algorand:3612182136,Schnoz #1852,178090,D. Biseswar
Algorand:3612182171,Schnoz #1853,194022,André Almeida
Algorand:3612182354,Schnoz #1854,175379,Pedro León
Algorand:3612182418,Schnoz #1855,229788,Rubén Alcaraz
Algorand:3612182470,Schnoz #1856,189053,F. Caputo
Algorand:3612182682,Schnoz #1857,237678,I. Konaté
Algorand:3612182741,Schnoz #1858,235173,I. Sangaré
Algorand:3612182775,Schnoz #1859,232756,F. Tomori
Algorand:3612182933,Schnoz #1860,194794,A. Yarmolenko
Algorand:3612183102,Schnoz #1861,205083,F. Fajr
Algorand:3612183146,Schnoz #1862,192123,C. Wood
Algorand:3612183328,Schnoz #1863,214766,C. Izquierdoz
Algorand:3612183402,Schnoz #1864,196316,B. Maubleu
Algorand:3612183522,Schnoz #1865,226380,Hwang Hee Chan
Algorand:3612183552,Schnoz #1866,262621,G. Mamardashvili
Algorand:3612183749,Schnoz #1867,237678,I. Konaté
Algorand:3612183892,Schnoz #1868,231640,Ontiveros
Algorand:3612183934,Schnoz #1869,224442,B. Kamara
Algorand:3612184190,Schnoz #1870,228687,K. Dolberg
Algorand:3612184235,Schnoz #1871,216145,A. Izzo
Algorand:3612184280,Schnoz #1872,228295,R. Holding
Algorand:3612184426,Schnoz #1873,232580,Gabriel
Algorand:3612184496,Schnoz #1874,211361,D. Cataldi
Algorand:3612184525,Schnoz #1875,243630,J. David
Algorand:3612184785,Schnoz #1876,189053,F. Caputo
Algorand:3612184907,Schnoz #1877,210315,De Tomás
Algorand:3612184940,Schnoz #1878,228295,R. Holding
Algorand:3612185106,Schnoz #1879,173208,D. Criscito
Algorand:3612185176,Schnoz #1880,225263,D. Ćaleta-Car
Algorand:3612185332,Schnoz #1881,186627,M. Balotelli
Algorand:3612185388,Schnoz #1882,193331,K. Darlow
Algorand:3612185417,Schnoz #1883,214097,B. Bourigeaud
Algorand:3612185576,Schnoz #1884,220883,R. Borré
Algorand:3612185619,Schnoz #1885,252084,Marcos André
Algorand:3612185676,Schnoz #1886,213761,A. Hamdallah
Algorand:3612185903,Schnoz #1887,211022,Rubén García
Algorand:3612186068,Schnoz #1888,251116,T. Holeš
Algorand:3612186215,Schnoz #1889,237034,J. Hernández
Algorand:3612186364,Schnoz #1890,225359,C. Budescu
Algorand:3612186409,Schnoz #1891,184484,G. Sigurðsson
Algorand:3612186708,Schnoz #1892,238476,D. Zagadou
Algorand:3612186796,Schnoz #1893,220287,J. Dinenno
Algorand:3612186892,Schnoz #1894,251116,T. Holeš
Algorand:3612187064,Schnoz #1895,204240,B. Reynet
Algorand:3612187177,Schnoz #1896,241202,P. Daka
Algorand:3612187228,Schnoz #1897,244621,Vinícius
Algorand:3612187450,Schnoz #1898,258585,I. Pandur
Algorand:3612187561,Schnoz #1899,223994,S. Mugoša
Algorand:3612187645,Schnoz #1900,206529,F. Boli
Algorand:3612187824,Schnoz #1901,173208,D. Criscito
Algorand:3612187872,Schnoz #1902,185103,A. Kolarov
Algorand:3612187915,Schnoz #1903,222493,M. Friedrich
Algorand:3612188088,Schnoz #1904,178415,R. Vormer
Algorand:3612188136,Schnoz #1905,233866,O. Edouard
Algorand:3612188234,Schnoz #1906,196978,C. Wilson
Algorand:3612188470,Schnoz #1907,230938,F. Kessié
Algorand:3612188584,Schnoz #1908,220793,D. Sánchez
Algorand:3612188647,Schnoz #1909,230502,Dênildo Stein
Algorand:3612188918,Schnoz #1910,202810,S. McDermott
Algorand:3612189046,Schnoz #1911,180930,E. Džeko
Algorand:3612189129,Schnoz #1912,173474,Z. Junuzović
Algorand:3612189328,Schnoz #1913,215353,L. Alario
Algorand:3612189499,Schnoz #1914,214766,C. Izquierdoz
Algorand:3612189639,Schnoz #1915,195093,Willian José
Algorand:3612189763,Schnoz #1916,229558,D. Upamecano
Algorand:3612189829,Schnoz #1917,178007,Miguel Veloso
Algorand:3612189961,Schnoz #1918,210315,De Tomás
Algorand:3612190031,Schnoz #1919,230212,Antônio Chiamuloira
Algorand:3612190080,Schnoz #1920,162347,João Moutinho
Algorand:3612190307,Schnoz #1921,230183,Gerson Armão
Algorand:3612190441,Schnoz #1922,213516,Ricardo Horta
Algorand:3612190606,Schnoz #1923,230234,Everton Andrão
Algorand:3612190794,Schnoz #1924,244426,B. Lednev
Algorand:3612190970,Schnoz #1925,235970,Mario González
Algorand:3612191097,Schnoz #1926,212207,N. Stanciu
Algorand:3612191199,Schnoz #1927,164878,L. Refaelov
Algorand:3612191448,Schnoz #1928,229788,Rubén Alcaraz
Algorand:3612191502,Schnoz #1929,173474,Z. Junuzović
Algorand:3612191591,Schnoz #1930,199354,Lucas Pérez
Algorand:3612191807,Schnoz #1931,224151,H. Martín
Algorand:3612191866,Schnoz #1932,220710,H. Wilson
Algorand:3612191911,Schnoz #1933,221174,M. Oršić
Algorand:3612192011,Schnoz #1934,178415,R. Vormer
Algorand:3612192123,Schnoz #1935,167993,V. Stojković
Algorand:3612192223,Schnoz #1936,234835,Domingos Duarte
Algorand:3612192373,Schnoz #1937,198640,Z. Labyad
Algorand:3612192517,Schnoz #1938,230666,Gabriel Jesus
Algorand:3612193037,Schnoz #1939,204308,H. Van Crombrugge
Algorand:3612194768,Schnoz #1940,157960,Manuel Fernandes
Algorand:3612196018,Schnoz #1941,190815,D. Blind
Algorand:3612196077,Schnoz #1942,217097,R. Otero
Algorand:3612196174,Schnoz #1943,211559,Tiago Rodrigues
Algorand:3612196494,Schnoz #1944,224196,R. Bensebaini
Algorand:3612196538,Schnoz #1945,239744,M. Cuisance
Algorand:3612196584,Schnoz #1946,182495,M. Cáceres
Algorand:3612196706,Schnoz #1947,241461,Ferran Torres
Algorand:3612196772,Schnoz #1948,225024,M. Holgate
Algorand:3612196872,Schnoz #1949,216065,M. Sportiello
Algorand:3612197057,Schnoz #1950,201145,M. Le Bihan
Algorand:3612197229,Schnoz #1951,239301,L. Martínez
Algorand:3612197319,Schnoz #1952,216643,L. Dubois
Algorand:3612197584,Schnoz #1953,173208,D. Criscito
Algorand:3612197730,Schnoz #1954,137506,G. Pandev
Algorand:3612197778,Schnoz #1955,226221,Aritz Elustondo
Algorand:3612198015,Schnoz #1956,179516,R. Hennings
Algorand:3612198081,Schnoz #1957,211559,Tiago Rodrigues
Algorand:3612198112,Schnoz #1958,212382,P. Onuachu
Algorand:3612198293,Schnoz #1959,165109,Ș. Radu
Algorand:3612198362,Schnoz #1960,168435,S. Sirigu
Algorand:3612198588,Schnoz #1961,203890,Š. Vrsaljko
Algorand:3612198648,Schnoz #1962,230204,Héniton Pires
Algorand:3612198860,Schnoz #1963,223596,S. Prevljak
Algorand:3612199021,Schnoz #1964,164459,S. Larsson
Algorand:3612199105,Schnoz #1965,202335,E. Dier
Algorand:3612199324,Schnoz #1966,230498,Luimo Boas Santos
Algorand:3612199461,Schnoz #1967,225719,K. Iheanacho
Algorand:3612199532,Schnoz #1968,198140,R. Funes Mori
Algorand:3612199764,Schnoz #1969,229255,Charles
Algorand:3612199808,Schnoz #1970,253012,L. Morales
Algorand:3612199974,Schnoz #1971,184484,G. Sigurðsson
Algorand:3612200023,Schnoz #1972,208920,N. Aké
Algorand:3612200159,Schnoz #1973,206652,Sergio Rico
Algorand:3612200289,Schnoz #1974,186627,M. Balotelli
Algorand:3612200454,Schnoz #1975,200260,S. Berghuis
Algorand:3612200606,Schnoz #1976,231478,L. Martínez
Algorand:3612200649,Schnoz #1977,161938,M. Boselli
Algorand:3612200702,Schnoz #1978,161938,M. Boselli
Algorand:3612200925,Schnoz #1979,212623,Santi Mina
Algorand:3612200961,Schnoz #1980,230328,Pierrino Faria
Algorand:3612200982,Schnoz #1981,251408,S. Nurković
Algorand:3612201174,Schnoz #1982,190745,M. Silvestri
Algorand:3612201244,Schnoz #1983,193601,G. Pezzella
Algorand:3612201279,Schnoz #1984,215531,D. Türüç
Algorand:3612201452,Schnoz #1985,199915,L. Dunk
Algorand:3612201503,Schnoz #1986,226853,J. St. Juste
Algorand:3612201673,Schnoz #1987,232756,F. Tomori
Algorand:3612201739,Schnoz #1988,199915,L. Dunk
Algorand:3612201891,Schnoz #1989,228413,E. Audero
Algorand:3612201938,Schnoz #1990,212404,F. Bernardeschi
Algorand:3612201956,Schnoz #1991,189690,Guaita
Algorand:3612202052,Schnoz #1992,212242,R. Andrich
Algorand:3612202172,Schnoz #1993,189881,C. Smalling
Algorand:3612202216,Schnoz #1994,205600,S. Umtiti
Algorand:3612202340,Schnoz #1995,229406,João Novais
Algorand:3612202484,Schnoz #1996,220901,David Raya
Algorand:3612202560,Schnoz #1997,146439,Negredo
Algorand:3612202663,Schnoz #1998,188044,A Lan
Algorand:3612202881,Schnoz #1999,212260,Hwang Ui Jo
Algorand:3612202941,Schnoz #2000,178509,O. Giroud
Algorand:3612203138,Schnoz #2001,204493,R. Holzhauser
Algorand:3612203243,Schnoz #2002,211784,N. Maupay
Algorand:3612203467,Schnoz #2003,238476,D. Zagadou
Algorand:3612203668,Schnoz #2004,230379,Vieirundinho
Algorand:3612203727,Schnoz #2005,204842,Y. Brecher
Algorand:3612203942,Schnoz #2006,228861,S. Iljutcenko
Algorand:3612204011,Schnoz #2007,230212,Antônio Chiamuloira
Algorand:3612204174,Schnoz #2008,201377,J. Murillo
Algorand:3612204334,Schnoz #2009,156253,J. Lewis
Algorand:3612204464,Schnoz #2010,230323,Kaíquão Castro
Algorand:3612204544,Schnoz #2011,219809,T. Bakayoko
Algorand:3612204734,Schnoz #2012,163925,A. Diamanti
Algorand:3612204813,Schnoz #2013,186942,İ. Gündoğan
Algorand:3612204877,Schnoz #2014,212382,P. Onuachu
Algorand:3612205109,Schnoz #2015,220477,M. Caldara
Algorand:3612205206,Schnoz #2016,202201,J. Gouweleeuw
Algorand:3612205252,Schnoz #2017,212197,D. Heuer Fernandes
Algorand:3612205482,Schnoz #2018,200698,N. Marsman
Algorand:3612205596,Schnoz #2019,237034,J. Hernández
Algorand:3612205674,Schnoz #2020,212198,Bruno Fernandes
Algorand:3612205864,Schnoz #2021,189125,G. Bonaventura
Algorand:3612206020,Schnoz #2022,242514,F. Plach
Algorand:3612206106,Schnoz #2023,220523,Y. Mina
Algorand:3612206165,Schnoz #2024,215531,D. Türüç
Algorand:3612206410,Schnoz #2025,228789,Robert Sanchéz
Algorand:3612206475,Schnoz #2026,192297,G. Arlauskis
Algorand:3612206679,Schnoz #2027,156433,A. Talavera
Algorand:3612206723,Schnoz #2028,219823,G. Mastriani
Algorand:3612206992,Schnoz #2029,244426,B. Lednev
Algorand:3612207051,Schnoz #2030,199451,W. Ben Yedder
Algorand:3612207103,Schnoz #2031,229788,Rubén Alcaraz
Algorand:3612207318,Schnoz #2032,193348,X. Shaqiri
Algorand:3612207367,Schnoz #2033,183580,N. Petersen
Algorand:3612207547,Schnoz #2034,224151,H. Martín
Algorand:3612207619,Schnoz #2035,180216,S. Coleman
Algorand:3612207733,Schnoz #2036,168354,E. Viviano
Algorand:3612207909,Schnoz #2037,193469,Víctor Ruiz
Algorand:3612208028,Schnoz #2038,240699,N. De la Cruz
Algorand:3612208112,Schnoz #2039,199005,M. Ryan
Algorand:3612208335,Schnoz #2040,241486,J. Koundé
Algorand:3612208375,Schnoz #2041,239956,M. Boadu
Algorand:3612208591,Schnoz #2042,184134,Fernando
Algorand:3612208675,Schnoz #2043,172114,D. Valeri
Algorand:3612208728,Schnoz #2044,212242,R. Andrich
Algorand:3612208904,Schnoz #2045,220523,Y. Mina
Algorand:3612208959,Schnoz #2046,229788,Rubén Alcaraz
Algorand:3612209119,Schnoz #2047,206585,Kepa
Algorand:3612209266,Schnoz #2048,239842,G. Giakoumakis
Algorand:3612209304,Schnoz #2049,194222,Laguardia
Algorand:3612209513,Schnoz #2050,228736,W. Faríñez
Algorand:3612209599,Schnoz #2051,217649,S. Gonda
Algorand:3612209689,Schnoz #2052,230183,Gerson Armão
Algorand:3612209883,Schnoz #2053,237183,M. Rojas
Algorand:3612210002,Schnoz #2054,190435,Tomeu Nadal
Algorand:3612210063,Schnoz #2055,205186,P. Gazzaniga
Algorand:3612210234,Schnoz #2056,215399,Rúben Vezo
Algorand:3612210307,Schnoz #2057,230320,Victorino Magela
Algorand:3612210409,Schnoz #2058,159261,F. Quagliarella
Algorand:3612210457,Schnoz #2059,229406,João Novais
Algorand:3612210649,Schnoz #2060,210897,C. Mbemba
Algorand:3612210719,Schnoz #2061,213516,Ricardo Horta
Algorand:3612210923,Schnoz #2062,187607,A. Dzyuba
Algorand:3612211018,Schnoz #2063,210315,De Tomás
Algorand:3612211066,Schnoz #2064,143587,F. Belluschi
Algorand:3612211256,Schnoz #2065,138703,A. D'Alessandro
Algorand:3612211360,Schnoz #2066,211591,M. Dembélé
Algorand:3612211416,Schnoz #2067,229406,João Novais
Algorand:3612211518,Schnoz #2068,214169,W. Tesillo
Algorand:3612211749,Schnoz #2069,203344,Thiago Galhardo
Algorand:3612211808,Schnoz #2070,193338,M. Destro
Algorand:3612211843,Schnoz #2071,206534,P. Bamford
Algorand:3612212067,Schnoz #2072,174543,C. Bravo
Algorand:3612212104,Schnoz #2073,189615,A. Cresswell
Algorand:3612212324,Schnoz #2074,204082,J. Brooks
Algorand:3612212467,Schnoz #2075,251408,S. Nurković
Algorand:3612212529,Schnoz #2076,215502,B. Drągowski
Algorand:3612212741,Schnoz #2077,233974,Nathael Silbeira
Algorand:3612212837,Schnoz #2078,182521,T. Kroos
Algorand:3612212911,Schnoz #2079,194022,André Almeida
Algorand:3612213138,Schnoz #2080,230183,Gerson Armão
Algorand:3612213190,Schnoz #2081,197641,B. Leroy
Algorand:3612213227,Schnoz #2082,178088,Juan Mata
Algorand:3612213369,Schnoz #2083,223578,Mata
Algorand:3612213404,Schnoz #2084,209288,F. Mollet
Algorand:3612213663,Schnoz #2085,201377,J. Murillo
Algorand:3612213769,Schnoz #2086,223994,S. Mugoša
Algorand:3612213799,Schnoz #2087,205431,N. Füllkrug
Algorand:3612213968,Schnoz #2088,223596,S. Prevljak
Algorand:3612214091,Schnoz #2089,204523,Rubén Pardo
Algorand:3612214162,Schnoz #2090,214562,L. Castro
Algorand:3612214350,Schnoz #2091,230183,Gerson Armão
Algorand:3612214482,Schnoz #2092,215123,A. Aguerre
Algorand:3612214542,Schnoz #2093,184484,G. Sigurðsson
Algorand:3612214738,Schnoz #2094,159145,B. Gomis
Algorand:3612214761,Schnoz #2095,185239,Ö. Toprak
Algorand:3612214958,Schnoz #2096,192906,L. Rodríguez
Algorand:3612215018,Schnoz #2097,189805,L. de Jong
Algorand:3612215071,Schnoz #2098,204966,Adrián Ortolá
Algorand:3612215247,Schnoz #2099,178571,Bracali
Algorand:3612215384,Schnoz #2100,196978,C. Wilson
Algorand:3612215442,Schnoz #2101,241686,Manu Vallejo
Algorand:3612215569,Schnoz #2102,208670,H. Ziyech
Algorand:3612215709,Schnoz #2103,230440,Fredditinho
Algorand:3612215819,Schnoz #2104,202935,Álvaro
Algorand:3612215877,Schnoz #2105,211738,M. Flekken
Algorand:3612216121,Schnoz #2106,256612,Evanilson
Algorand:3612216192,Schnoz #2107,204341,Luís Neto
Algorand:3612216399,Schnoz #2108,193338,M. Destro
Algorand:3612216521,Schnoz #2109,184703,L. Montes
Algorand:3612216640,Schnoz #2110,212249,S. Kerk
Algorand:3612216808,Schnoz #2111,204341,Luís Neto
Algorand:3612216945,Schnoz #2112,225844,D. Verde
Algorand:3612217074,Schnoz #2113,222493,M. Friedrich
Algorand:3612217252,Schnoz #2114,236792,T. Souček
Algorand:3612217363,Schnoz #2115,229692,J. Huth
Algorand:3612217415,Schnoz #2116,196978,C. Wilson
Algorand:3612217563,Schnoz #2117,237678,I. Konaté
Algorand:3612217660,Schnoz #2118,229104,H. Faik
Algorand:3612217754,Schnoz #2119,224309,Joan Jordán
Algorand:3612217961,Schnoz #2120,222493,M. Friedrich
Algorand:3612218066,Schnoz #2121,208507,Dani Barrio
Algorand:3612218094,Schnoz #2122,189881,C. Smalling
Algorand:3612218335,Schnoz #2123,225508,E. Bailly
Algorand:3612218500,Schnoz #2124,211101,Rubén Blanco
Algorand:3612218551,Schnoz #2125,221174,M. Oršić
Algorand:3612218740,Schnoz #2126,212432,Jo Hyeon Woo
Algorand:3612218775,Schnoz #2127,240753,A. Gouiri
Algorand:3612218932,Schnoz #2128,222493,M. Friedrich
Algorand:3612219036,Schnoz #2129,137506,G. Pandev
Algorand:3612219230,Schnoz #2130,124375,B. Yılmaz
Algorand:3612219305,Schnoz #2131,225263,D. Ćaleta-Car
Algorand:3612219406,Schnoz #2132,228413,E. Audero
Algorand:3612219461,Schnoz #2133,224254,C. Pavón
Algorand:3612219644,Schnoz #2134,235970,Mario González
Algorand:3612219787,Schnoz #2135,144172,S. Kırıntılı
Algorand:3612219844,Schnoz #2136,198946,D. D'Ambrosio
Algorand:3612220070,Schnoz #2137,192789,Mario Gaspar
Algorand:3612220190,Schnoz #2138,237678,I. Konaté
Algorand:3612220240,Schnoz #2139,239335,Óscar
Algorand:3612220793,Schnoz #2140,238476,D. Zagadou
Algorand:3612221257,Schnoz #2141,226853,J. St. Juste
Algorand:3612221310,Schnoz #2142,251809,S. Botman
Algorand:3612221515,Schnoz #2143,193247,H. Lindner
Algorand:3612221717,Schnoz #2144,211361,D. Cataldi
Algorand:3612221974,Schnoz #2145,177633,Ángel
Algorand:3612222057,Schnoz #2146,199915,L. Dunk
Algorand:3612222304,Schnoz #2147,241788,M. Taremi
Algorand:3612222412,Schnoz #2148,195093,Willian José
Algorand:3612222475,Schnoz #2149,213013,F. Acheampong
Algorand:3612222718,Schnoz #2150,234835,Domingos Duarte
Algorand:3612222842,Schnoz #2151,211361,D. Cataldi
Algorand:3612222973,Schnoz #2152,198946,D. D'Ambrosio
Algorand:3612223105,Schnoz #2153,179752,Ó. Cardozo
Algorand:3612223218,Schnoz #2154,185239,Ö. Toprak
Algorand:3612223258,Schnoz #2155,202935,Álvaro
Algorand:3612223507,Schnoz #2156,239901,S. Kalajdžić
Algorand:3612223559,Schnoz #2157,214169,W. Tesillo
Algorand:3612223827,Schnoz #2158,225844,D. Verde
Algorand:3612223878,Schnoz #2159,169416,C. Vela
Algorand:3612223929,Schnoz #2160,176772,A. Oukidja
Algorand:3612224074,Schnoz #2161,236786,M. Terrier
Algorand:3612224245,Schnoz #2162,186627,M. Balotelli
Algorand:3612224319,Schnoz #2163,193338,M. Destro
Algorand:3612224384,Schnoz #2164,212204,B. Mechele
Algorand:3612224539,Schnoz #2165,170368,E. Lamela
Algorand:3612224642,Schnoz #2166,199915,L. Dunk
Algorand:3612224758,Schnoz #2167,215689,A. Petagna
Algorand:3612224973,Schnoz #2168,256612,Evanilson
Algorand:3612225093,Schnoz #2169,225711,A. Diallo
Algorand:3612225123,Schnoz #2170,231640,Ontiveros
Algorand:3612225312,Schnoz #2171,190765,P. Groß
Algorand:3612225485,Schnoz #2172,143598,L. Pocrnjic
Algorand:3612225581,Schnoz #2173,228861,S. Iljutcenko
Algorand:3612225777,Schnoz #2174,232756,F. Tomori
Algorand:3612225858,Schnoz #2175,237525,A. Bodart
Algorand:3612225976,Schnoz #2176,179516,R. Hennings
Algorand:3612226089,Schnoz #2177,210315,De Tomás
Algorand:3612226226,Schnoz #2178,203038,Lucas Piazón
Algorand:3612226395,Schnoz #2179,206577,S. Peeters
Algorand:3612226465,Schnoz #2180,173432,H. Moreno
Algorand:3612226691,Schnoz #2181,154472,Jorge Molina
Algorand:3612226775,Schnoz #2182,238160,M. Demiral
Algorand:3612226945,Schnoz #2183,223671,S. Posch
Algorand:3612227135,Schnoz #2184,208507,Dani Barrio
Algorand:3612227189,Schnoz #2185,186537,C. Stuani
Algorand:3612227281,Schnoz #2186,178088,Juan Mata
Algorand:3612227442,Schnoz #2187,165229,L. Koscielny
Algorand:3612227480,Schnoz #2188,195093,Willian José
Algorand:3612227713,Schnoz #2189,190362,T. Pukki
Algorand:3612227756,Schnoz #2190,251408,S. Nurković
Algorand:3612227963,Schnoz #2191,227528,B. Romero
Algorand:3612228024,Schnoz #2192,184703,L. Montes
Algorand:3612228054,Schnoz #2193,212242,R. Andrich
Algorand:3612228254,Schnoz #2194,194806,C. Dawson
Algorand:3612228345,Schnoz #2195,231366,P. Lienhart
Algorand:3612228542,Schnoz #2196,189224,Júnior Negão
Algorand:3612228598,Schnoz #2197,237183,M. Rojas
Algorand:3612228789,Schnoz #2198,232756,F. Tomori
Algorand:3612228863,Schnoz #2199,206467,A. Plea
Algorand:3612228949,Schnoz #2200,212096,V. Grifo
Algorand:3612229081,Schnoz #2201,237678,I. Konaté
Algorand:3612229220,Schnoz #2202,214169,W. Tesillo
Algorand:3612229261,Schnoz #2203,185239,Ö. Toprak
Algorand:3612229471,Schnoz #2204,188044,A Lan
Algorand:3612229533,Schnoz #2205,228295,R. Holding
Algorand:3612229561,Schnoz #2206,156412,J. Corona
Algorand:3612229704,Schnoz #2207,225359,C. Budescu
Algorand:3612229763,Schnoz #2208,178090,D. Biseswar
Algorand:3612229942,Schnoz #2209,213732,A. Selikhov
Algorand:3612230013,Schnoz #2210,175254,F. Caicedo
Algorand:3612230291,Schnoz #2211,165229,L. Koscielny
Algorand:3612230398,Schnoz #2212,186307,M. Fabián
Algorand:3612230452,Schnoz #2213,182224,Wang Dalei
Algorand:3612230636,Schnoz #2214,248695,W. Fofana
Algorand:3612230755,Schnoz #2215,241202,P. Daka
Algorand:3612230863,Schnoz #2216,244621,Vinícius
Algorand:3612231028,Schnoz #2217,212404,F. Bernardeschi
Algorand:3612231246,Schnoz #2218,1179,G. Buffon
Algorand:3612231314,Schnoz #2219,225711,A. Diallo
Algorand:3612231508,Schnoz #2220,184703,L. Montes
Algorand:3612231716,Schnoz #2221,185239,Ö. Toprak
Algorand:3612232030,Schnoz #2222,202750,W. Boly
Algorand:3612232147,Schnoz #2223,199274,I. Nestorovski
Algorand:3612232188,Schnoz #2224,219809,T. Bakayoko
Algorand:3612232518,Schnoz #2225,204341,Luís Neto
Algorand:3612232697,Schnoz #2226,190544,A. Ljajić
Algorand:3612232825,Schnoz #2227,138703,A. D'Alessandro
Algorand:3612233022,Schnoz #2228,208596,A. Belotti
Algorand:3612233196,Schnoz #2229,158023,L. Messi
Algorand:3612233299,Schnoz #2230,189053,F. Caputo
Algorand:3612233378,Schnoz #2231,223816,J. Rodríguez
Algorand:3612233560,Schnoz #2232,220883,R. Borré
Algorand:3612233694,Schnoz #2233,182959,A. Hruška
Algorand:3612233770,Schnoz #2234,190593,D. Aleksić
Algorand:3612234100,Schnoz #2235,212151,T. Strakosha
Algorand:3612234252,Schnoz #2236,239842,G. Giakoumakis
Algorand:3612234292,Schnoz #2237,212232,J. Maclaren
Algorand:3612234468,Schnoz #2238,170890,B. Matuidi
Algorand:3612234956,Schnoz #2239,215123,A. Aguerre
Algorand:3612235066,Schnoz #2240,236033,Dani Cárdenas
Algorand:3612235289,Schnoz #2241,228618,F. Mendy
Algorand:3612235340,Schnoz #2242,226380,Hwang Hee Chan
Algorand:3612235627,Schnoz #2243,225341,David García
Algorand:3612235738,Schnoz #2244,230191,Enzo Marteiro
Algorand:3612235777,Schnoz #2245,188044,A Lan
Algorand:3612235958,Schnoz #2246,185431,N. Kalinić
Algorand:3612236056,Schnoz #2247,246242,B. Dia
Algorand:3612236121,Schnoz #2248,237183,M. Rojas
Algorand:3612236317,Schnoz #2249,235947,J. Brunetta
Algorand:3612236402,Schnoz #2250,192342,E. Cardona
Algorand:3612236467,Schnoz #2251,203038,Lucas Piazón
Algorand:3612236523,Schnoz #2252,176919,N. Guzmán
Algorand:3612236721,Schnoz #2253,205083,F. Fajr
Algorand:3612236812,Schnoz #2254,206651,Roberto Torres
Algorand:3612237240,Schnoz #2255,182495,M. Cáceres
Algorand:3612237333,Schnoz #2256,228231,A. Aguilar
Algorand:3612237583,Schnoz #2257,212232,J. Maclaren
Algorand:3612237665,Schnoz #2258,211591,M. Dembélé
Algorand:3612237751,Schnoz #2259,189682,B. Mee
Algorand:3612237967,Schnoz #2260,182959,A. Hruška
Algorand:3612238040,Schnoz #2261,221491,N. Elvedi
Algorand:3612238239,Schnoz #2262,248695,W. Fofana
Algorand:3612238293,Schnoz #2263,251809,S. Botman
Algorand:3612238524,Schnoz #2264,186627,M. Balotelli
Algorand:3612238796,Schnoz #2265,185172,V. Fiorillo
Algorand:3612239000,Schnoz #2266,215449,R. Skov
Algorand:3612239072,Schnoz #2267,236506,M. Senesi
Algorand:3612239311,Schnoz #2268,233738,Zubeldia
Algorand:3612239380,Schnoz #2269,179560,M. Sulejmani
Algorand:3612239432,Schnoz #2270,204966,Adrián Ortolá
Algorand:3612239725,Schnoz #2271,216643,L. Dubois
Algorand:3612239924,Schnoz #2272,198653,M. Silva
Algorand:3612240145,Schnoz #2273,235173,I. Sangaré
Algorand:3612240260,Schnoz #2274,251292,F. Kastenmeier
Algorand:3612240333,Schnoz #2275,178250,P. Diop
Algorand:3612240558,Schnoz #2276,194806,C. Dawson
Algorand:3612240652,Schnoz #2277,213729,S. Rossbach
Algorand:3612240775,Schnoz #2278,229773,G. Dzhikiya
Algorand:3612240862,Schnoz #2279,157960,Manuel Fernandes
Algorand:3612240950,Schnoz #2280,213536,M. Crépeau
Algorand:3612241003,Schnoz #2281,252084,Marcos André
Algorand:3612241226,Schnoz #2282,211559,Tiago Rodrigues
Algorand:3612241288,Schnoz #2283,230498,Luimo Boas Santos
Algorand:3612241338,Schnoz #2284,143587,F. Belluschi
Algorand:3612241566,Schnoz #2285,226110,N. Pépé
Algorand:3612241663,Schnoz #2286,223690,S. Rochet
Algorand:3612241795,Schnoz #2287,198640,Z. Labyad
Algorand:3612241942,Schnoz #2288,231835,T. Henry
Algorand:3612242017,Schnoz #2289,156433,A. Talavera
Algorand:3612242209,Schnoz #2290,201942,Roberto Firmino
Algorand:3612242287,Schnoz #2291,170368,E. Lamela
Algorand:3612242341,Schnoz #2292,186569,S. Ulreich
Algorand:3612242610,Schnoz #2293,201377,J. Murillo
Algorand:3612242656,Schnoz #2294,231640,Ontiveros
Algorand:3612242845,Schnoz #2295,235740,A. Paleari
Algorand:3612242923,Schnoz #2296,167397,Falcao
Algorand:3612243108,Schnoz #2297,208045,O. Tannane
Algorand:3612243241,Schnoz #2298,244067,M. Lacroix
Algorand:3612243349,Schnoz #2299,155946,R. Snodgrass
Algorand:3612243581,Schnoz #2300,203038,Lucas Piazón
Algorand:3612243654,Schnoz #2301,247328,Unai Vencedor
Algorand:3612243816,Schnoz #2302,230498,Luimo Boas Santos
Algorand:3612243899,Schnoz #2303,226851,B. Pavard
Algorand:3612244039,Schnoz #2304,208045,O. Tannane
Algorand:3612244171,Schnoz #2305,210923,M. Al Owais
Algorand:3612244212,Schnoz #2306,182168,A. Ranocchia
Algorand:3612244399,Schnoz #2307,211591,M. Dembélé
Algorand:3612244491,Schnoz #2308,215449,R. Skov
Algorand:3612244716,Schnoz #2309,234835,Domingos Duarte
Algorand:3612244770,Schnoz #2310,182521,T. Kroos
Algorand:3612244944,Schnoz #2311,184484,G. Sigurðsson
Algorand:3612245086,Schnoz #2312,206585,Kepa
Algorand:3612245137,Schnoz #2313,251408,S. Nurković
Algorand:3612245331,Schnoz #2314,192906,L. Rodríguez
Algorand:3612245384,Schnoz #2315,236772,D. Szoboszlai
Algorand:3612245510,Schnoz #2316,206577,S. Peeters
Algorand:3612245727,Schnoz #2317,207862,M. Ginter
Algorand:3612245797,Schnoz #2318,201377,J. Murillo
Algorand:3612245902,Schnoz #2319,217940,D. Djené
Algorand:3612246098,Schnoz #2320,232144,F. Uduokhai
Algorand:3612246133,Schnoz #2321,201922,M. Hinteregger
Algorand:3612246407,Schnoz #2322,251412,S. Weissman
Algorand:3612246446,Schnoz #2323,224003,Sergio Herrera
Algorand:3612246715,Schnoz #2324,192665,A. Luthe
Algorand:3612246770,Schnoz #2325,230183,Gerson Armão
Algorand:3612246948,Schnoz #2326,179547,V. Mannone
Algorand:3612247049,Schnoz #2327,132740,J. Hansen
Algorand:3612247314,Schnoz #2328,175943,D. Mertens
Algorand:3612247629,Schnoz #2329,258585,I. Pandur
Algorand:3612247716,Schnoz #2330,185431,N. Kalinić
Algorand:3612247773,Schnoz #2331,186569,S. Ulreich
Algorand:3612247987,Schnoz #2332,216245,L. Cárdenas
Algorand:3612248114,Schnoz #2333,170890,B. Matuidi
Algorand:3612248162,Schnoz #2334,198230,Germán
Algorand:3612248377,Schnoz #2335,241461,Ferran Torres
Algorand:3612248447,Schnoz #2336,194209,Y. El Arabi
Algorand:3612248475,Schnoz #2337,244067,M. Lacroix
Algorand:3612248672,Schnoz #2338,213729,S. Rossbach
Algorand:3612248754,Schnoz #2339,225711,A. Diallo
Algorand:3612248817,Schnoz #2340,206467,A. Plea
Algorand:3612249030,Schnoz #2341,235424,D. Samassékou
Algorand:3612249138,Schnoz #2342,226853,J. St. Juste
Algorand:3612249185,Schnoz #2343,208498,M. Dabbur
Algorand:3612249424,Schnoz #2344,220834,Marco Asensio
Algorand:3612249493,Schnoz #2345,203736,S. Bahoken
Algorand:3612249605,Schnoz #2346,190780,S. Johnson
Algorand:3612249728,Schnoz #2347,190765,P. Groß
Algorand:3612249863,Schnoz #2348,206577,S. Peeters
Algorand:3612249969,Schnoz #2349,186307,M. Fabián
Algorand:3612249999,Schnoz #2350,194730,Juan Carlos
Algorand:3612250278,Schnoz #2351,225341,David García
Algorand:3612250378,Schnoz #2352,235173,I. Sangaré
Algorand:3612250472,Schnoz #2353,157960,Manuel Fernandes
Algorand:3612250651,Schnoz #2354,244316,Luís Maximiano
Algorand:3612250834,Schnoz #2355,238160,M. Demiral
Algorand:3612250912,Schnoz #2356,233791,A. Maksimenko
Algorand:3612250953,Schnoz #2357,221584,J. Rinne
Algorand:3612251204,Schnoz #2358,225282,J. Devecchi
Algorand:3612251282,Schnoz #2359,152912,J. Sand
Algorand:3612251331,Schnoz #2360,231627,U. Sadiq
Algorand:3612251594,Schnoz #2361,221087,Pau López
Algorand:3612251743,Schnoz #2362,204538,R. Ruidíaz
Algorand:3612251797,Schnoz #2363,198230,Germán
Algorand:3612252056,Schnoz #2364,240702,R. Yaremchuk
Algorand:3612252134,Schnoz #2365,221430,U. Đurđević
Algorand:3612252298,Schnoz #2366,186307,M. Fabián
Algorand:3612252409,Schnoz #2367,194794,A. Yarmolenko
Algorand:3612252533,Schnoz #2368,209288,F. Mollet
Algorand:3612252698,Schnoz #2369,227127,Álex Remiro
Algorand:3612252777,Schnoz #2370,170368,E. Lamela
Algorand:3612252908,Schnoz #2371,230183,Gerson Armão
Algorand:3612253107,Schnoz #2372,150659,V. Demarconnay
Algorand:3612253162,Schnoz #2373,178090,D. Biseswar
Algorand:3612253349,Schnoz #2374,185239,Ö. Toprak
Algorand:3612253445,Schnoz #2375,202935,Álvaro
Algorand:3612253522,Schnoz #2376,225508,E. Bailly
Algorand:3612253586,Schnoz #2377,231628,Rafa Mir
Algorand:3612253840,Schnoz #2378,164459,S. Larsson
Algorand:3612253905,Schnoz #2379,198164,Jonathan Viera
Algorand:3612254075,Schnoz #2380,222729,Gustavo
Algorand:3612254237,Schnoz #2381,224440,J. Pollersbeck
Algorand:3612254300,Schnoz #2382,208004,J. Veltman
Algorand:3612254477,Schnoz #2383,178007,Miguel Veloso
Algorand:3612254679,Schnoz #2384,228520,E. Ávila
Algorand:3612254724,Schnoz #2385,220673,R. Tapia
Algorand:3612254899,Schnoz #2386,181271,B. Dočkal
Algorand:3612255022,Schnoz #2387,225711,A. Diallo
Algorand:3612255116,Schnoz #2388,213732,A. Selikhov
Algorand:3612255193,Schnoz #2389,230379,Vieirundinho
Algorand:3612255469,Schnoz #2390,220793,D. Sánchez
Algorand:3612255520,Schnoz #2391,176772,A. Oukidja
Algorand:3612255733,Schnoz #2392,197837,D. Boyata
Algorand:3612255847,Schnoz #2393,235947,J. Brunetta
Algorand:3612255923,Schnoz #2394,235042,D. Liénard
Algorand:3612255993,Schnoz #2395,240493,A. Paschalakis
Algorand:3612256242,Schnoz #2396,233738,Zubeldia
Algorand:3612256328,Schnoz #2397,246242,B. Dia
Algorand:3612256424,Schnoz #2398,181820,S. Jovetić
Algorand:3612256636,Schnoz #2399,230442,Matheus Bardeira
Algorand:3612256767,Schnoz #2400,198140,R. Funes Mori
Algorand:3612256882,Schnoz #2401,212242,R. Andrich
Algorand:3612257052,Schnoz #2402,233934,A. Ramsdale
Algorand:3612257123,Schnoz #2403,246186,Arthur Cabral
Algorand:3612257297,Schnoz #2404,217196,J. Palomino
Algorand:3612257384,Schnoz #2405,236772,D. Szoboszlai
Algorand:3612257470,Schnoz #2406,234835,Domingos Duarte
Algorand:3612257528,Schnoz #2407,216939,A. Blake
Algorand:3612257717,Schnoz #2408,209288,F. Mollet
Algorand:3612257892,Schnoz #2409,203344,Thiago Galhardo
Algorand:3612257988,Schnoz #2410,162297,D. Padelli
Algorand:3612258064,Schnoz #2411,219496,Simy
Algorand:3612258325,Schnoz #2412,240702,R. Yaremchuk
Algorand:3612258476,Schnoz #2413,193277,J. Siebenhandl
Algorand:3612258528,Schnoz #2414,228736,W. Faríñez
Algorand:3612258676,Schnoz #2415,228687,K. Dolberg
Algorand:3612258779,Schnoz #2416,197837,D. Boyata
Algorand:3612258874,Schnoz #2417,224196,R. Bensebaini
Algorand:3612259036,Schnoz #2418,138703,A. D'Alessandro
Algorand:3612259145,Schnoz #2419,219836,Rubén Yáñez
Algorand:3612259205,Schnoz #2420,213761,A. Hamdallah
Algorand:3612259425,Schnoz #2421,178088,Juan Mata
Algorand:3612259522,Schnoz #2422,208920,N. Aké
Algorand:3612259554,Schnoz #2423,202335,E. Dier
Algorand:3612259757,Schnoz #2424,211738,M. Flekken
Algorand:3612259909,Schnoz #2425,148212,A. Rebrov
Algorand:3612259969,Schnoz #2426,236610,M. Kean
Algorand:3612260162,Schnoz #2427,236506,M. Senesi
Algorand:3612260264,Schnoz #2428,228505,P. Pentz
Algorand:3612260459,Schnoz #2429,233267,M. Turner
Algorand:3612260550,Schnoz #2430,157960,Manuel Fernandes
Algorand:3612260743,Schnoz #2431,220131,M. Diagne
Algorand:3612260857,Schnoz #2432,208135,A. Doucouré
Algorand:3612260933,Schnoz #2433,205693,S. Haller
Algorand:3612260990,Schnoz #2434,189509,Thiago
Algorand:3612261242,Schnoz #2435,236772,D. Szoboszlai
Algorand:3612261351,Schnoz #2436,207664,C. Bacca
Algorand:3612261506,Schnoz #2437,204349,I. Šehić
Algorand:3612261664,Schnoz #2438,24630,Pepe Reina
Algorand:3612261839,Schnoz #2439,212623,Santi Mina
Algorand:3612261916,Schnoz #2440,230328,Pierrino Faria
Algorand:3612261986,Schnoz #2441,198118,J. Guilavogui
Algorand:3612262169,Schnoz #2442,175379,Pedro León
Algorand:3612262245,Schnoz #2443,222729,Gustavo
Algorand:3612262315,Schnoz #2444,165109,Ș. Radu
Algorand:3612262520,Schnoz #2445,230225,Juiano Mestres
Algorand:3612262603,Schnoz #2446,224254,C. Pavón
Algorand:3612262638,Schnoz #2447,225711,A. Diallo
Algorand:3612262815,Schnoz #2448,223994,S. Mugoša
Algorand:3612262892,Schnoz #2449,206534,P. Bamford
Algorand:3612263062,Schnoz #2450,227394,C. González
Algorand:3612263126,Schnoz #2451,230234,Everton Andrão
Algorand:3612263287,Schnoz #2452,229683,Rodrigo Pinho
Algorand:3612263372,Schnoz #2453,138703,A. D'Alessandro
Algorand:3612263538,Schnoz #2454,212207,N. Stanciu
Algorand:3612263608,Schnoz #2455,190544,A. Ljajić
Algorand:3612263872,Schnoz #2456,188103,Rochina
Algorand:3612263974,Schnoz #2457,173432,H. Moreno
Algorand:3612264023,Schnoz #2458,237678,I. Konaté
Algorand:3612264267,Schnoz #2459,231627,U. Sadiq
Algorand:3612264312,Schnoz #2460,244391,F. Sakala
Algorand:3612264446,Schnoz #2461,183580,N. Petersen
Algorand:3612264569,Schnoz #2462,199206,D. Vida
Algorand:3612264622,Schnoz #2463,239301,L. Martínez
Algorand:3612264825,Schnoz #2464,211361,D. Cataldi
Algorand:3612264907,Schnoz #2465,230621,G. Donnarumma
Algorand:3612264974,Schnoz #2466,240225,M. Safonov
Algorand:3612265202,Schnoz #2467,184703,L. Montes
Algorand:3612437330,Schnoz #2468,243630,J. David
Algorand:3612437365,Schnoz #2469,189881,C. Smalling
Algorand:3612437422,Schnoz #2470,198140,R. Funes Mori
Algorand:3612437558,Schnoz #2471,189324,A. McCarthy
Algorand:3612437745,Schnoz #2472,233486,R. Le Normand
Algorand:3612437815,Schnoz #2473,200318,M. Uth
Algorand:3612437868,Schnoz #2474,244067,M. Lacroix
Algorand:3612437931,Schnoz #2475,212096,V. Grifo
Algorand:3612438190,Schnoz #2476,226085,Léo Jardim
Algorand:3612438306,Schnoz #2477,212249,S. Kerk
Algorand:3612438355,Schnoz #2478,232580,Gabriel
Algorand:3612438507,Schnoz #2479,224440,J. Pollersbeck
Algorand:3612438700,Schnoz #2480,178415,R. Vormer
Algorand:3612438737,Schnoz #2481,173432,H. Moreno
Algorand:3612438950,Schnoz #2482,178250,P. Diop
Algorand:3612439081,Schnoz #2483,179516,R. Hennings
Algorand:3612439242,Schnoz #2484,185103,A. Kolarov
Algorand:3612439484,Schnoz #2485,207935,M. Dituro
Algorand:3612439673,Schnoz #2486,194806,C. Dawson
Algorand:3612439824,Schnoz #2487,221087,Pau López
Algorand:3612439892,Schnoz #2488,198950,Pablo Sarabia
Algorand:3612440040,Schnoz #2489,237942,P. Estupiñán
Algorand:3612440094,Schnoz #2490,189682,B. Mee
Algorand:3612440374,Schnoz #2491,186307,M. Fabián
Algorand:3612440727,Schnoz #2492,177509,M. Benatia
Algorand:3612440768,Schnoz #2493,215531,D. Türüç
Algorand:3612440943,Schnoz #2494,229406,João Novais
Algorand:3612441041,Schnoz #2495,208135,A. Doucouré
Algorand:3612441100,Schnoz #2496,199904,J. Joronen
Algorand:3612441229,Schnoz #2497,236355,Luiz Felipe
Algorand:3612441366,Schnoz #2498,225024,M. Holgate
Algorand:3612441429,Schnoz #2499,225844,D. Verde
Algorand:3612441477,Schnoz #2500,236610,M. Kean
Algorand:3612441748,Schnoz #2501,146536,Jesús Navas
Algorand:3612441844,Schnoz #2502,201922,M. Hinteregger
Algorand:3612442117,Schnoz #2503,180808,O. Kúdela
Algorand:3612442307,Schnoz #2504,178090,D. Biseswar
Algorand:3612442384,Schnoz #2505,228520,E. Ávila
Algorand:3612442447,Schnoz #2506,193348,X. Shaqiri
Algorand:3612442689,Schnoz #2507,215223,W. Benítez
Algorand:3612442766,Schnoz #2508,178415,R. Vormer
Algorand:3612442853,Schnoz #2509,157960,Manuel Fernandes
Algorand:3612443063,Schnoz #2510,236772,D. Szoboszlai
Algorand:3612443188,Schnoz #2511,195093,Willian José
Algorand:3612443268,Schnoz #2512,251412,S. Weissman
Algorand:3612443424,Schnoz #2513,104389,R. Jarstein
Algorand:3612443556,Schnoz #2514,211361,D. Cataldi
Algorand:3612443678,Schnoz #2515,184200,M. Arnautović
Algorand:3612443902,Schnoz #2516,244067,M. Lacroix
Algorand:3612443991,Schnoz #2517,235042,D. Liénard
Algorand:3612444042,Schnoz #2518,225844,D. Verde
Algorand:3612444322,Schnoz #2519,225263,D. Ćaleta-Car
Algorand:3612444407,Schnoz #2520,201377,J. Murillo
Algorand:3612444456,Schnoz #2521,207664,C. Bacca
Algorand:3612444678,Schnoz #2522,215531,D. Türüç
Algorand:3612444773,Schnoz #2523,143598,L. Pocrnjic
Algorand:3612444818,Schnoz #2524,167664,G. Higuaín
Algorand:3612445009,Schnoz #2525,215531,D. Türüç
Algorand:3612445142,Schnoz #2526,244263,A. Rrahmani
Algorand:3612445299,Schnoz #2527,143121,J. Sosa
Algorand:3612445425,Schnoz #2528,220673,R. Tapia
Algorand:3612445492,Schnoz #2529,241686,Manu Vallejo
Algorand:3612445539,Schnoz #2530,246242,B. Dia
Algorand:3612445761,Schnoz #2531,210315,De Tomás
Algorand:3612445829,Schnoz #2532,193348,X. Shaqiri
Algorand:3612445896,Schnoz #2533,192563,B. Leno
Algorand:3612446179,Schnoz #2534,241769,D. Akpeyi
Algorand:3612446293,Schnoz #2535,198640,Z. Labyad
Algorand:3612446387,Schnoz #2536,221430,U. Đurđević
Algorand:3612446583,Schnoz #2537,244426,B. Lednev
Algorand:3612446651,Schnoz #2538,189224,Júnior Negão
Algorand:3612446840,Schnoz #2539,215531,D. Türüç
Algorand:3612446943,Schnoz #2540,236786,M. Terrier
Algorand:3612447050,Schnoz #2541,163301,J. Orozco
Algorand:3612447289,Schnoz #2542,198640,Z. Labyad
Algorand:3612447335,Schnoz #2543,185172,V. Fiorillo
Algorand:3612447412,Schnoz #2544,229773,G. Dzhikiya
Algorand:3612447572,Schnoz #2545,220673,R. Tapia
Algorand:3612447669,Schnoz #2546,237034,J. Hernández
Algorand:3612447718,Schnoz #2547,225844,D. Verde
Algorand:3612447919,Schnoz #2548,210513,J. Quintero
Algorand:3612447962,Schnoz #2549,201145,M. Le Bihan
Algorand:3612448209,Schnoz #2550,173474,Z. Junuzović
Algorand:3612448243,Schnoz #2551,193290,M. Braithwaite
Algorand:3612448354,Schnoz #2552,230212,Antônio Chiamuloira
Algorand:3612448494,Schnoz #2553,224196,R. Bensebaini
Algorand:3612448655,Schnoz #2554,175254,F. Caicedo
Algorand:3612448844,Schnoz #2555,175254,F. Caicedo
Algorand:3612448945,Schnoz #2556,181820,S. Jovetić
Algorand:3612448991,Schnoz #2557,229637,G. Akkan
Algorand:3612449149,Schnoz #2558,170890,B. Matuidi
Algorand:3612449284,Schnoz #2559,223671,S. Posch
Algorand:3612449414,Schnoz #2560,214097,B. Bourigeaud
Algorand:3612449600,Schnoz #2561,224196,R. Bensebaini
Algorand:3612449694,Schnoz #2562,239901,S. Kalajdžić
Algorand:3612449777,Schnoz #2563,232144,F. Uduokhai
Algorand:3612449951,Schnoz #2564,20775,Quaresma
Algorand:3612450011,Schnoz #2565,163050,B. Sharp
Algorand:3612450058,Schnoz #2566,184344,L. Bonucci
Algorand:3612450241,Schnoz #2567,211022,Rubén García
Algorand:3612450440,Schnoz #2568,153244,A. Gignac
Algorand:3612450549,Schnoz #2569,215048,J. Burrai
Algorand:3612450731,Schnoz #2570,229692,J. Huth
Algorand:3612450818,Schnoz #2571,219733,L. Ajorque
Algorand:3612450947,Schnoz #2572,199274,I. Nestorovski
Algorand:3612451140,Schnoz #2573,252590,Fer Niño
Algorand:3612451229,Schnoz #2574,189682,B. Mee
Algorand:3612451264,Schnoz #2575,215689,A. Petagna
Algorand:3612451456,Schnoz #2576,245037,Eric García
Algorand:3612451550,Schnoz #2577,236786,M. Terrier
Algorand:3612451656,Schnoz #2578,193338,M. Destro
Algorand:3612451908,Schnoz #2579,252590,Fer Niño
Algorand:3612452039,Schnoz #2580,185195,O. Ighalo
Algorand:3612452135,Schnoz #2581,187607,A. Dzyuba
Algorand:3612452215,Schnoz #2582,223671,S. Posch
Algorand:3612452336,Schnoz #2583,190593,D. Aleksić
Algorand:3612452388,Schnoz #2584,186627,M. Balotelli
Algorand:3612452577,Schnoz #2585,192342,E. Cardona
Algorand:3612452673,Schnoz #2586,247257,Ibañez
Algorand:3612452725,Schnoz #2587,178090,D. Biseswar
Algorand:3612452983,Schnoz #2588,229683,Rodrigo Pinho
Algorand:3612453110,Schnoz #2589,189805,L. de Jong
Algorand:3612453237,Schnoz #2590,205288,Fernando
Algorand:3612453453,Schnoz #2591,211784,N. Maupay
Algorand:3612453587,Schnoz #2592,190780,S. Johnson
Algorand:3612453688,Schnoz #2593,229683,Rodrigo Pinho
Algorand:3612453752,Schnoz #2594,201325,C. Tătărușanu
Algorand:3612453930,Schnoz #2595,229637,G. Akkan
Algorand:3612454071,Schnoz #2596,230180,Adrizinho Bastos
Algorand:3612454257,Schnoz #2597,225701,P. Gallese
Algorand:3612454365,Schnoz #2598,175379,Pedro León
Algorand:3612454439,Schnoz #2599,182270,W. Sandilands
Algorand:3612454613,Schnoz #2600,20775,Quaresma
Algorand:3612454718,Schnoz #2601,236823,I. Pettersson
Algorand:3612454808,Schnoz #2602,193601,G. Pezzella
Algorand:3612455019,Schnoz #2603,193290,M. Braithwaite
Algorand:3612455144,Schnoz #2604,234153,Carlos Soler
Algorand:3612455249,Schnoz #2605,204240,B. Reynet
Algorand:3612455329,Schnoz #2606,230191,Enzo Marteiro
Algorand:3612455540,Schnoz #2607,214097,B. Bourigeaud
Algorand:3612455599,Schnoz #2608,216643,L. Dubois
Algorand:3612455800,Schnoz #2609,216145,A. Izzo
Algorand:3612455891,Schnoz #2610,230379,Vieirundinho
Algorand:3612455938,Schnoz #2611,188103,Rochina
Algorand:3612456121,Schnoz #2612,225024,M. Holgate
Algorand:3612456290,Schnoz #2613,175379,Pedro León
Algorand:3612456369,Schnoz #2614,211559,Tiago Rodrigues
Algorand:3612456532,Schnoz #2615,235173,I. Sangaré
Algorand:3612456647,Schnoz #2616,199206,D. Vida
Algorand:3612456828,Schnoz #2617,221491,N. Elvedi
Algorand:3612456894,Schnoz #2618,223994,S. Mugoša
Algorand:3612457117,Schnoz #2619,186148,R. Zieler
Algorand:3612457221,Schnoz #2620,189224,Júnior Negão
Algorand:3612457353,Schnoz #2621,232670,F. Zampedri
Algorand:3612457491,Schnoz #2622,199915,L. Dunk
Algorand:3612457625,Schnoz #2623,239301,L. Martínez
Algorand:3612457726,Schnoz #2624,221841,A. Armstrong
Algorand:3612457820,Schnoz #2625,184703,L. Montes
Algorand:3612457925,Schnoz #2626,236355,Luiz Felipe
Algorand:3612458053,Schnoz #2627,176526,L. Burián
Algorand:3612458161,Schnoz #2628,228736,W. Faríñez
Algorand:3612458333,Schnoz #2629,220523,Y. Mina
Algorand:3612458438,Schnoz #2630,190584,Illarramendi
Algorand:3612458482,Schnoz #2631,234642,É. Mendy
Algorand:3612458641,Schnoz #2632,259166,E. Green
Algorand:3612458783,Schnoz #2633,178415,R. Vormer
Algorand:3612458847,Schnoz #2634,247257,Ibañez
Algorand:3612459054,Schnoz #2635,203038,Lucas Piazón
Algorand:3612459143,Schnoz #2636,215531,D. Türüç
Algorand:3612459217,Schnoz #2637,171975,G. Bergessio
Algorand:3612459396,Schnoz #2638,229788,Rubén Alcaraz
Algorand:3612459507,Schnoz #2639,173432,H. Moreno
Algorand:3612459654,Schnoz #2640,239744,M. Cuisance
Algorand:3612461758,Schnoz #2641,198950,Pablo Sarabia
Algorand:3612462236,Schnoz #2642,202750,W. Boly
Algorand:3612463124,Schnoz #2643,212249,S. Kerk
Algorand:3612463405,Schnoz #2644,229773,G. Dzhikiya
Algorand:3612463673,Schnoz #2645,225359,C. Budescu
Algorand:3612463860,Schnoz #2646,137506,G. Pandev
Algorand:3612464226,Schnoz #2647,215048,J. Burrai
Algorand:3612464404,Schnoz #2648,216531,Paulinho
Algorand:3612464470,Schnoz #2649,182270,W. Sandilands
Algorand:3612464660,Schnoz #2650,243993,Enric Gallego
Algorand:3612464875,Schnoz #2651,178007,Miguel Veloso
Algorand:3612465000,Schnoz #2652,252084,Marcos André
Algorand:3612465175,Schnoz #2653,203038,Lucas Piazón
Algorand:3612465239,Schnoz #2654,206577,S. Peeters
Algorand:3612465382,Schnoz #2655,190435,Tomeu Nadal
Algorand:3612465421,Schnoz #2656,198140,R. Funes Mori
Algorand:3612465540,Schnoz #2657,214169,W. Tesillo
Algorand:3612465743,Schnoz #2658,164878,L. Refaelov
Algorand:3612465908,Schnoz #2659,210513,J. Quintero
Algorand:3612466080,Schnoz #2660,207877,J. Martínez
Algorand:3612466188,Schnoz #2661,152912,J. Sand
Algorand:3612466308,Schnoz #2662,233486,R. Le Normand
Algorand:3612466364,Schnoz #2663,221174,M. Oršić
Algorand:3612466630,Schnoz #2664,241202,P. Daka
Algorand:3612466772,Schnoz #2665,209288,F. Mollet
Algorand:3612466982,Schnoz #2666,239818,Rúben Dias
Algorand:3612467194,Schnoz #2667,223596,S. Prevljak
Algorand:3612467322,Schnoz #2668,172114,D. Valeri
Algorand:3612467430,Schnoz #2669,224196,R. Bensebaini
Algorand:3612467619,Schnoz #2670,192678,Kike García
Algorand:3612467683,Schnoz #2671,172203,F. Forster
Algorand:3612467888,Schnoz #2672,202935,Álvaro
Algorand:3612468062,Schnoz #2673,199915,L. Dunk
Algorand:3612468136,Schnoz #2674,212382,P. Onuachu
Algorand:3612468187,Schnoz #2675,192123,C. Wood
Algorand:3612468398,Schnoz #2676,251673,Ž. Živković
Algorand:3612468435,Schnoz #2677,190593,D. Aleksić
Algorand:3612468652,Schnoz #2678,190584,Illarramendi
Algorand:3612468721,Schnoz #2679,236649,Y. van Osch
Algorand:3612468889,Schnoz #2680,143598,L. Pocrnjic
Algorand:3612469097,Schnoz #2681,219823,G. Mastriani
Algorand:3612469128,Schnoz #2682,181271,B. Dočkal
Algorand:3612469377,Schnoz #2683,197965,Pizzi
Algorand:3612469553,Schnoz #2684,193290,M. Braithwaite
Algorand:3612469661,Schnoz #2685,203890,Š. Vrsaljko
Algorand:3612469751,Schnoz #2686,221479,D. Calvert-Lewin
Algorand:3612469854,Schnoz #2687,212204,B. Mechele
Algorand:3612469925,Schnoz #2688,242348,Loren
Algorand:3612470132,Schnoz #2689,220697,J. Maddison
Algorand:3612470170,Schnoz #2690,212404,F. Bernardeschi
Algorand:3612470330,Schnoz #2691,165109,Ș. Radu
Algorand:3612470475,Schnoz #2692,239837,A. Mac Allister
Algorand:3612470560,Schnoz #2693,239956,M. Boadu
Algorand:3612470646,Schnoz #2694,213565,T. Lemar
Algorand:3612470871,Schnoz #2695,165229,L. Koscielny
Algorand:3612470952,Schnoz #2696,211320,D. Rugani
Algorand:3612471154,Schnoz #2697,170368,E. Lamela
Algorand:3612471189,Schnoz #2698,181820,S. Jovetić
Algorand:3612471244,Schnoz #2699,215531,D. Türüç
Algorand:3612471392,Schnoz #2700,232756,F. Tomori
Algorand:3612471491,Schnoz #2701,251412,S. Weissman
Algorand:3612471702,Schnoz #2702,221841,A. Armstrong
Algorand:3612471778,Schnoz #2703,258390,I. Grbić
Algorand:3612471893,Schnoz #2704,240753,A. Gouiri
Algorand:3612472217,Schnoz #2705,215363,L. Montipò
Algorand:3612472360,Schnoz #2706,192678,Kike García
Algorand:3612472441,Schnoz #2707,235042,D. Liénard
Algorand:3612472594,Schnoz #2708,244426,B. Lednev
Algorand:3612472646,Schnoz #2709,177299,A. Gabbarini
Algorand:3612472823,Schnoz #2710,233866,O. Edouard
Algorand:3612472849,Schnoz #2711,180808,O. Kúdela
Algorand:3612472971,Schnoz #2712,224151,H. Martín
Algorand:3612473182,Schnoz #2713,215223,W. Benítez
Algorand:3612473225,Schnoz #2714,226380,Hwang Hee Chan
Algorand:3612473459,Schnoz #2715,251116,T. Holeš
Algorand:3612473563,Schnoz #2716,234153,Carlos Soler
Algorand:3612473615,Schnoz #2717,244263,A. Rrahmani
Algorand:3612473766,Schnoz #2718,219733,L. Ajorque
Algorand:3612473824,Schnoz #2719,205083,F. Fajr
Algorand:3612474016,Schnoz #2720,235947,J. Brunetta
Algorand:3612474105,Schnoz #2721,210897,C. Mbemba
Algorand:3612474271,Schnoz #2722,236649,Y. van Osch
Algorand:3612474411,Schnoz #2723,192342,E. Cardona
Algorand:3612474490,Schnoz #2724,224151,H. Martín
Algorand:3612474537,Schnoz #2725,225508,E. Bailly
Algorand:3612474792,Schnoz #2726,202335,E. Dier
Algorand:3612474886,Schnoz #2727,177644,Kiko Casilla
Algorand:3612474946,Schnoz #2728,220131,M. Diagne
Algorand:3612475166,Schnoz #2729,230379,Vieirundinho
Algorand:3612475242,Schnoz #2730,143121,J. Sosa
Algorand:3612475414,Schnoz #2731,186680,Raúl Fernández
Algorand:3612475524,Schnoz #2732,208920,N. Aké
Algorand:3612475708,Schnoz #2733,197837,D. Boyata
Algorand:3612475794,Schnoz #2734,164459,S. Larsson
Algorand:3612475902,Schnoz #2735,202201,J. Gouweleeuw
Algorand:3612476109,Schnoz #2736,181820,S. Jovetić
Algorand:3612476195,Schnoz #2737,176772,A. Oukidja
Algorand:3612476283,Schnoz #2738,201377,J. Murillo
Algorand:3612476342,Schnoz #2739,190435,Tomeu Nadal
Algorand:3612476527,Schnoz #2740,161938,M. Boselli
Algorand:3612476615,Schnoz #2741,204082,J. Brooks
Algorand:3612476795,Schnoz #2742,235970,Mario González
Algorand:3612476846,Schnoz #2743,244621,Vinícius
Algorand:3612477064,Schnoz #2744,216643,L. Dubois
Algorand:3612477132,Schnoz #2745,153275,J. Leca
Algorand:3612477191,Schnoz #2746,207664,C. Bacca
Algorand:3612477461,Schnoz #2747,138703,A. D'Alessandro
Algorand:3612477541,Schnoz #2748,146439,Negredo
Algorand:3612477635,Schnoz #2749,216325,A. Gunn
Algorand:3612477777,Schnoz #2750,212249,S. Kerk
Algorand:3612477822,Schnoz #2751,215531,D. Türüç
Algorand:3612477911,Schnoz #2752,179516,R. Hennings
Algorand:3612478080,Schnoz #2753,138703,A. D'Alessandro
Algorand:3612478116,Schnoz #2754,228410,D. Iversen
Algorand:3612478308,Schnoz #2755,190593,D. Aleksić
Algorand:3612478388,Schnoz #2756,212228,I. Toney
Algorand:3612478447,Schnoz #2757,227394,C. González
Algorand:3612478576,Schnoz #2758,202789,A. Schwolow
Algorand:3612478733,Schnoz #2759,228861,S. Iljutcenko
Algorand:3612478909,Schnoz #2760,159145,B. Gomis
Algorand:3612479052,Schnoz #2761,198951,C. Bakambu
Algorand:3612479159,Schnoz #2762,156437,P. Pentke
Algorand:3612479235,Schnoz #2763,178090,D. Biseswar
Algorand:3612479418,Schnoz #2764,188103,Rochina
Algorand:3612479464,Schnoz #2765,215064,J. Furch
Algorand:3612479647,Schnoz #2766,165229,L. Koscielny
Algorand:3612479713,Schnoz #2767,183714,S. Terodde
Algorand:3612479800,Schnoz #2768,244316,Luís Maximiano
Algorand:3612480018,Schnoz #2769,230332,Wiliam Santinho
Algorand:3612480906,Schnoz #2770,239956,M. Boadu
Algorand:3612481085,Schnoz #2771,187607,A. Dzyuba
Algorand:3612481332,Schnoz #2772,192598,Ai Kesen
Algorand:3612481406,Schnoz #2773,194209,Y. El Arabi
Algorand:3612481692,Schnoz #2774,225711,A. Diallo
Algorand:3612481745,Schnoz #2775,202935,Álvaro
Algorand:3612481843,Schnoz #2776,199561,Nolito
Algorand:3612482101,Schnoz #2777,224301,K. Świderski
Algorand:3612482207,Schnoz #2778,189575,Muniain
Algorand:3612482408,Schnoz #2779,205923,B. Davies
Algorand:3612482499,Schnoz #2780,233738,Zubeldia
Algorand:3612482659,Schnoz #2781,229956,L. Zigi
Algorand:3612482725,Schnoz #2782,175379,Pedro León
Algorand:3612483015,Schnoz #2783,227186,A. Batalla
Algorand:3612483139,Schnoz #2784,173432,H. Moreno
Algorand:3612483202,Schnoz #2785,181820,S. Jovetić
Algorand:3612483364,Schnoz #2786,231628,Rafa Mir
Algorand:3612483459,Schnoz #2787,244067,M. Lacroix
Algorand:3612483686,Schnoz #2788,239837,A. Mac Allister
Algorand:3612483804,Schnoz #2789,199274,I. Nestorovski
Algorand:3612483888,Schnoz #2790,232432,L. Jović
Algorand:3612484046,Schnoz #2791,198946,D. D'Ambrosio
Algorand:3612484151,Schnoz #2792,199274,I. Nestorovski
Algorand:3612484206,Schnoz #2793,221174,M. Oršić
Algorand:3612484242,Schnoz #2794,211320,D. Rugani
Algorand:3612484485,Schnoz #2795,208045,O. Tannane
Algorand:3612484571,Schnoz #2796,205431,N. Füllkrug
Algorand:3612484723,Schnoz #2797,189125,G. Bonaventura
Algorand:3612484835,Schnoz #2798,234835,Domingos Duarte
Algorand:3612484976,Schnoz #2799,146758,Soldado
Algorand:3612485094,Schnoz #2800,251116,T. Holeš
Algorand:3612485165,Schnoz #2801,215522,A. Schlager
Algorand:3612485196,Schnoz #2802,224251,R. Zentner
Algorand:3612485456,Schnoz #2803,223573,Munir
Algorand:3612485613,Schnoz #2804,225719,K. Iheanacho
Algorand:3612485642,Schnoz #2805,230319,André Milazisco
Algorand:3612485849,Schnoz #2806,221174,M. Oršić
Algorand:3612485947,Schnoz #2807,184484,G. Sigurðsson
Algorand:3612486006,Schnoz #2808,263286,A. Mandous
Algorand:3612486220,Schnoz #2809,235042,D. Liénard
Algorand:3612486340,Schnoz #2810,204493,R. Holzhauser
Algorand:3612486503,Schnoz #2811,182495,M. Cáceres
Algorand:3612486663,Schnoz #2812,217196,J. Palomino
Algorand:3612486738,Schnoz #2813,177299,A. Gabbarini
Algorand:3612486834,Schnoz #2814,233486,R. Le Normand
Algorand:3612487037,Schnoz #2815,219733,L. Ajorque
Algorand:3612487175,Schnoz #2816,215689,A. Petagna
Algorand:3612487260,Schnoz #2817,225282,J. Devecchi
Algorand:3612487420,Schnoz #2818,164878,L. Refaelov
Algorand:3612487499,Schnoz #2819,243238,Júnior Moraes
Algorand:3612487545,Schnoz #2820,231640,Ontiveros
Algorand:3612487714,Schnoz #2821,203038,Lucas Piazón
Algorand:3612487806,Schnoz #2822,209973,J. Nsame
Algorand:3612487984,Schnoz #2823,224196,R. Bensebaini
Algorand:3612488100,Schnoz #2824,194806,C. Dawson
Algorand:3612488195,Schnoz #2825,192665,A. Luthe
Algorand:3612488240,Schnoz #2826,173432,H. Moreno
Algorand:3612488404,Schnoz #2827,190593,D. Aleksić
Algorand:3612488519,Schnoz #2828,205878,S. Kapino
Algorand:3612488616,Schnoz #2829,221584,J. Rinne
Algorand:3612488742,Schnoz #2830,190544,A. Ljajić
Algorand:3612488876,Schnoz #2831,235970,Mario González
Algorand:3612488943,Schnoz #2832,221174,M. Oršić
Algorand:3612489094,Schnoz #2833,237034,J. Hernández
Algorand:3612489130,Schnoz #2834,240900,Unai Núñez
Algorand:3612489355,Schnoz #2835,234826,Toni Martínez
Algorand:3612489463,Schnoz #2836,224254,C. Pavón
Algorand:3612489548,Schnoz #2837,216643,L. Dubois
Algorand:3612489741,Schnoz #2838,204240,B. Reynet
Algorand:3612489835,Schnoz #2839,184703,L. Montes
Algorand:3612489931,Schnoz #2840,251408,S. Nurković
Algorand:3612490106,Schnoz #2841,239837,A. Mac Allister
Algorand:3612490205,Schnoz #2842,193338,M. Destro
Algorand:3612490297,Schnoz #2843,240702,R. Yaremchuk
Algorand:3612490499,Schnoz #2844,190120,K. Johnsson
Algorand:3612490575,Schnoz #2845,239744,M. Cuisance
Algorand:3612490626,Schnoz #2846,199354,Lucas Pérez
Algorand:3612490800,Schnoz #2847,244426,B. Lednev
Algorand:3612491014,Schnoz #2848,229773,G. Dzhikiya
Algorand:3612491072,Schnoz #2849,164878,L. Refaelov
Algorand:3612491281,Schnoz #2850,156412,J. Corona
Algorand:3612491385,Schnoz #2851,163925,A. Diamanti
Algorand:3612491461,Schnoz #2852,203344,Thiago Galhardo
Algorand:3612491504,Schnoz #2853,225341,David García
Algorand:3612491701,Schnoz #2854,208165,B. Djimsiti
Algorand:3612491739,Schnoz #2855,221491,N. Elvedi
Algorand:3612491961,Schnoz #2856,159261,F. Quagliarella
Algorand:3612492007,Schnoz #2857,202201,J. Gouweleeuw
Algorand:3612492171,Schnoz #2858,242444,João Félix
Algorand:3612492272,Schnoz #2859,193601,G. Pezzella
Algorand:3612492340,Schnoz #2860,186307,M. Fabián
Algorand:3612492541,Schnoz #2861,194932,A. Townsend
Algorand:3612492667,Schnoz #2862,230212,Antônio Chiamuloira
Algorand:3612492777,Schnoz #2863,203890,Š. Vrsaljko
Algorand:3612493049,Schnoz #2864,213937,Aketxe
Algorand:3612493128,Schnoz #2865,206413,T. Stepanenko
Algorand:3612493180,Schnoz #2866,212382,P. Onuachu
Algorand:3612493229,Schnoz #2867,239744,M. Cuisance
Algorand:3612493448,Schnoz #2868,178224,J. Hernández
Algorand:3612493555,Schnoz #2869,186307,M. Fabián
Algorand:3612493742,Schnoz #2870,187072,L. Stindl
Algorand:3612493778,Schnoz #2871,229906,L. Bailey
Algorand:3612493848,Schnoz #2872,225116,A. Meret
Algorand:3612494022,Schnoz #2873,207732,Roger
Algorand:3612494103,Schnoz #2874,190435,Tomeu Nadal
Algorand:3612494204,Schnoz #2875,199561,Nolito
Algorand:3612494410,Schnoz #2876,223627,O. Al Somah
Algorand:3612494504,Schnoz #2877,235688,Lucas Veríssimo
Algorand:3612494524,Schnoz #2878,205686,T. Savanier
Algorand:3612494665,Schnoz #2879,213331,J. Tah
Algorand:3612494766,Schnoz #2880,212242,R. Andrich
Algorand:3612494873,Schnoz #2881,232670,F. Zampedri
Algorand:3612495091,Schnoz #2882,213732,A. Selikhov
Algorand:3612495162,Schnoz #2883,231366,P. Lienhart
Algorand:3612495203,Schnoz #2884,206577,S. Peeters
Algorand:3612495463,Schnoz #2885,229683,Rodrigo Pinho
Algorand:3612495537,Schnoz #2886,189068,B. Dost
Algorand:3612495697,Schnoz #2887,208418,Y. Carrasco
Algorand:3612495916,Schnoz #2888,224151,H. Martín
Algorand:3612495998,Schnoz #2889,231366,P. Lienhart
Algorand:3612496120,Schnoz #2890,196978,C. Wilson
Algorand:3612496274,Schnoz #2891,225719,K. Iheanacho
Algorand:3612496369,Schnoz #2892,225659,G. Rodríguez
Algorand:3612496506,Schnoz #2893,198118,J. Guilavogui
Algorand:3612496640,Schnoz #2894,243993,Enric Gallego
Algorand:3612496760,Schnoz #2895,226853,J. St. Juste
Algorand:3612496813,Schnoz #2896,221430,U. Đurđević
Algorand:3612497075,Schnoz #2897,183714,S. Terodde
Algorand:3612497225,Schnoz #2898,189513,Parejo
Algorand:3612497289,Schnoz #2899,146758,Soldado
Algorand:3612497500,Schnoz #2900,204838,R. Jiménez
Algorand:3612497533,Schnoz #2901,247072,K. Eissa
Algorand:3612497654,Schnoz #2902,204538,R. Ruidíaz
Algorand:3612497722,Schnoz #2903,237239,E. Bardhi
Algorand:3612497852,Schnoz #2904,182224,Wang Dalei
Algorand:3612497978,Schnoz #2905,223689,W. Weghorst
Algorand:3612498067,Schnoz #2906,179516,R. Hennings
Algorand:3612498293,Schnoz #2907,193152,Herrerín
Algorand:3612498373,Schnoz #2908,204523,Rubén Pardo
Algorand:3612498459,Schnoz #2909,193348,X. Shaqiri
Algorand:3612498541,Schnoz #2910,197837,D. Boyata
Algorand:3612498716,Schnoz #2911,223113,K. Piątek
Algorand:3612498777,Schnoz #2912,206585,Kepa
Algorand:3612498916,Schnoz #2913,252590,Fer Niño
Algorand:3612498949,Schnoz #2914,228687,K. Dolberg
Algorand:3612499221,Schnoz #2915,231747,K. Mbappé
Algorand:3612499315,Schnoz #2916,163489,A. Consigli
Algorand:3612499351,Schnoz #2917,235042,D. Liénard
Algorand:3612499509,Schnoz #2918,199561,Nolito
Algorand:3612499608,Schnoz #2919,199274,I. Nestorovski
Algorand:3612499737,Schnoz #2920,194765,A. Griezmann
Algorand:3612499914,Schnoz #2921,234054,C. Cáceda
Algorand:3612499982,Schnoz #2922,178088,Juan Mata
Algorand:3612500091,Schnoz #2923,164459,S. Larsson
Algorand:3612500281,Schnoz #2924,224301,K. Świderski
Algorand:3612500348,Schnoz #2925,233486,R. Le Normand
Algorand:3612500501,Schnoz #2926,204341,Luís Neto
Algorand:3612500703,Schnoz #2927,236610,M. Kean
Algorand:3612500768,Schnoz #2928,194794,A. Yarmolenko
Algorand:3612500997,Schnoz #2929,232144,F. Uduokhai
Algorand:3612501292,Schnoz #2930,223686,T. Wellenreuther
Algorand:3612501352,Schnoz #2931,177633,Ángel
Algorand:3612501413,Schnoz #2932,203038,Lucas Piazón
Algorand:3612501593,Schnoz #2933,224146,Jesús Imaz
Algorand:3612501667,Schnoz #2934,231352,T. Abraham
Algorand:3612501822,Schnoz #2935,235740,A. Paleari
Algorand:3612501913,Schnoz #2936,175254,F. Caicedo
Algorand:3612502088,Schnoz #2937,237034,J. Hernández
Algorand:3612502147,Schnoz #2938,230204,Héniton Pires
Algorand:3612502357,Schnoz #2939,173608,Joselu
Algorand:3612502421,Schnoz #2940,241686,Manu Vallejo
Algorand:3612502613,Schnoz #2941,190593,D. Aleksić
Algorand:3612502796,Schnoz #2942,198946,D. D'Ambrosio
Algorand:3612502908,Schnoz #2943,220058,D. Phillips
Algorand:3612502990,Schnoz #2944,239901,S. Kalajdžić
Algorand:3612503248,Schnoz #2945,211361,D. Cataldi
Algorand:3612503342,Schnoz #2946,231352,T. Abraham
Algorand:3612503598,Schnoz #2947,182495,M. Cáceres
Algorand:3612503824,Schnoz #2948,197837,D. Boyata
Algorand:3612503860,Schnoz #2949,181820,S. Jovetić
Algorand:3612504001,Schnoz #2950,172114,D. Valeri
Algorand:3612504097,Schnoz #2951,198640,Z. Labyad
Algorand:3612504194,Schnoz #2952,185122,P. Gulácsi
Algorand:3612504280,Schnoz #2953,221014,Carlos Fernández
Algorand:3612504503,Schnoz #2954,204842,Y. Brecher
Algorand:3612504566,Schnoz #2955,184432,Azpilicueta
Algorand:3612504650,Schnoz #2956,244426,B. Lednev
Algorand:3612504862,Schnoz #2957,237034,J. Hernández
Algorand:3612504938,Schnoz #2958,179560,M. Sulejmani
Algorand:3612504970,Schnoz #2959,229668,Mario Hermoso
Algorand:3612505153,Schnoz #2960,182959,A. Hruška
Algorand:3612505280,Schnoz #2961,223994,S. Mugoša
Algorand:3612505474,Schnoz #2962,214169,W. Tesillo
Algorand:3612505573,Schnoz #2963,209288,F. Mollet
Algorand:3612505636,Schnoz #2964,205211,M. Borjan
Algorand:3612505908,Schnoz #2965,212096,V. Grifo
Algorand:3612505998,Schnoz #2966,195668,Joel Robles
Algorand:3612506031,Schnoz #2967,199561,Nolito
Algorand:3612506170,Schnoz #2968,239837,A. Mac Allister
Algorand:3612506300,Schnoz #2969,181820,S. Jovetić
Algorand:3612506371,Schnoz #2970,214766,C. Izquierdoz
Algorand:3612506470,Schnoz #2971,230498,Luimo Boas Santos
Algorand:3612506563,Schnoz #2972,244391,F. Sakala
Algorand:3612506700,Schnoz #2973,208045,O. Tannane
Algorand:3612506774,Schnoz #2974,245037,Eric García
Algorand:3612506831,Schnoz #2975,181271,B. Dočkal
Algorand:3612506966,Schnoz #2976,199354,Lucas Pérez
Algorand:3612507107,Schnoz #2977,143587,F. Belluschi
Algorand:3612507359,Schnoz #2978,188335,A. Budimir
Algorand:3612507592,Schnoz #2979,243238,Júnior Moraes
Algorand:3612507678,Schnoz #2980,221014,Carlos Fernández
Algorand:3612507712,Schnoz #2981,232350,J. Posavec
Algorand:3612507891,Schnoz #2982,233306,D. Henderson
Algorand:3612507956,Schnoz #2983,205186,P. Gazzaniga
Algorand:3612508137,Schnoz #2984,235243,M. de Ligt
Algorand:3612508232,Schnoz #2985,231628,Rafa Mir
Algorand:3612508309,Schnoz #2986,204523,Rubén Pardo
Algorand:3612508473,Schnoz #2987,235173,I. Sangaré
Algorand:3612508630,Schnoz #2988,221697,O. Watkins
Algorand:3612508661,Schnoz #2989,204234,Edgar Badia
Algorand:3612508856,Schnoz #2990,199206,D. Vida
Algorand:3612508942,Schnoz #2991,189682,B. Mee
Algorand:3612508992,Schnoz #2992,179516,R. Hennings
Algorand:3612509226,Schnoz #2993,173608,Joselu
Algorand:3612509339,Schnoz #2994,190544,A. Ljajić
Algorand:3612509512,Schnoz #2995,251809,S. Botman
Algorand:3612509606,Schnoz #2996,251511,M. Zeghba
Algorand:3612509652,Schnoz #2997,226853,J. St. Juste
Algorand:3612509817,Schnoz #2998,216692,S. Torrico
Algorand:3612509906,Schnoz #2999,205431,N. Füllkrug
Algorand:3612510000,Schnoz #3000,190593,D. Aleksić
Algorand:1103749742,The Lost Bots #0001,227290,M. Dmitrović
Algorand:1103749756,The Lost Bots #0002,246398,S. Rojas
Algorand:1103749788,The Lost Bots #0003,234573,Aurélio Buta
Algorand:1103749833,The Lost Bots #0004,206517,J. Grealish
Algorand:1103749872,The Lost Bots #0005,192985,K. De Bruyne
Algorand:1103749912,The Lost Bots #0006,184089,M. Carcela-González
Algorand:1103749927,The Lost Bots #0007,158023,L. Messi
Algorand:1103749958,The Lost Bots #0008,259345,K. El Berkaoui
Algorand:1103749993,The Lost Bots #0009,229927,Gerson
Algorand:1103750013,The Lost Bots #0010,224232,N. Barella
Algorand:1103750065,The Lost Bots #0011,222636,G. Kyei
Algorand:1103750101,The Lost Bots #0012,202750,W. Boly
Algorand:1103750125,The Lost Bots #0013,215914,N. Kanté
Algorand:1103750157,The Lost Bots #0015,153244,A. Gignac
Algorand:1103750167,The Lost Bots #0016,150724,J. Hart
Algorand:1103750184,The Lost Bots #0017,216692,S. Torrico
Algorand:1103750196,The Lost Bots #0018,229927,Gerson
Algorand:1103750207,The Lost Bots #0019,189857,Quique
Algorand:1103750224,The Lost Bots #0020,197781,Isco
Algorand:1103750252,The Lost Bots #0022,236822,G. Gudmundsson
Algorand:1103750292,The Lost Bots #0024,239090,P. Wiesinger
Algorand:1103750392,The Lost Bots #0027,233011,Jeong Chi In
Algorand:1103750462,The Lost Bots #0028,152908,A. Young
Algorand:1103750559,The Lost Bots #0029,206511,M. Arnold
Algorand:1103750573,The Lost Bots #0030,258363,M. Traore
Algorand:1103750698,The Lost Bots #0031,197965,Pizzi
Algorand:1103750710,The Lost Bots #0032,207444,J. Damm
Algorand:1103750728,The Lost Bots #0033,211177,A. Traustason
Algorand:1103750745,The Lost Bots #0034,264213,G. Walther
Algorand:1103750847,The Lost Bots #0035,263245,T. Pieńko
Algorand:1103750966,The Lost Bots #0036,255585,Y. Hakamata
Algorand:1103751314,The Lost Bots #0040,244690,T. Matthews
Algorand:1103751411,The Lost Bots #0041,236673,Pedro Marques
Algorand:1103751490,The Lost Bots #0044,234846,S. Müller
Algorand:1103751521,The Lost Bots #0045,253791,C. Varela
Algorand:1103751584,The Lost Bots #0047,189242,Coutinho
Algorand:1103751592,The Lost Bots #0048,227836,E. Lindell
Algorand:1103751625,The Lost Bots #0049,255814,J. Briones
Algorand:1103847539,The Lost Bots #0053,222187,Jin Qiang
Algorand:1103847588,The Lost Bots #0055,240563,D. Emmanouilidis
Algorand:1103847672,The Lost Bots #0058,244390,M. Bülter
Algorand:1103847698,The Lost Bots #0059,182494,F. Muslera
Algorand:1103847728,The Lost Bots #0060,220685,Léo Bonatini
Algorand:1103847853,The Lost Bots #0064,225073,J. Álvez
Algorand:1103847863,The Lost Bots #0065,182343,Hao Junmin
Algorand:1103848879,The Lost Bots #0066,237768,R. Shirasaki
Algorand:1103848979,The Lost Bots #0068,201862,M. Rojo
Algorand:1103849047,The Lost Bots #0069,234795,A. Bernede
Algorand:1103849174,The Lost Bots #0070,232564,T. Morita
Algorand:1103849237,The Lost Bots #0071,258659,M. Al Shammari
Algorand:1103849295,The Lost Bots #0072,197641,B. Leroy
Algorand:1103849349,The Lost Bots #0073,214979,J. Musso
Algorand:1103849398,The Lost Bots #0074,211256,N. Tagliafico
Algorand:1103849427,The Lost Bots #0075,204882,R. Williams
Algorand:1103849596,The Lost Bots #0078,263631,I. Hernández
Algorand:1103849680,The Lost Bots #0079,219736,E. Horvath
Algorand:1103849781,The Lost Bots #0080,191684,Jung San
Algorand:1103849812,The Lost Bots #0081,255980,J. Kabia
Algorand:1103850001,The Lost Bots #0085,207441,L. Vietto
Algorand:1103850024,The Lost Bots #0086,234515,J. Lefort
Algorand:1103850070,The Lost Bots #0087,230507,Nicholas Aldair
Algorand:1103850152,The Lost Bots #0090,253110,J. de Boer
Algorand:1103850169,The Lost Bots #0091,230339,Adolfinho Padilha
Algorand:1103850207,The Lost Bots #0092,258821,L. Kronberger
Algorand:1103850239,The Lost Bots #0093,258210,N. Marichal
Algorand:1103850272,The Lost Bots #0094,233681,Liu Shibo
Algorand:1103850285,The Lost Bots #0095,235950,F. Barceló
Algorand:1103850438,The Lost Bots #0098,235812,G. Kvilitaia
Algorand:1103850462,The Lost Bots #0099,237109,O. Karavaev
Algorand:1103850505,The Lost Bots #0100,239250,Abel Ruiz
Algorand:1103850592,The Lost Bots #0103,244778,Trincão
Algorand:1103850692,The Lost Bots #0107,204555,R. Álvarez
Algorand:1103850738,The Lost Bots #0108,189271,F. Coquelin
Algorand:1103850771,The Lost Bots #0109,188081,Alex Teixeira
Algorand:1103850791,The Lost Bots #0110,213991,J. Lerma
Algorand:1103850858,The Lost Bots #0113,197496,Y. Al Mosailem
Algorand:1103850870,The Lost Bots #0114,211300,A. Martial
Algorand:1103851034,The Lost Bots #0116,230982,M. Roman
Algorand:1103851964,The Lost Bots #0117,242601,M. Najjar
Algorand:1103852017,The Lost Bots #0118,195479,J. Tavernier
Algorand:1103852482,The Lost Bots #0121,234236,P. Schick
Algorand:1103852501,The Lost Bots #0122,184624,J. Rhodes
Algorand:1103852551,The Lost Bots #0123,256053,J. Pulskamp
Algorand:1103852579,The Lost Bots #0124,189303,Nélson Oliveira
Algorand:1103852605,The Lost Bots #0125,200746,J. Lundstram
Algorand:1103852641,The Lost Bots #0126,212248,F. Lohkemper
Algorand:1103852661,The Lost Bots #0127,224411,Gonçalo Guedes
Algorand:1103852827,The Lost Bots #0128,219969,A. Vasyutin
Algorand:1103852913,The Lost Bots #0129,223756,M. Schulz
Algorand:1103853400,The Lost Bots #0132,188657,D. Rudd
Algorand:1103853456,The Lost Bots #0133,232898,T. Morishima
Algorand:1103853492,The Lost Bots #0134,252113,D. Segbe Azankpo
Algorand:1103858903,The Lost Bots #0135,258622,M. Marshall
Algorand:1103858990,The Lost Bots #0137,231947,Oh Se Hun
Algorand:1103859076,The Lost Bots #0139,237840,M. Andersen
Algorand:1103859110,The Lost Bots #0140,257085,T. Ur
Algorand:1103859167,The Lost Bots #0141,195013,J. Dunleavy
Algorand:1103859350,The Lost Bots #0143,198683,M. Gabbiadini
Algorand:1103859448,The Lost Bots #0145,213884,R. Christie
Algorand:1103859468,The Lost Bots #0146,253874,J. Zevallos
Algorand:1103859610,The Lost Bots #0148,241928,A. Sambi Lokonga
Algorand:1103859718,The Lost Bots #0150,252590,Fer Niño
Algorand:1103860025,The Lost Bots #0155,233585,Lincoln
Algorand:1103860100,The Lost Bots #0156,237604,A. Franco
Algorand:1103860293,The Lost Bots #0160,198946,D. D'Ambrosio
Algorand:1103860421,The Lost Bots #0163,264177,D. Skare
Algorand:1103860527,The Lost Bots #0164,205988,L. Shaw
Algorand:1103862495,The Lost Bots #0167,190416,D. Le Tallec
Algorand:1103863248,The Lost Bots #0169,241171,A. Obispo
Algorand:1103863652,The Lost Bots #0172,245703,I. Diveev
Algorand:1103863729,The Lost Bots #0173,237297,Y. Osorio
Algorand:1103863852,The Lost Bots #0174,243559,De Frutos
Algorand:1103864322,The Lost Bots #0176,242664,A. Saelemaekers
Algorand:1103864408,The Lost Bots #0177,259718,F. Gebhardt
Algorand:1103864561,The Lost Bots #0179,159261,F. Quagliarella
Algorand:1103864799,The Lost Bots #0182,204234,Edgar Badia
Algorand:1103864856,The Lost Bots #0183,176526,L. Burián
Algorand:1103865014,The Lost Bots #0187,199904,J. Joronen
Algorand:1103865092,The Lost Bots #0189,260360,K. Toriumi
Algorand:1103865261,The Lost Bots #0193,237592,M. Blauensteiner
Algorand:1103865289,The Lost Bots #0194,198178,A. Calisir
Algorand:1103865341,The Lost Bots #0195,263895,K. Al Mahous
Algorand:1103865436,The Lost Bots #0196,244465,J. Hamilton
Algorand:1103865451,The Lost Bots #0197,261450,A. Fofana
Algorand:1103865563,The Lost Bots #0199,201129,T. Přikryl
Algorand:1103865600,The Lost Bots #0200,45186,Joaquín
Algorand:1103865633,The Lost Bots #0201,200389,J. Oblak
Algorand:1103865695,The Lost Bots #0202,251585,J. Mary
Algorand:1103865760,The Lost Bots #0204,245506,H. Al Sibyani
Algorand:1103865855,The Lost Bots #0206,235266,C. Früchtl
Algorand:1103865933,The Lost Bots #0208,219558,G. Koomson
Algorand:1103865953,The Lost Bots #0209,208063,Ju Se Jong
Algorand:1103866017,The Lost Bots #0210,244727,L. Tawamba
Algorand:1103866115,The Lost Bots #0212,L0039,Zico
Algorand:1103866218,The Lost Bots #0214,226012,R. Manning
Algorand:1103866334,The Lost Bots #0217,200145,Casemiro
Algorand:1103866583,The Lost Bots #0222,182270,W. Sandilands
Algorand:1103866699,The Lost Bots #0225,224508,L. Mancuso
Algorand:1103866752,The Lost Bots #0227,264500,R. Idowu
Algorand:1103866779,The Lost Bots #0228,230172,Traeira Lopes
Algorand:1103866957,The Lost Bots #0231,179516,R. Hennings
Algorand:1103866976,The Lost Bots #0232,237969,S. Blaney
Algorand:1103867005,The Lost Bots #0233,241119,Dani Martín
Algorand:1103867259,The Lost Bots #0238,242683,M. Zemzemi
Algorand:1103867306,The Lost Bots #0239,247201,L. Singh
Algorand:1103867342,The Lost Bots #0240,229927,Gerson
Algorand:1103867393,The Lost Bots #0241,259027,J. Chávez
Algorand:1103867454,The Lost Bots #0242,237506,C. Owens
Algorand:1103867508,The Lost Bots #0243,235805,F. Chiesa
Algorand:1103867526,The Lost Bots #0244,251326,Álex Bermejo
Algorand:1103867682,The Lost Bots #0246,177885,K. Özer
Algorand:1103867735,The Lost Bots #0247,208638,Rober Correa
Algorand:1103867823,The Lost Bots #0249,225719,K. Iheanacho
Algorand:1103867871,The Lost Bots #0250,240922,Dani Escriche
Algorand:1103868384,The Lost Bots #0253,183574,M. Kruse
Algorand:1103868644,The Lost Bots #0255,234774,K. Laifis
Algorand:1103868733,The Lost Bots #0257,232411,C. Nkunku
Algorand:1103868753,The Lost Bots #0258,254909,O. Dorley
Algorand:1103868820,The Lost Bots #0259,215330,J. Correa
Algorand:1103868860,The Lost Bots #0260,194765,A. Griezmann
Algorand:1103868935,The Lost Bots #0262,221790,D. Primel
Algorand:1103868988,The Lost Bots #0263,239093,J. Clauss
Algorand:1103869060,The Lost Bots #0264,246946,I. Coulibaly
Algorand:1103869148,The Lost Bots #0266,258781,I. Zabarnyi
Algorand:1103869186,The Lost Bots #0267,261241,M. Ibrahimi
Algorand:1103869220,The Lost Bots #0268,237386,K. Dewsbury-Hall
Algorand:1103869298,The Lost Bots #0269,143025,E. Papa
Algorand:1103869405,The Lost Bots #0271,1179,G. Buffon
Algorand:1103869502,The Lost Bots #0272,L0001,Maradona
Algorand:1103869623,The Lost Bots #0275,211354,M. Benassi
Algorand:1103869665,The Lost Bots #0276,225368,B. Gueye
Algorand:1103869730,The Lost Bots #0277,199987,J. Cillessen
Algorand:1103869768,The Lost Bots #0278,206219,Juan Cruz
Algorand:1103869837,The Lost Bots #0279,198046,D. Dąbrowski
Algorand:1103869867,The Lost Bots #0280,230475,Adilson Edrada
Algorand:1103869912,The Lost Bots #0281,262514,N. Muci
Algorand:1103869963,The Lost Bots #0282,L0040,Puskás
Algorand:1103870008,The Lost Bots #0283,193314,Aitor
Algorand:1103870034,The Lost Bots #0284,215938,M. Dal Hende
Algorand:1103870089,The Lost Bots #0285,215553,Henrique Dourado
Algorand:1103870167,The Lost Bots #0287,216354,A. Kramarić
Algorand:1103870319,The Lost Bots #0290,189910,C. Main
Algorand:1103870427,The Lost Bots #0292,262426,M. Aidara
Algorand:1103870504,The Lost Bots #0294,207439,L. Paredes
Algorand:1103870601,The Lost Bots #0295,221125,S. Driussi
Algorand:1103870632,The Lost Bots #0296,202652,R. Sterling
Algorand:1103870662,The Lost Bots #0297,207439,L. Paredes
Algorand:1103870716,The Lost Bots #0298,192985,K. De Bruyne
Algorand:1103870746,The Lost Bots #0299,242079,K. Bistrović
Algorand:1103871071,The Lost Bots #0300,237419,A. Abedzadeh
Algorand:1103871187,The Lost Bots #0301,258615,Zarraga
Algorand:1103871286,The Lost Bots #0302,200196,O. Gaona Lugo
Algorand:1103871401,The Lost Bots #0304,213653,T. Dallison
Algorand:1103871436,The Lost Bots #0305,255846,Jung Min Woo
Algorand:1103871602,The Lost Bots #0309,252488,K. Sardella
Algorand:1103871678,The Lost Bots #0310,263387,K. Kouassi
Algorand:1103871786,The Lost Bots #0312,233172,E. Takeda
Algorand:1103871819,The Lost Bots #0313,262327,J. Batioja
Algorand:1103871861,The Lost Bots #0314,241852,M. Diaby
Algorand:1103871914,The Lost Bots #0315,241920,R. Warland
Algorand:1103872001,The Lost Bots #0317,190014,Y. Salibur
Algorand:1103872036,The Lost Bots #0318,204935,J. Pickford
Algorand:1103872075,The Lost Bots #0319,226045,J. Gallardo
Algorand:1103872129,The Lost Bots #0320,247641,Tete
Algorand:1103872232,The Lost Bots #0323,230213,Kaíqundo Calado
Algorand:1103872288,The Lost Bots #0324,213305,R. Šimović
Algorand:1103872603,The Lost Bots #0328,225204,Raúl Guti
Algorand:1103872621,The Lost Bots #0329,221853,Mi Haolun
Algorand:1103872718,The Lost Bots #0330,201942,Roberto Firmino
Algorand:1103872753,The Lost Bots #0331,215698,M. Maignan
Algorand:1103872994,The Lost Bots #0337,259006,Hu Haoran
Algorand:1103873069,The Lost Bots #0338,146748,Diego López
Algorand:1103873178,The Lost Bots #0339,183277,E. Hazard
Algorand:1103873242,The Lost Bots #0340,227813,O. Zinchenko
Algorand:1103873346,The Lost Bots #0342,190720,T. Ricketts
Algorand:1103873516,The Lost Bots #0346,211591,M. Dembélé
Algorand:1103873788,The Lost Bots #0348,167495,M. Neuer
Algorand:1103873869,The Lost Bots #0349,208977,F. Al Muwallad
Algorand:1103873951,The Lost Bots #0350,253971,T. Dickson-Peters
Algorand:1103874086,The Lost Bots #0352,243993,Enric Gallego
Algorand:1103874126,The Lost Bots #0353,253500,R. Ali Sardar
Algorand:1103874160,The Lost Bots #0354,212973,M. Marić
Algorand:1103874273,The Lost Bots #0355,213777,I. Fossum
Algorand:1103874335,The Lost Bots #0356,233282,Yoon Bo Sang
Algorand:1103874593,The Lost Bots #0358,201095,A. Marchesín
Algorand:1103874803,The Lost Bots #0359,233934,A. Ramsdale
Algorand:1103874972,The Lost Bots #0361,197837,D. Boyata
Algorand:1103875122,The Lost Bots #0364,205582,A. Forde
Algorand:1103875178,The Lost Bots #0365,246420,J. Doku
Algorand:1103875306,The Lost Bots #0367,261469,E. Abreu
Algorand:1103875345,The Lost Bots #0368,263308,A. Marsh
Algorand:1103875416,The Lost Bots #0369,204612,O. Selnæs
Algorand:1103875471,The Lost Bots #0370,L0025,Garrincha
Algorand:1103875676,The Lost Bots #0372,194765,A. Griezmann
Algorand:1103875745,The Lost Bots #0373,230685,E. Akbaba
Algorand:1103875979,The Lost Bots #0374,261645,P. Moser
Algorand:1103876056,The Lost Bots #0375,248011,L. Fülöp
Algorand:1103876127,The Lost Bots #0377,223959,L. Torreira
Algorand:1103876243,The Lost Bots #0378,248158,G. Slonina
Algorand:1103876607,The Lost Bots #0379,193182,W. Foderingham
Algorand:1103876725,The Lost Bots #0380,199652,D. Praet
Algorand:1103876891,The Lost Bots #0381,146296,Andrés Fernández
Algorand:1103876953,The Lost Bots #0382,262914,S. Simons
Algorand:1103877043,The Lost Bots #0384,224254,C. Pavón
Algorand:1103877593,The Lost Bots #0387,200726,B. Lecomte
Algorand:1103877833,The Lost Bots #0388,186518,P. Zeballos
Algorand:1103877925,The Lost Bots #0389,237101,Lee Seung Mo
Algorand:1103877968,The Lost Bots #0390,256994,I. Vanlalruatfela
Algorand:1103878026,The Lost Bots #0391,212947,J. Cabot
Algorand:1103878116,The Lost Bots #0392,234772,Salvi Sánchez
Algorand:1103878249,The Lost Bots #0394,230432,Dagoberto Esteiro
Algorand:1103878306,The Lost Bots #0395,259560,N. Singh
Algorand:1103878337,The Lost Bots #0396,254416,M. Ovejero
Algorand:1103878720,The Lost Bots #0398,240286,J. García
Algorand:1103878816,The Lost Bots #0399,223045,U. Çiftçi
Algorand:1103878934,The Lost Bots #0400,135507,Fernandinho
Algorand:1103879084,The Lost Bots #0402,148119,I. Akinfeev
Algorand:1103879146,The Lost Bots #0403,252181,Huang Jiahui
Algorand:1103879222,The Lost Bots #0405,214666,F. Vázquez
Algorand:1103879321,The Lost Bots #0408,252730,R. Sinclair
Algorand:1103879369,The Lost Bots #0409,205727,J. Furlan
Algorand:1103879413,The Lost Bots #0410,223879,L. Ramos
Algorand:1103879539,The Lost Bots #0412,240017,A. Olsen
Algorand:1103879769,The Lost Bots #0416,230449,Diegildo Ramos
Algorand:1103879909,The Lost Bots #0418,202295,Park Gi Dong
Algorand:1103879954,The Lost Bots #0419,236899,A. Sobolev
Algorand:1103880018,The Lost Bots #0420,163264,T. Heaton
Algorand:1103880087,The Lost Bots #0421,229896,Jordi Calavera
Algorand:1103880116,The Lost Bots #0422,184252,L. Pratto
Algorand:1103880177,The Lost Bots #0423,235805,F. Chiesa
Algorand:1103880303,The Lost Bots #0426,263660,D. Urtiaga
Algorand:1103880354,The Lost Bots #0427,198128,Caio
Algorand:1103880414,The Lost Bots #0429,105846,A. Boruc
Algorand:1103880576,The Lost Bots #0431,262968,A. Brown
Algorand:1103880666,The Lost Bots #0432,255174,L. Tramoni
Algorand:1103880807,The Lost Bots #0434,262463,V. Drăghia
Algorand:1103881572,The Lost Bots #0435,260477,N. Harriel
Algorand:1103881768,The Lost Bots #0436,244952,V. Loroña
Algorand:1103882048,The Lost Bots #0438,221125,S. Driussi
Algorand:1103882495,The Lost Bots #0441,24630,Pepe Reina
Algorand:1103882537,The Lost Bots #0442,230252,Jorginhson
Algorand:1103883721,The Lost Bots #0445,261472,G. Breeze
Algorand:1103883769,The Lost Bots #0446,263322,M. Snelgrove
Algorand:1103883840,The Lost Bots #0447,257291,Z. Ibsen Rossi
Algorand:1103883947,The Lost Bots #0448,233096,D. Dumfries
Algorand:1103884385,The Lost Bots #0454,263990,E. Taylor
Algorand:1103884420,The Lost Bots #0455,193337,J. Obi
Algorand:1103884437,The Lost Bots #0456,231747,K. Mbappé
Algorand:1103884523,The Lost Bots #0457,259816,A. Sima
Algorand:1103884657,The Lost Bots #0460,262702,M. Hubínek
Algorand:1103884710,The Lost Bots #0461,230475,Adilson Edrada
Algorand:1103884741,The Lost Bots #0462,237000,R. Cannon
Algorand:1103884776,The Lost Bots #0463,236830,Z. Youssouf
Algorand:1103884900,The Lost Bots #0466,204684,M. Seuntjens
Algorand:1103884952,The Lost Bots #0467,260525,K. Ioka
Algorand:1103884986,The Lost Bots #0468,242710,T. John-Jules
Algorand:1103885025,The Lost Bots #0469,226012,R. Manning
Algorand:1103885093,The Lost Bots #0471,189271,F. Coquelin
Algorand:1103885114,The Lost Bots #0472,220502,M. Zaccagni
Algorand:1103885188,The Lost Bots #0473,223334,Joelinton
Algorand:1103885287,The Lost Bots #0475,L0003,Zidane
Algorand:1103885327,The Lost Bots #0476,222190,Lü Peng
Algorand:1103885345,The Lost Bots #0477,198817,R. Amalfitano
Algorand:1103885491,The Lost Bots #0479,239592,J. Macías
Algorand:1103885632,The Lost Bots #0480,171579,Raúl García
Algorand:1103885767,The Lost Bots #0482,259694,Mingueza
Algorand:1103885853,The Lost Bots #0483,223686,T. Wellenreuther
Algorand:1103886013,The Lost Bots #0485,261818,R. Gallagher
Algorand:1103886137,The Lost Bots #0488,232999,T. Adams
Algorand:1103886189,The Lost Bots #0489,257173,K. Koreniuk
Algorand:1103886244,The Lost Bots #0490,204240,B. Reynet
Algorand:1103886345,The Lost Bots #0491,142616,J. De Olivera
Algorand:1103886411,The Lost Bots #0492,230283,Evandro Rochedo
Algorand:1103886469,The Lost Bots #0494,215940,O. Lund
Algorand:1103886502,The Lost Bots #0495,214584,F. Armani
Algorand:1103886601,The Lost Bots #0497,223779,D. Szymański
Algorand:1103886650,The Lost Bots #0498,233879,D. Florea
Algorand:1103886752,The Lost Bots #0500,261056,Lee Ji Hoon
Algorand:1103887058,The Lost Bots #0503,252391,Rúben Fonseca
Algorand:1103887136,The Lost Bots #0505,209937,Quini
Algorand:1103887281,The Lost Bots #0507,264044,M. Viti
Algorand:1103887408,The Lost Bots #0510,212442,José Sá
Algorand:1103887984,The Lost Bots #0517,224179,Borja Iglesias
Algorand:1103888035,The Lost Bots #0518,202855,Tan Long
Algorand:1103888148,The Lost Bots #0520,192297,G. Arlauskis
Algorand:1103888226,The Lost Bots #0521,258846,A. Álvarez Martínez
Algorand:1103888298,The Lost Bots #0522,252015,S. Tanaka
Algorand:1103888382,The Lost Bots #0524,206436,Y. Benzia
Algorand:1103888443,The Lost Bots #0526,262325,R. Byrne
Algorand:1103888551,The Lost Bots #0529,186556,Dentinho
Algorand:1103888609,The Lost Bots #0530,242952,S. Bareiro
Algorand:1103888701,The Lost Bots #0532,244368,A. Besedin
Algorand:1103888735,The Lost Bots #0533,173434,P. Barrera
Algorand:1103888834,The Lost Bots #0535,188103,Rochina
Algorand:1103888866,The Lost Bots #0536,254069,D. Reasco
Algorand:1103888920,The Lost Bots #0537,253272,K. Dawson
Algorand:1103888983,The Lost Bots #0538,260411,J. Greene
Algorand:1103889100,The Lost Bots #0541,242184,A. Amade
Algorand:1103889216,The Lost Bots #0544,199575,Jordi Masip
Algorand:1103889234,The Lost Bots #0545,241727,P. Rajković
Algorand:1103889422,The Lost Bots #0548,252733,N. Bergmark
Algorand:1103889457,The Lost Bots #0549,237555,J. Bolingi
Algorand:1103889541,The Lost Bots #0550,260007,J. Conway
Algorand:1103889680,The Lost Bots #0553,226140,D. Chávez
Algorand:1103889766,The Lost Bots #0554,235380,R. Oaidă
Algorand:1103889857,The Lost Bots #0556,260714,P. Zvar
Algorand:1103889915,The Lost Bots #0557,215334,G. Carrillo
Algorand:1103889940,The Lost Bots #0558,238715,E. Crona
Algorand:1103890018,The Lost Bots #0560,237051,M. Turay
Algorand:1103890037,The Lost Bots #0561,181872,A. Vidal
Algorand:1103890080,The Lost Bots #0562,260033,R. Rodríguez
Algorand:1103890155,The Lost Bots #0563,225406,J. Talbot
Algorand:1103890201,The Lost Bots #0564,261549,B. Ganesan
Algorand:1103890275,The Lost Bots #0565,215292,M. Cauteruccio
Algorand:1103890379,The Lost Bots #0567,261924,Yi Wenjun
Algorand:1103890430,The Lost Bots #0569,184941,A. Sánchez
Algorand:1103890462,The Lost Bots #0570,195093,Willian José
Algorand:1103890512,The Lost Bots #0571,260387,J. Assi
Algorand:1103890693,The Lost Bots #0574,238924,D. Keita-Ruel
Algorand:1103890757,The Lost Bots #0575,248053,S. Arzamendia
Algorand:1103890819,The Lost Bots #0576,227290,M. Dmitrović
Algorand:1103890996,The Lost Bots #0580,217332,M. Monthé
Algorand:1103891025,The Lost Bots #0581,214350,M. Rangel
Algorand:1103891124,The Lost Bots #0583,241694,S. Rentería
Algorand:1103891693,The Lost Bots #0584,257972,O. Sørensen
Algorand:1103891802,The Lost Bots #0585,237286,A. Connolly
Algorand:1103891965,The Lost Bots #0586,207732,Roger
Algorand:1103892280,The Lost Bots #0587,245455,M. Mohsen
Algorand:1103892447,The Lost Bots #0588,225071,B. Whiteman
Algorand:1103892565,The Lost Bots #0590,258409,R. Pop
Algorand:1103892668,The Lost Bots #0592,175254,F. Caicedo
Algorand:1103892703,The Lost Bots #0593,202819,C. Forrester
Algorand:1103892754,The Lost Bots #0594,206113,S. Gnabry
Algorand:1103892818,The Lost Bots #0595,223058,D. Kuzyaev
Algorand:1103892849,The Lost Bots #0596,262488,Iker Unzueta
Algorand:1103892872,The Lost Bots #0597,186130,J. Chester
Algorand:1103892936,The Lost Bots #0598,263139,D. Greif
Algorand:1103893094,The Lost Bots #0601,226419,F. Sambueza
Algorand:1103893233,The Lost Bots #0603,221479,D. Calvert-Lewin
Algorand:1103893339,The Lost Bots #0605,223962,R. Kongolo
Algorand:1103893363,The Lost Bots #0606,184624,J. Rhodes
Algorand:1103893543,The Lost Bots #0610,222951,M. Rodák
Algorand:1103893602,The Lost Bots #0611,260302,J. Biegański
Algorand:1103893706,The Lost Bots #0613,255903,C. Garcia
Algorand:1103893858,The Lost Bots #0616,241605,F. Grahl
Algorand:1103893909,The Lost Bots #0617,256503,G. Gerzel
Algorand:1103893947,The Lost Bots #0618,254203,L. Mifflin
Algorand:1103893972,The Lost Bots #0619,197031,M. Ducksch
Algorand:1103894025,The Lost Bots #0620,250865,Z. Jeacock
Algorand:1103894303,The Lost Bots #0626,190435,Tomeu Nadal
Algorand:1103894331,The Lost Bots #0627,193267,F. Pisacane
Algorand:1103894414,The Lost Bots #0629,203447,A. Schalk
Algorand:1103894479,The Lost Bots #0630,237490,P. Sontheimer
Algorand:1103894513,The Lost Bots #0631,253002,G. Raspadori
Algorand:1103894563,The Lost Bots #0632,234054,C. Cáceda
Algorand:1103894681,The Lost Bots #0633,232441,M. Higashiguchi
Algorand:1103894709,The Lost Bots #0634,240681,J. Hoekstra
Algorand:1103894764,The Lost Bots #0636,230850,G. Cimirot
Algorand:1103894820,The Lost Bots #0637,226807,C. Roldan
Algorand:1103895001,The Lost Bots #0641,196318,S. Gürler
Algorand:1103895148,The Lost Bots #0644,242075,J. Sargent
Algorand:1103895395,The Lost Bots #0649,250842,J. Graterol
Algorand:1103895534,The Lost Bots #0653,259428,F. Al Dawsari
Algorand:1103895557,The Lost Bots #0654,260805,D. Rodari
Algorand:1103895598,The Lost Bots #0655,204349,I. Šehić
Algorand:1103895729,The Lost Bots #0659,213697,P. McNair
Algorand:1103895762,The Lost Bots #0660,228941,André Silva
Algorand:1103895798,The Lost Bots #0661,261115,Lee Ho Jae
Algorand:1103895895,The Lost Bots #0663,220388,S. Chakla
Algorand:1103895908,The Lost Bots #0664,246815,O. Stefánsson
Algorand:1103895986,The Lost Bots #0665,227084,R. Rainey
Algorand:1103896033,The Lost Bots #0666,252308,A. Musrati
Algorand:1103896169,The Lost Bots #0668,224179,Borja Iglesias
Algorand:1103896324,The Lost Bots #0672,212261,Brandon Thomas
Algorand:1103896363,The Lost Bots #0673,262724,R. Baravykas
Algorand:1103896407,The Lost Bots #0674,188350,M. Reus
Algorand:1103896500,The Lost Bots #0676,191164,F. Martínez
Algorand:1103896543,The Lost Bots #0677,216354,A. Kramarić
Algorand:1103896582,The Lost Bots #0678,263716,Papu Mendes
Algorand:1103896601,The Lost Bots #0679,260728,A. Pressley
Algorand:1103896607,The Lost Bots #0680,223968,V. Vasić
Algorand:1103896701,The Lost Bots #0681,216255,M. Stefaniak
Algorand:1103896764,The Lost Bots #0683,230191,Enzo Marteiro
Algorand:1103897095,The Lost Bots #0686,258532,C. Carty
Algorand:1103897156,The Lost Bots #0687,246618,A. Hložek
Algorand:1103897169,The Lost Bots #0688,208830,J. Vardy
Algorand:1103897199,The Lost Bots #0689,257934,Guo Yunqi
Algorand:1103897233,The Lost Bots #0690,258782,A. Ismajli
Algorand:1103897269,The Lost Bots #0691,262585,S. Biuk
Algorand:1103897680,The Lost Bots #0694,262699,A. Radwański
Algorand:1103897731,The Lost Bots #0695,182224,Wang Dalei
Algorand:1103897809,The Lost Bots #0697,199354,Lucas Pérez
Algorand:1103898212,The Lost Bots #0700,164240,Thiago Silva
Algorand:1103898354,The Lost Bots #0702,257010,K. Nakano
Algorand:1103898438,The Lost Bots #0703,190536,O. Martínez
Algorand:1103898531,The Lost Bots #0705,241277,J. Steinkötter
Algorand:1103898556,The Lost Bots #0706,259645,M. Shereef
Algorand:1103898587,The Lost Bots #0707,226382,L. Villarruel
Algorand:1103898644,The Lost Bots #0708,256606,R. Murillo
Algorand:1103898728,The Lost Bots #0710,244661,Vitinho
Algorand:1103898762,The Lost Bots #0711,231969,R. Malinovskyi
Algorand:1103898790,The Lost Bots #0712,175943,D. Mertens
Algorand:1103898818,The Lost Bots #0713,222209,G. Mutombo
Algorand:1103898859,The Lost Bots #0714,260396,Park Sang Hyuk
Algorand:1103898905,The Lost Bots #0715,212404,F. Bernardeschi
Algorand:1103899080,The Lost Bots #0717,261755,D. Reiziger
Algorand:1103899128,The Lost Bots #0718,251854,Pedri
Algorand:1103899274,The Lost Bots #0719,251446,E. Mihaj
Algorand:1103899491,The Lost Bots #0723,200110,M. Bizot
Algorand:1103899563,The Lost Bots #0724,215651,Samir
Algorand:1103899904,The Lost Bots #0726,198118,J. Guilavogui
Algorand:1103900139,The Lost Bots #0728,263880,Agirrezabala
Algorand:1103900411,The Lost Bots #0732,246755,E. Aguirre
Algorand:1103900469,The Lost Bots #0733,205589,C. Thompson
Algorand:1103900513,The Lost Bots #0734,263091,M. Boruc
Algorand:1103900566,The Lost Bots #0735,158121,B. Costil
Algorand:1103900709,The Lost Bots #0739,188421,J. Dom
Algorand:1103900755,The Lost Bots #0741,204352,D. Arslanagic
Algorand:1103900853,The Lost Bots #0743,170008,B. Hamer
Algorand:1103900873,The Lost Bots #0744,246604,C. Kelman
Algorand:1103900977,The Lost Bots #0747,209304,J. Iloki
Algorand:1103901029,The Lost Bots #0748,218745,O. Ntcham
Algorand:1103901172,The Lost Bots #0751,212831,Alisson
Algorand:1103901207,The Lost Bots #0752,198776,J. Williams
Algorand:1103901214,The Lost Bots #0753,220834,Marco Asensio
Algorand:1103901301,The Lost Bots #0755,261244,K. Jelacic
Algorand:1103901339,The Lost Bots #0756,263130,M. Huskovic
Algorand:1103901369,The Lost Bots #0757,209519,G. Laborde
Algorand:1103901523,The Lost Bots #0760,193870,Pedro Trigueira
Algorand:1103901713,The Lost Bots #0763,239126,M. Al Baqawi
Algorand:1103901771,The Lost Bots #0765,239444,J. Löwe
Algorand:1103901858,The Lost Bots #0767,235108,Léo Sena
Algorand:1103901897,The Lost Bots #0768,218311,J. Dossou
Algorand:1103901937,The Lost Bots #0769,212242,R. Andrich
Algorand:1103901973,The Lost Bots #0770,253149,J. Frimpong
Algorand:1103902034,The Lost Bots #0771,204525,Iñigo Martínez
Algorand:1103902104,The Lost Bots #0773,236867,L. Dias
Algorand:1103902211,The Lost Bots #0775,183376,L. Fejsa
Algorand:1103902227,The Lost Bots #0776,263492,G. Dănuleasă
Algorand:1103902357,The Lost Bots #0778,201266,K. Kusk
Algorand:1103902409,The Lost Bots #0779,229880,A. Wan-Bissaka
Algorand:1103902426,The Lost Bots #0780,241095,N. Vlašić
Algorand:1103902460,The Lost Bots #0781,223334,Joelinton
Algorand:1103902494,The Lost Bots #0782,243401,André Vidigal
Algorand:1103902598,The Lost Bots #0784,211990,O. Vlachodimos
Algorand:1103902624,The Lost Bots #0785,195088,M. Ninković
Algorand:1103902704,The Lost Bots #0787,186153,W. Szczęsny
Algorand:1103902722,The Lost Bots #0788,241388,D. Smarsch
Algorand:1103902758,The Lost Bots #0789,235467,M. Moreno
Algorand:1103902800,The Lost Bots #0790,235353,I. Sarr
Algorand:1103902835,The Lost Bots #0791,227127,Álex Remiro
Algorand:1103902865,The Lost Bots #0792,233780,A. Maldonado
Algorand:1103902939,The Lost Bots #0794,259763,V. Lund
Algorand:1103903097,The Lost Bots #0797,257998,Victor Méndez
Algorand:1103903157,The Lost Bots #0799,228517,A. Rinomhota
Algorand:1103903169,The Lost Bots #0800,241464,Pau Torres
Algorand:1103903244,The Lost Bots #0801,1179,G. Buffon
Algorand:1103903266,The Lost Bots #0802,189447,A. Sobiech
Algorand:1103903308,The Lost Bots #0804,210864,E. Hysaj
Algorand:1103903350,The Lost Bots #0805,209987,M. Schuhen
Algorand:1103903445,The Lost Bots #0806,155862,Sergio Ramos
Algorand:1103903602,The Lost Bots #0809,262355,Y. Bahassa
Algorand:1103903706,The Lost Bots #0812,225953,S. Bergwijn
Algorand:1103903737,The Lost Bots #0813,233982,Vágner Corraldo
Algorand:1103903773,The Lost Bots #0814,259924,T. Minami
Algorand:1103903869,The Lost Bots #0816,252046,D. Youfeigane
Algorand:1103904049,The Lost Bots #0819,214129,S. Barreiro
Algorand:1103904125,The Lost Bots #0820,246790,A. Bamba
Algorand:1103904146,The Lost Bots #0821,240227,Y. Bourhane
Algorand:1103904166,The Lost Bots #0822,187837,M. Mešanović
Algorand:1103904197,The Lost Bots #0823,170305,C. Skuse
Algorand:1103904363,The Lost Bots #0826,183442,J. Henry
Algorand:1103904418,The Lost Bots #0827,242629,João Moutinho
Algorand:1103904632,The Lost Bots #0829,226103,Akieme
Algorand:1103904670,The Lost Bots #0830,235410,Y. En-Nesyri
Algorand:1103904811,The Lost Bots #0832,211899,F. Niederlechner
Algorand:1103904877,The Lost Bots #0834,213777,I. Fossum
Algorand:1103904914,The Lost Bots #0835,213345,K. Coman
Algorand:1103905072,The Lost Bots #0837,252535,M. Al Sahli
Algorand:1103905134,The Lost Bots #0838,258866,V. Sourlis
Algorand:1103905268,The Lost Bots #0840,181846,Wang Yongpo
Algorand:1103905343,The Lost Bots #0841,260373,O. Al Ruwaili
Algorand:1103905458,The Lost Bots #0842,227550,D. Viera
Algorand:1103905497,The Lost Bots #0843,263093,S. Skrbo
Algorand:1103905590,The Lost Bots #0845,256553,Á. Garrido
Algorand:1103905796,The Lost Bots #0850,216189,Capa
Algorand:1103905834,The Lost Bots #0851,215698,M. Maignan
Algorand:1103906026,The Lost Bots #0854,189447,A. Sobiech
Algorand:1103906057,The Lost Bots #0855,263093,S. Skrbo
Algorand:1103906080,The Lost Bots #0856,258835,D. Hawkins
Algorand:1103906119,The Lost Bots #0857,236692,Marc Gual
Algorand:1103906143,The Lost Bots #0858,229878,C. Lattanzio
Algorand:1103906352,The Lost Bots #0861,229704,J. Vachoux
Algorand:1103906413,The Lost Bots #0862,246844,Carlos Neva
Algorand:1103906702,The Lost Bots #0866,234848,G. Cox
Algorand:1103906918,The Lost Bots #0869,183277,E. Hazard
Algorand:1103906987,The Lost Bots #0870,260938,E. Arias
Algorand:1103907078,The Lost Bots #0871,245524,H. Al Shaie
Algorand:1103907319,The Lost Bots #0875,232286,K. Chambers
Algorand:1103907376,The Lost Bots #0877,199580,C. Goldson
Algorand:1103907422,The Lost Bots #0878,232654,L. Malagón
Algorand:1103907518,The Lost Bots #0879,246693,D. Williams
Algorand:1103907741,The Lost Bots #0882,264138,M. Rongier
Algorand:1103907794,The Lost Bots #0883,178005,Rui Patrício
Algorand:1103907913,The Lost Bots #0885,261414,H. Parsons
Algorand:1103908047,The Lost Bots #0887,253251,J. Morel
Algorand:1103908347,The Lost Bots #0891,189936,R. Ruiter
Algorand:1103908435,The Lost Bots #0893,181872,A. Vidal
Algorand:1103908516,The Lost Bots #0894,244622,Puado
Algorand:1103908590,The Lost Bots #0895,204970,F. Thauvin
Algorand:1103908757,The Lost Bots #0897,193105,A. Areola
Algorand:1103908820,The Lost Bots #0898,228326,Brian Oliván
Algorand:1103909056,The Lost Bots #0902,261895,Guo Hanru
Algorand:1103909247,The Lost Bots #0904,230432,Dagoberto Esteiro
Algorand:1103909311,The Lost Bots #0905,188607,R. Salinas
Algorand:1103909366,The Lost Bots #0906,233254,S. Akasaki
Algorand:1103909459,The Lost Bots #0907,242974,K. Sessa
Algorand:1103909543,The Lost Bots #0908,242908,J. Clarke
Algorand:1103909598,The Lost Bots #0909,263716,Papu Mendes
Algorand:1103909765,The Lost Bots #0911,234906,H. Aouar
Algorand:1103909931,The Lost Bots #0913,229694,Moon Seon Min
Algorand:1103909991,The Lost Bots #0914,196881,J. Velázquez
Algorand:1103910059,The Lost Bots #0915,215864,J. Dodoo
Algorand:1103910142,The Lost Bots #0916,202148,A. Khalili
Algorand:1103910274,The Lost Bots #0917,252550,J. Reid
Algorand:1103910553,The Lost Bots #0921,191944,Kim Sung Joon
Algorand:1103910793,The Lost Bots #0925,257246,S. Keogh
Algorand:1103911087,The Lost Bots #0929,184999,Maurício
Algorand:1103911182,The Lost Bots #0931,194018,J. Collins
Algorand:1103911268,The Lost Bots #0932,259331,M. Portanova
Algorand:1103911306,The Lost Bots #0933,252219,D. Szelągowski
Algorand:1103911417,The Lost Bots #0934,252813,Lee Dong Ryul
Algorand:1103911483,The Lost Bots #0935,261038,K. Caicedo
Algorand:1103911618,The Lost Bots #0937,232564,T. Morita
Algorand:1103911674,The Lost Bots #0938,260318,A. Sato
Algorand:1103911736,The Lost Bots #0939,198019,P. Testroet
Algorand:1103911775,The Lost Bots #0940,244193,Jovane Cabral
Algorand:1103911838,The Lost Bots #0941,202126,H. Kane
Algorand:1103912303,The Lost Bots #0945,216350,A. Ademi
Algorand:1103912420,The Lost Bots #0947,164769,S. Fletcher
Algorand:1103912481,The Lost Bots #0948,197971,D. Alibec
Algorand:1103912530,The Lost Bots #0949,216266,K. Tete
Algorand:1103912609,The Lost Bots #0950,254603,A. Ale
Algorand:1103912727,The Lost Bots #0952,253749,Wen Tianpeng
Algorand:1103912867,The Lost Bots #0954,234236,P. Schick
Algorand:1103912995,The Lost Bots #0955,163264,T. Heaton
Algorand:1103913042,The Lost Bots #0956,202305,Lee Seung Gi
Algorand:1103913112,The Lost Bots #0957,235824,T. Alarcón
Algorand:1103913350,The Lost Bots #0960,263453,R. Glover
Algorand:1103913416,The Lost Bots #0961,205175,A. Milik
Algorand:1103913526,The Lost Bots #0963,201153,Morata
Algorand:1103913563,The Lost Bots #0964,227894,A. Soto
Algorand:1103913647,The Lost Bots #0966,225403,İ. Kahveci
Algorand:1103913855,The Lost Bots #0968,212442,José Sá
Algorand:1103913949,The Lost Bots #0969,234686,J. Lotomba
Algorand:1103914366,The Lost Bots #0972,244006,Lucas Áfrico
Algorand:1103914430,The Lost Bots #0973,230433,Calegarcinho
Algorand:1103914534,The Lost Bots #0974,263315,L. Schulz
Algorand:1103914657,The Lost Bots #0976,236792,T. Souček
Algorand:1103914846,The Lost Bots #0979,135507,Fernandinho
Algorand:1103914955,The Lost Bots #0981,245164,V. Kaith
Algorand:1103915098,The Lost Bots #0983,251376,M. Gottschling
Algorand:1103915142,The Lost Bots #0984,263593,O. Boissy
Algorand:1103915240,The Lost Bots #0985,236686,J. Kay
Algorand:1103915378,The Lost Bots #0988,228312,R. Lod
Algorand:1103915415,The Lost Bots #0989,262063,K. Ichimori
Algorand:1103915483,The Lost Bots #0990,262745,N. El Aynaoui
Algorand:1103915623,The Lost Bots #0992,202517,A. Vellios
Algorand:1103915662,The Lost Bots #0993,236524,A. Ahmedhodžić
Algorand:1103915754,The Lost Bots #0994,199564,Sergi Roberto
Algorand:1103915809,The Lost Bots #0995,221857,Jin Jingdao
Algorand:1103915903,The Lost Bots #0997,250804,J. Walsh
Algorand:1103916018,The Lost Bots #0999,211262,M. Vicentini
Algorand:1103916060,The Lost Bots #1000,204278,David Simón
Algorand:1103916185,The Lost Bots #1003,248073,Ș. Târnovanu
Algorand:1103916276,The Lost Bots #1005,197813,J. Martin
Algorand:1103916364,The Lost Bots #1007,221969,F. Mladenović
Algorand:1103916412,The Lost Bots #1008,256681,W. Lancaster
Algorand:1103916558,The Lost Bots #1012,264424,I. Filipović
Algorand:1103916612,The Lost Bots #1013,189615,A. Cresswell
Algorand:1103916677,The Lost Bots #1014,171791,José Fonte
Algorand:1103916784,The Lost Bots #1017,205347,M. Luongo
Algorand:1103916798,The Lost Bots #1018,241727,P. Rajković
Algorand:1103916942,The Lost Bots #1019,223313,H. Arslan
Algorand:1103916978,The Lost Bots #1020,150659,V. Demarconnay
Algorand:1103917079,The Lost Bots #1021,233096,D. Dumfries
Algorand:1103917144,The Lost Bots #1022,234760,A. Reca
Algorand:1103917522,The Lost Bots #1023,233731,A. Isak
Algorand:1103917745,The Lost Bots #1025,182440,R. Kruse
Algorand:1103917877,The Lost Bots #1027,206585,Kepa
Algorand:1103917985,The Lost Bots #1028,222041,L. Boyé
Algorand:1103918135,The Lost Bots #1032,212150,M. Meyer
Algorand:1103918184,The Lost Bots #1033,252448,J. Leweling
Algorand:1103918405,The Lost Bots #1035,193314,Aitor
Algorand:1103918685,The Lost Bots #1036,263560,A. Porter
Algorand:1103919141,The Lost Bots #1037,252827,João Pedro
Algorand:1103919237,The Lost Bots #1038,251669,Rui Pires
Algorand:1103919400,The Lost Bots #1039,263711,R. Huescas
Algorand:1103919459,The Lost Bots #1040,234399,J. Eggestein
Algorand:1103919493,The Lost Bots #1041,257283,A. Müller
Algorand:1103919867,The Lost Bots #1043,255870,Kim Jin Hyun
Algorand:1103919904,The Lost Bots #1044,244470,V. Coufal
Algorand:1103919993,The Lost Bots #1046,252084,Marcos André
Algorand:1103920037,The Lost Bots #1047,183025,M. Simon
Algorand:1103920148,The Lost Bots #1049,261215,D. Markovic
Algorand:1103920258,The Lost Bots #1050,200454,Paco Alcácer
Algorand:1103920300,The Lost Bots #1051,232080,J. Harrison
Algorand:1103920469,The Lost Bots #1055,204883,B. Samba
Algorand:1103920518,The Lost Bots #1057,225114,M. Mahi
Algorand:1103920618,The Lost Bots #1058,184134,Fernando
Algorand:1103920665,The Lost Bots #1059,247498,S. Lynch
Algorand:1103920742,The Lost Bots #1060,238519,H. Al Shamrani
Algorand:1103920781,The Lost Bots #1061,222574,T. Nishi
Algorand:1103920906,The Lost Bots #1064,231027,A. Marchesano
Algorand:1103920967,The Lost Bots #1065,207646,P. Sweeney
Algorand:1103921002,The Lost Bots #1066,199475,W. Evseev
Algorand:1103921038,The Lost Bots #1067,183569,E. Choupo-Moting
Algorand:1103921108,The Lost Bots #1068,233057,F. Troyansky
Algorand:1103921291,The Lost Bots #1072,247479,L. Unbehaun
Algorand:1103921335,The Lost Bots #1073,258703,D. Fisher
Algorand:1103921427,The Lost Bots #1075,232594,N. Wako
Algorand:1103921506,The Lost Bots #1076,190941,L. Hrádecký
Algorand:1103921528,The Lost Bots #1077,262247,M. Posmyk
Algorand:1103921549,The Lost Bots #1078,263463,M. Krienzer
Algorand:1103921628,The Lost Bots #1079,221332,G. Guerrieri
Algorand:1103921740,The Lost Bots #1081,233267,M. Turner
Algorand:1103921890,The Lost Bots #1085,260742,B. Mensah
Algorand:1103922278,The Lost Bots #1087,205201,O. Yokuşlu
Algorand:1103922799,The Lost Bots #1090,263884,S. Al Mousa
Algorand:1103923289,The Lost Bots #1093,199580,C. Goldson
Algorand:1103923303,The Lost Bots #1094,230736,E. Kitolano
Algorand:1103923356,The Lost Bots #1095,245017,G. Ondoua
Algorand:1103923495,The Lost Bots #1098,246806,Park Il Gyu
Algorand:1103923539,The Lost Bots #1099,173546,J. Tomkins
Algorand:1103923640,The Lost Bots #1101,195668,Joel Robles
Algorand:1103923681,The Lost Bots #1102,258498,B. Verbruggen
Algorand:1103923739,The Lost Bots #1103,221992,H. Lozano
Algorand:1103923776,The Lost Bots #1104,225719,K. Iheanacho
Algorand:1103923834,The Lost Bots #1106,244260,Dani Olmo
Algorand:1103923940,The Lost Bots #1108,223694,E. Marxen
Algorand:1103924100,The Lost Bots #1112,260260,J. O'Connor
Algorand:1103924137,The Lost Bots #1113,247090,E. Fernández
Algorand:1103924202,The Lost Bots #1115,260421,I. Parente
Algorand:1103924238,The Lost Bots #1116,263493,M. Makarić
Algorand:1103924319,The Lost Bots #1118,244765,J. Mitchell-Lawson
Algorand:1103924360,The Lost Bots #1119,203486,T. Hazard
Algorand:1103924410,The Lost Bots #1120,232665,M. Arambarri
Algorand:1103924493,The Lost Bots #1122,235380,R. Oaidă
Algorand:1103924548,The Lost Bots #1123,236583,J. Pavlenka
Algorand:1103924691,The Lost Bots #1126,230456,Claudiosa Paes
Algorand:1103924758,The Lost Bots #1128,220523,Y. Mina
Algorand:1103924783,The Lost Bots #1129,238803,T. Baumgart
Algorand:1103924831,The Lost Bots #1130,259904,G. Valle
Algorand:1103924887,The Lost Bots #1131,253170,A. Szalai
Algorand:1103924944,The Lost Bots #1133,248718,J. Iredale
Algorand:1103925012,The Lost Bots #1134,256478,P. Ibara
Algorand:1103925046,The Lost Bots #1135,210703,L. Đorđević
Algorand:1103925077,The Lost Bots #1136,242840,A. Šušnjar
Algorand:1103925596,The Lost Bots #1141,263319,A. Ranacher
Algorand:1103925665,The Lost Bots #1142,253615,L. Villar
Algorand:1103925703,The Lost Bots #1143,230436,Nuno Lisareda
Algorand:1103925785,The Lost Bots #1145,261052,Kang Dong Hyeok
Algorand:1103925831,The Lost Bots #1147,228385,H. Burgoyne
Algorand:1103925879,The Lost Bots #1148,233306,D. Henderson
Algorand:1103925916,The Lost Bots #1149,230523,Iuliano Alfaro
Algorand:1103926104,The Lost Bots #1153,172685,José Crespo
Algorand:1103926134,The Lost Bots #1154,206518,C. Robinson
Algorand:1103926162,The Lost Bots #1155,260472,Kim Ye Ji
Algorand:1103926173,The Lost Bots #1156,214998,M. Bogado
Algorand:1103926258,The Lost Bots #1158,184789,Á. Szalai
Algorand:1103926319,The Lost Bots #1159,263657,T. Helgason
Algorand:1103926370,The Lost Bots #1160,110974,Riesgo
Algorand:1103926408,The Lost Bots #1161,226078,Trezeguet
Algorand:1103927220,The Lost Bots #1166,216258,I. Bebou
Algorand:1103927619,The Lost Bots #1168,236787,D. Franke
Algorand:1103927951,The Lost Bots #1170,221270,G. Lefebvre
Algorand:1103928344,The Lost Bots #1172,231280,Iván Alejo
Algorand:1103928389,The Lost Bots #1173,263795,Zhang Xiao
Algorand:1103928489,The Lost Bots #1174,235374,M. Lazzari
Algorand:1103928778,The Lost Bots #1176,183711,J. Henderson
Algorand:1103928924,The Lost Bots #1178,162835,S. Handanovič
Algorand:1103928955,The Lost Bots #1179,263222,R. Pluijmen
Algorand:1103928999,The Lost Bots #1180,253002,G. Raspadori
Algorand:1103929032,The Lost Bots #1181,263421,L. Coulibaly
Algorand:1103929119,The Lost Bots #1183,205693,S. Haller
Algorand:1103929153,The Lost Bots #1184,257618,A. Gremsl
Algorand:1103929209,The Lost Bots #1186,262760,N. Logue
Algorand:1103929311,The Lost Bots #1188,228912,B. Allain
Algorand:1103929328,The Lost Bots #1189,216388,A. Saint-Maximin
Algorand:1103929385,The Lost Bots #1190,226601,Vitor Hugo
Algorand:1103929429,The Lost Bots #1191,184890,C. Chávez
Algorand:1103929503,The Lost Bots #1193,209981,Y. Bounou
Algorand:1103929552,The Lost Bots #1194,223902,T. Pett
Algorand:1103929588,The Lost Bots #1195,167575,A. Shunin
Algorand:1103929674,The Lost Bots #1198,220932,L. Kalinić
Algorand:1103929714,The Lost Bots #1199,261946,H. Abraham
Algorand:1103929741,The Lost Bots #1200,256287,F. Farías
Algorand:1103929769,The Lost Bots #1201,207562,S. Andersson
Algorand:1103929825,The Lost Bots #1203,261959,Li Xingqi
Algorand:1103929898,The Lost Bots #1206,261981,Zhang Xiang
Algorand:1103929938,The Lost Bots #1207,220440,C. Lenglet
Algorand:1103930011,The Lost Bots #1209,263079,T. Dombrowa
Algorand:1103930036,The Lost Bots #1210,188335,A. Budimir
Algorand:1103930091,The Lost Bots #1211,182489,S. Davies
Algorand:1103930141,The Lost Bots #1212,253583,R. Montero
Algorand:1103930157,The Lost Bots #1213,230480,Raphael Paneira
Algorand:1103930230,The Lost Bots #1215,142258,S. Bossut
Algorand:1103930307,The Lost Bots #1217,251675,Douglas Augusto
Algorand:1103930344,The Lost Bots #1218,262687,D. Kąkolewski
Algorand:1103930396,The Lost Bots #1219,261555,E. Olivares
Algorand:1103930469,The Lost Bots #1221,222820,E. Salles
Algorand:1103930632,The Lost Bots #1225,233915,J. Ponticelli
Algorand:1103930737,The Lost Bots #1228,232775,A. Esaka
Algorand:1103930791,The Lost Bots #1229,111503,C. Ben Saada
Algorand:1103930833,The Lost Bots #1230,259783,S. Rojas
Algorand:1103930959,The Lost Bots #1232,261513,D. Mebude
Algorand:1103931004,The Lost Bots #1233,240060,M. Aarons
Algorand:1103931031,The Lost Bots #1234,247394,D. Kulusevski
Algorand:1103931138,The Lost Bots #1235,226495,Sergio Santos
Algorand:1103931403,The Lost Bots #1240,224104,D. Martínez
Algorand:1103931559,The Lost Bots #1242,205365,J. Kopic
Algorand:1103931720,The Lost Bots #1245,253698,A. Halder
Algorand:1103931760,The Lost Bots #1246,190734,G. Makaridze
Algorand:1103931797,The Lost Bots #1247,237839,K. Sadiki
Algorand:1103931867,The Lost Bots #1249,254594,J. Rodríguez
Algorand:1103931985,The Lost Bots #1250,258793,F. Hoti
Algorand:1103932027,The Lost Bots #1251,263315,L. Schulz
Algorand:1103932149,The Lost Bots #1254,225359,C. Budescu
Algorand:1103932208,The Lost Bots #1255,233090,J. Torres
Algorand:1103932320,The Lost Bots #1257,211384,J. Lowe
Algorand:1103932430,The Lost Bots #1259,256379,L. Munther
Algorand:1103932557,The Lost Bots #1261,258786,Zé Carlos
Algorand:1103932642,The Lost Bots #1262,208120,K. Przybyłko
Algorand:1103933022,The Lost Bots #1264,263059,Tomás Händel
Algorand:1103933051,The Lost Bots #1265,230415,Lourival Dinisco
Algorand:1103933117,The Lost Bots #1266,237540,P. Förster
Algorand:1103933335,The Lost Bots #1270,202215,J. Willis
Algorand:1103933394,The Lost Bots #1271,223159,R. Dickie
Algorand:1103933459,The Lost Bots #1272,200519,Pulido
Algorand:1103933546,The Lost Bots #1274,220834,Marco Asensio
Algorand:1103933653,The Lost Bots #1276,203175,L. Burge
Algorand:1103933710,The Lost Bots #1277,244765,J. Mitchell-Lawson
Algorand:1103933780,The Lost Bots #1278,232350,J. Posavec
Algorand:1103933907,The Lost Bots #1279,210538,L. Zuffi
Algorand:1103933953,The Lost Bots #1280,261924,Yi Wenjun
Algorand:1103934038,The Lost Bots #1282,235663,G. Til
Algorand:1103934102,The Lost Bots #1283,251025,Larrazabal
Algorand:1103934192,The Lost Bots #1284,220893,C. Baker-Richardson
Algorand:1103934425,The Lost Bots #1288,240458,Ander Guevara
Algorand:1103934463,The Lost Bots #1289,204485,R. Mahrez
Algorand:1103934510,The Lost Bots #1291,150659,V. Demarconnay
Algorand:1103934596,The Lost Bots #1293,246608,Fidalgo
Algorand:1103934759,The Lost Bots #1295,245067,Y. Taki
Algorand:1103934954,The Lost Bots #1298,246316,Y. Soma
Algorand:1103934989,The Lost Bots #1299,212223,S. Maguire
Algorand:1103935433,The Lost Bots #1303,219918,O. Cabral
Algorand:1103935860,The Lost Bots #1307,233870,Ricardo Alves
Algorand:1103935914,The Lost Bots #1309,258184,Y. Möker
Algorand:1103936035,The Lost Bots #1310,235212,A. Hakimi
Algorand:1103936416,The Lost Bots #1318,234396,A. Davies
Algorand:1103936535,The Lost Bots #1319,227527,Fábio Abreu
Algorand:1103936720,The Lost Bots #1323,170084,W. Hennessey
Algorand:1103936872,The Lost Bots #1325,261618,Leonço
Algorand:1103937398,The Lost Bots #1330,224936,A. Arnarson
Algorand:1103939029,The Lost Bots #1334,245493,M. Al Qaydhi
Algorand:1103939457,The Lost Bots #1336,248182,H. Sveijer
Algorand:1103939665,The Lost Bots #1338,232635,K. Ichimi
Algorand:1103939765,The Lost Bots #1340,200698,N. Marsman
Algorand:1103939858,The Lost Bots #1342,235790,K. Havertz
Algorand:1103939941,The Lost Bots #1343,233976,Nelson Freitosa
Algorand:1103940176,The Lost Bots #1347,234568,Gedson Fernandes
Algorand:1103940228,The Lost Bots #1349,230328,Pierrino Faria
Algorand:1103940268,The Lost Bots #1350,210798,A. Kamara
Algorand:1103940433,The Lost Bots #1354,245770,D. Drăguș
Algorand:1103940464,The Lost Bots #1355,247882,R. Cordano
Algorand:1103940498,The Lost Bots #1356,243401,André Vidigal
Algorand:1103940553,The Lost Bots #1358,219787,A. Mosquera
Algorand:1103940600,The Lost Bots #1359,261619,B. Palazzo
Algorand:1103940916,The Lost Bots #1365,180255,C. Brüls
Algorand:1103941047,The Lost Bots #1367,231677,M. Rashford
Algorand:1103941289,The Lost Bots #1371,208638,Rober Correa
Algorand:1103941318,The Lost Bots #1372,234742,H. Barnes
Algorand:1103941378,The Lost Bots #1373,262789,H. Barbet
Algorand:1103941420,The Lost Bots #1374,188166,M. Phillips
Algorand:1103941492,The Lost Bots #1375,258420,M. Eșanu
Algorand:1103941746,The Lost Bots #1379,258332,M. Hybš
Algorand:1103941757,The Lost Bots #1380,225126,E. Skhiri
Algorand:1103941926,The Lost Bots #1383,230204,Héniton Pires
Algorand:1103942077,The Lost Bots #1387,203890,Š. Vrsaljko
Algorand:1103942099,The Lost Bots #1388,189397,F. Jungwirth
Algorand:1103942202,The Lost Bots #1390,258824,W. Spieringhs
Algorand:1103942274,The Lost Bots #1391,259707,R. Toledo
Algorand:1103942308,The Lost Bots #1392,229466,C. Martínez
Algorand:1103942528,The Lost Bots #1397,243373,L. Jensen
Algorand:1103942580,The Lost Bots #1398,261509,Á. Lezama
Algorand:1103942870,The Lost Bots #1404,225845,N. Araya
Algorand:1103942892,The Lost Bots #1405,211748,K. Demirbay
Algorand:1103942974,The Lost Bots #1407,235243,M. de Ligt
Algorand:1103943081,The Lost Bots #1409,230299,Arthur Silbeira
Algorand:1103943130,The Lost Bots #1410,235514,S. Al Rubaie
Algorand:1103943146,The Lost Bots #1411,246693,D. Williams
Algorand:1103943417,The Lost Bots #1413,245286,J. Žambůrek
Algorand:1103943686,The Lost Bots #1417,206626,M. Ishak
Algorand:1103943744,The Lost Bots #1418,262039,N. Velupillay
Algorand:1103943842,The Lost Bots #1420,163155,B. Foster
Algorand:1103943874,The Lost Bots #1421,245084,M. Busi
Algorand:1103944027,The Lost Bots #1424,264371,T. Fellows
Algorand:1103944160,The Lost Bots #1425,223848,S. Milinković-Savić
Algorand:1103944198,The Lost Bots #1426,237171,H. Acevedo
Algorand:1103944245,The Lost Bots #1428,255218,V. Guzmán
Algorand:1103944276,The Lost Bots #1429,209782,S. Larsson
Algorand:1103944307,The Lost Bots #1430,226084,R. Hardie
Algorand:1103944353,The Lost Bots #1431,236344,J. Molumby
Algorand:1103944537,The Lost Bots #1437,195864,P. Pogba
Algorand:1103944568,The Lost Bots #1438,L0013,Baresi
Algorand:1103944831,The Lost Bots #1443,257640,A. Lis
Algorand:1103944862,The Lost Bots #1444,202089,L. Mejía
Algorand:1103944878,The Lost Bots #1445,254748,Ó. Colmán
Algorand:1103944950,The Lost Bots #1447,163261,P. Bardsley
Algorand:1103944976,The Lost Bots #1448,188943,K. Trapp
Algorand:1103945043,The Lost Bots #1450,264131,C. Wilson
Algorand:1103945085,The Lost Bots #1451,168435,S. Sirigu
Algorand:1103945108,The Lost Bots #1452,252961,T. Nianzou
Algorand:1103945125,The Lost Bots #1453,165109,Ș. Radu
Algorand:1103945221,The Lost Bots #1455,204120,T. Vaclík
Algorand:1103945304,The Lost Bots #1456,232350,J. Posavec
Algorand:1103945429,The Lost Bots #1458,219700,P. Lipski
Algorand:1103945489,The Lost Bots #1459,253502,J. Singh
Algorand:1103945528,The Lost Bots #1460,221793,P. Twumasi
Algorand:1103945646,The Lost Bots #1462,239090,P. Wiesinger
Algorand:1103945720,The Lost Bots #1464,206591,M. Weiser
Algorand:1103945814,The Lost Bots #1466,243576,Pedro Porro
Algorand:1103945857,The Lost Bots #1467,263276,S. Goma
Algorand:1103945887,The Lost Bots #1468,220085,L. Waldschmidt
Algorand:1103945920,The Lost Bots #1469,226215,Sabin Merino
Algorand:1103945966,The Lost Bots #1471,246618,A. Hložek
Algorand:1103946037,The Lost Bots #1474,254928,B. Franjic
Algorand:1103946092,The Lost Bots #1475,198861,N. Mendy
Algorand:1103946139,The Lost Bots #1476,206075,S. Johnstone
Algorand:1103946189,The Lost Bots #1478,199434,D. Tadić
Algorand:1103946229,The Lost Bots #1479,201922,M. Hinteregger
Algorand:1103946248,The Lost Bots #1480,199652,D. Praet
Algorand:1103946358,The Lost Bots #1482,245714,Álex Blanco
Algorand:1103946414,The Lost Bots #1484,231747,K. Mbappé
Algorand:1103946446,The Lost Bots #1485,259761,L. Sailung
Algorand:1103946534,The Lost Bots #1488,247022,J. Zetterström
Algorand:1103946566,The Lost Bots #1489,236461,J. Mateta
Algorand:1103946608,The Lost Bots #1490,215245,A. Hunou
Algorand:1103946661,The Lost Bots #1491,239948,S. Reyes
Algorand:1103946876,The Lost Bots #1497,180818,D. McGoldrick
Algorand:1103946955,The Lost Bots #1499,233075,Garrido
Algorand:1103946990,The Lost Bots #1500,229158,B. van den Boomen
Algorand:1103947179,The Lost Bots #1505,230387,Heitinho Zanon
Algorand:1103947206,The Lost Bots #1506,229429,K. McKenzie-Lyle
Algorand:1103947255,The Lost Bots #1507,204412,G. Saville
Algorand:1103947298,The Lost Bots #1508,198128,Caio
Algorand:1103947350,The Lost Bots #1509,264573,Y. Ruidíaz
Algorand:1103947414,The Lost Bots #1511,255434,J. Enciso
Algorand:1103947436,The Lost Bots #1512,230515,Vagnão Junior
Algorand:1103947456,The Lost Bots #1513,216387,S. Sané
Algorand:1103947530,The Lost Bots #1515,232365,K. Otani
Algorand:1103947549,The Lost Bots #1516,261423,N. Deka
Algorand:1103947618,The Lost Bots #1518,230967,B. Lozano
Algorand:1103947667,The Lost Bots #1519,230776,Jesiel
Algorand:1103947742,The Lost Bots #1521,204923,M. Sabitzer
Algorand:1103947852,The Lost Bots #1523,244385,G. Bushchan
Algorand:1103947885,The Lost Bots #1524,212228,I. Toney
Algorand:1103948067,The Lost Bots #1527,256935,E. Dobbelaere
Algorand:1103948085,The Lost Bots #1528,199493,Diego Mariño
Algorand:1103948155,The Lost Bots #1530,230237,Robson Denho
Algorand:1103948236,The Lost Bots #1532,250882,Berto Cayarga
Algorand:1103948252,The Lost Bots #1533,263834,Z. Silini
Algorand:1103948286,The Lost Bots #1534,208009,W. Jobello
Algorand:1103948347,The Lost Bots #1536,188400,T. Kaminski
Algorand:1103948428,The Lost Bots #1537,232437,F. Ricca
Algorand:1103948540,The Lost Bots #1540,165560,M. Ruben
Algorand:1103948696,The Lost Bots #1545,248228,V. De Baunbag
Algorand:1103948771,The Lost Bots #1547,163155,B. Foster
Algorand:1103948827,The Lost Bots #1550,259953,Á. Brun
Algorand:1103948946,The Lost Bots #1553,230203,Claytinho Branco
Algorand:1103948989,The Lost Bots #1554,203128,T. Monconduit
Algorand:1103949029,The Lost Bots #1555,261750,O. Kennedy
Algorand:1103949046,The Lost Bots #1556,245055,A. Moreno
Algorand:1103949130,The Lost Bots #1558,261423,N. Deka
Algorand:1103949180,The Lost Bots #1559,251573,Renan Lodi
Algorand:1103949268,The Lost Bots #1560,262902,V. Sapina
Algorand:1103949294,The Lost Bots #1561,236393,Marc Cardona
Algorand:1103949347,The Lost Bots #1562,258654,D. Vizinger
Algorand:1103949438,The Lost Bots #1564,232156,M. Honsak
Algorand:1103949457,The Lost Bots #1565,225341,David García
Algorand:1103949528,The Lost Bots #1567,260018,D. Odumosu
Algorand:1103949545,The Lost Bots #1568,254307,O. Sivertsen
Algorand:1103949563,The Lost Bots #1569,190870,J. Boye
Algorand:1103949746,The Lost Bots #1572,234153,Carlos Soler
Algorand:1103950193,The Lost Bots #1583,260355,M. Ikeda
Algorand:1103950214,The Lost Bots #1584,227290,M. Dmitrović
Algorand:1103950239,The Lost Bots #1585,223994,S. Mugoša
Algorand:1103950359,The Lost Bots #1588,175932,R. De Laet
Algorand:1103950393,The Lost Bots #1590,261536,L. Chambers-Parillon
Algorand:1103950441,The Lost Bots #1592,207707,Marçal
Algorand:1103950452,The Lost Bots #1593,203890,Š. Vrsaljko
Algorand:1103950531,The Lost Bots #1595,188567,P. Aubameyang
Algorand:1103950622,The Lost Bots #1598,224967,M. Sylla
Algorand:1103950663,The Lost Bots #1599,259469,J. Ægidius
Algorand:1103950737,The Lost Bots #1601,204120,T. Vaclík
Algorand:1103950833,The Lost Bots #1604,232411,C. Nkunku
Algorand:1103950915,The Lost Bots #1606,242893,I. Koné
Algorand:1103950956,The Lost Bots #1607,206626,M. Ishak
Algorand:1103951134,The Lost Bots #1612,264023,B. Archbold
Algorand:1103951171,The Lost Bots #1613,263498,L. Martinez
Algorand:1103951198,The Lost Bots #1614,225182,J. Barrera
Algorand:1103951220,The Lost Bots #1615,258820,F. Ristanic
Algorand:1103951283,The Lost Bots #1617,219216,J. Windass
Algorand:1103951295,The Lost Bots #1618,251976,C. Duke
Algorand:1103951358,The Lost Bots #1619,202244,B. Meredith
Algorand:1103951389,The Lost Bots #1620,259973,P. Boer
Algorand:1103951427,The Lost Bots #1621,177509,M. Benatia
Algorand:1103951455,The Lost Bots #1622,234631,S. Grønning
Algorand:1103951586,The Lost Bots #1627,257348,T. Gomulka
Algorand:1103951751,The Lost Bots #1631,235456,J. Bellegarde
Algorand:1103951843,The Lost Bots #1634,225859,M. Niakhaté
Algorand:1103951909,The Lost Bots #1636,228113,G. Kelly
Algorand:1103951959,The Lost Bots #1638,229154,J. Kliment
Algorand:1103952077,The Lost Bots #1641,224962,M. Al Kuwaykibi
Algorand:1103952135,The Lost Bots #1643,245809,Y. Kitala
Algorand:1103952151,The Lost Bots #1644,219637,Cantero
Algorand:1103952186,The Lost Bots #1645,234227,L. Burt
Algorand:1103952203,The Lost Bots #1646,230388,Davi Parrela
Algorand:1103952279,The Lost Bots #1649,240987,M. Cooper
Algorand:1103952296,The Lost Bots #1650,233486,R. Le Normand
Algorand:1103952325,The Lost Bots #1651,263490,J. McGonigle
Algorand:1103952343,The Lost Bots #1652,246618,A. Hložek
Algorand:1103952387,The Lost Bots #1654,154472,Jorge Molina
Algorand:1103952460,The Lost Bots #1657,224251,R. Zentner
Algorand:1103952526,The Lost Bots #1659,188397,R. Rodelin
Algorand:1103952564,The Lost Bots #1660,194806,C. Dawson
Algorand:1103952628,The Lost Bots #1661,197031,M. Ducksch
Algorand:1103952682,The Lost Bots #1663,248280,I. Vanmalsawma
Algorand:1103952771,The Lost Bots #1665,236762,E. Osborne
Algorand:1103952910,The Lost Bots #1667,208540,A. Schoenfeld
Algorand:1103953163,The Lost Bots #1670,205481,M. Bennett
Algorand:1103953257,The Lost Bots #1672,234178,L. Abram
Algorand:1103953281,The Lost Bots #1673,148365,A. Cristea
Algorand:1103953299,The Lost Bots #1674,230972,A. Ba Loua
Algorand:1103953349,The Lost Bots #1675,230964,M. Santos
Algorand:1103953382,The Lost Bots #1676,230173,Nilson Alfarinho
Algorand:1103953417,The Lost Bots #1677,247388,A. Buksa
Algorand:1103953433,The Lost Bots #1678,206517,J. Grealish
Algorand:1103953491,The Lost Bots #1680,201304,B. Kadrii
Algorand:1103953509,The Lost Bots #1681,224394,Fábio Martins
Algorand:1103953627,The Lost Bots #1682,234641,N. Walstad
Algorand:1103953677,The Lost Bots #1683,188154,L. Holtby
Algorand:1103953783,The Lost Bots #1686,220407,M. Dúbravka
Algorand:1103953814,The Lost Bots #1687,242276,Wang Ziming
Algorand:1103953841,The Lost Bots #1688,235820,P. Gartler
Algorand:1103953930,The Lost Bots #1690,232293,V. Osimhen
Algorand:1103954013,The Lost Bots #1693,227570,L. Steacy
Algorand:1103954033,The Lost Bots #1694,246965,D. Rentería
Algorand:1103954060,The Lost Bots #1695,258839,T. Linsbichler
Algorand:1103954103,The Lost Bots #1697,253068,C. Thompson
Algorand:1103954132,The Lost Bots #1698,256268,A. Broja
Algorand:1103954174,The Lost Bots #1700,197061,J. Matip
Algorand:1103954236,The Lost Bots #1701,263417,P. Joly
Algorand:1103954275,The Lost Bots #1702,264040,R. Shirley
Algorand:1103954350,The Lost Bots #1703,233029,R. Aliendro
Algorand:1103954393,The Lost Bots #1704,248095,R. Radunović
Algorand:1103954428,The Lost Bots #1705,254849,Y. Badji
Algorand:1103954451,The Lost Bots #1706,224967,M. Sylla
Algorand:1103954525,The Lost Bots #1708,260797,Sim Won Seong
Algorand:1103954568,The Lost Bots #1709,241475,P. Soiri
Algorand:1103954652,The Lost Bots #1711,187598,Rafael Tolói
Algorand:1103954876,The Lost Bots #1718,259726,L. Rose
Algorand:1103954986,The Lost Bots #1721,222572,Iván Villar
Algorand:1103955060,The Lost Bots #1722,264266,F. Fofana
Algorand:1103955174,The Lost Bots #1725,208330,A. Januzaj
Algorand:1103955192,The Lost Bots #1726,239730,M. Karwot
Algorand:1103955312,The Lost Bots #1729,179516,R. Hennings
Algorand:1103955334,The Lost Bots #1730,230195,Walexinton
Algorand:1103955391,The Lost Bots #1732,252665,Lee Sung Yoon
Algorand:1103955398,The Lost Bots #1733,248494,J. Helliwell
Algorand:1103955433,The Lost Bots #1734,231411,R. McKenzie
Algorand:1103955471,The Lost Bots #1735,195065,G. Hairemans
Algorand:1103955488,The Lost Bots #1736,256743,A. Sylla
Algorand:1103955529,The Lost Bots #1737,255834,B. Çetin
Algorand:1103955628,The Lost Bots #1740,241343,Qiu Tianyi
Algorand:1103955662,The Lost Bots #1741,261028,H. Johansson
Algorand:1103955724,The Lost Bots #1742,189430,S. Colombi
Algorand:1103955750,The Lost Bots #1743,243127,J. Martin
Algorand:1103955871,The Lost Bots #1747,247467,G. Avila
Algorand:1103955951,The Lost Bots #1749,233075,Garrido
Algorand:1103956027,The Lost Bots #1751,215309,L. Albertengo
Algorand:1103956070,The Lost Bots #1752,230312,Gabri Prestão
Algorand:1103956082,The Lost Bots #1753,251810,B. Brobbey
Algorand:1103956193,The Lost Bots #1756,263867,A. Al Sanbi
Algorand:1103956224,The Lost Bots #1757,241043,G. Freitas
Algorand:1103956303,The Lost Bots #1759,235029,F. Chalov
Algorand:1103956421,The Lost Bots #1761,189908,Ł. Skorupski
Algorand:1103956472,The Lost Bots #1763,201869,R. Teibert
Algorand:1103956510,The Lost Bots #1764,226754,I. Bennacer
Algorand:1103956585,The Lost Bots #1766,263746,P. Sutter
Algorand:1103956655,The Lost Bots #1768,211256,N. Tagliafico
Algorand:1103956847,The Lost Bots #1772,244370,C. Ekene
Algorand:1103956877,The Lost Bots #1773,264350,F. Craske
Algorand:1103956922,The Lost Bots #1775,241070,N. Maraš
Algorand:1103956939,The Lost Bots #1776,253858,J. Yégüez
Algorand:1103956977,The Lost Bots #1777,218745,O. Ntcham
Algorand:1103957022,The Lost Bots #1779,220534,S. Luperto
Algorand:1103957043,The Lost Bots #1780,262978,T. Zimmerschied
Algorand:1103957052,The Lost Bots #1781,253303,J. Álvez
Algorand:1103957185,The Lost Bots #1785,243202,A. Jones
Algorand:1103957224,The Lost Bots #1786,230246,Caio Chissano
Algorand:1103957288,The Lost Bots #1788,227950,Yeray
Algorand:1103957304,The Lost Bots #1789,213858,Alan Costa
Algorand:1103957319,The Lost Bots #1790,255898,P. Justiniano
Algorand:1103958083,The Lost Bots #1800,256034,A. Rodriguez
Algorand:1103958177,The Lost Bots #1802,231410,Brahim
Algorand:1103958287,The Lost Bots #1805,225543,B. Collins
Algorand:1103958351,The Lost Bots #1806,201389,C. Biraghi
Algorand:1103958400,The Lost Bots #1807,206652,Sergio Rico
Algorand:1103958529,The Lost Bots #1811,238924,D. Keita-Ruel
Algorand:1103958649,The Lost Bots #1814,257223,M. Winther
Algorand:1103958745,The Lost Bots #1815,256597,M. Kozak
Algorand:1103958782,The Lost Bots #1816,262450,V. Pop
Algorand:1103958842,The Lost Bots #1817,251218,S. Beccari
Algorand:1103958899,The Lost Bots #1818,236328,R. German
Algorand:1103959108,The Lost Bots #1820,241394,A. Akinola
Algorand:1103959134,The Lost Bots #1821,230503,Jadson Vidigal
Algorand:1103959207,The Lost Bots #1823,192237,Y. Pehlivan
Algorand:1103959235,The Lost Bots #1824,256605,J. Mulato
Algorand:1103959434,The Lost Bots #1829,262233,D. Skundrich
Algorand:1103959461,The Lost Bots #1830,255109,D. Tijanić
Algorand:1103959500,The Lost Bots #1831,262125,G. O'Reilly
Algorand:1103959535,The Lost Bots #1832,200155,H. Vanaken
Algorand:1103959693,The Lost Bots #1835,234002,Caio Tafarell
Algorand:1103959838,The Lost Bots #1838,241790,A. Beiranvand
Algorand:1103959919,The Lost Bots #1840,176526,L. Burián
Algorand:1103959962,The Lost Bots #1841,237626,Y. Neyou
Algorand:1103959997,The Lost Bots #1842,251423,G. Shelvey
Algorand:1103960132,The Lost Bots #1843,247347,J. Rennicks
Algorand:1103960188,The Lost Bots #1844,256043,M. Bækken
Algorand:1103960441,The Lost Bots #1846,228804,A. De Sart
Algorand:1103960521,The Lost Bots #1848,246663,B. Hadžić
Algorand:1103960944,The Lost Bots #1850,260535,G. Colli
Algorand:1103961224,The Lost Bots #1852,241099,L. Finochietto
Algorand:1103961556,The Lost Bots #1853,254838,J. Davison
Algorand:1103962007,The Lost Bots #1856,170785,G. Faivre
Algorand:1103962306,The Lost Bots #1859,259133,K. Leth
Algorand:1103962385,The Lost Bots #1861,232656,T. Hernández
Algorand:1103962445,The Lost Bots #1863,212622,J. Kimmich
Algorand:1103962478,The Lost Bots #1864,215698,M. Maignan
Algorand:1103962501,The Lost Bots #1865,210941,Lee Chang Geun
Algorand:1103962557,The Lost Bots #1866,256769,A. Truffert
Algorand:1103962614,The Lost Bots #1868,214376,D. Andrade
Algorand:1103963160,The Lost Bots #1870,237619,S. Twine
Algorand:1103963265,The Lost Bots #1871,205988,L. Shaw
Algorand:1103963397,The Lost Bots #1873,251503,Mateus Pasinato
Algorand:1103963524,The Lost Bots #1874,243595,M. Bernauer
Algorand:1103963669,The Lost Bots #1875,259904,G. Valle
Algorand:1103964044,The Lost Bots #1877,243725,D. Collins
Algorand:1103964062,The Lost Bots #1878,215223,W. Benítez
Algorand:1103964098,The Lost Bots #1879,203502,B. Decordova-Reid
Algorand:1103964278,The Lost Bots #1881,192678,Kike García
Algorand:1103964497,The Lost Bots #1882,240950,Pedro Gonçalves
Algorand:1103964600,The Lost Bots #1883,164484,J. Dahlin
Algorand:1103964796,The Lost Bots #1884,233064,M. Mount
Algorand:1103964960,The Lost Bots #1886,253836,P. Zubczuk
Algorand:1103965076,The Lost Bots #1890,231747,K. Mbappé
Algorand:1103965423,The Lost Bots #1898,253630,E. Franco
Algorand:1103965466,The Lost Bots #1899,210315,De Tomás
Algorand:1103965498,The Lost Bots #1900,230005,T. Davies
Algorand:1103965563,The Lost Bots #1902,220148,N. Orsini
Algorand:1103965588,The Lost Bots #1903,238157,M. Roerslev
Algorand:1103965648,The Lost Bots #1905,243302,D. Musovski
Algorand:1103965678,The Lost Bots #1906,230762,S. Al Hamsal
Algorand:1103965723,The Lost Bots #1907,207863,Felipe
Algorand:1103965761,The Lost Bots #1908,212382,P. Onuachu
Algorand:1103966041,The Lost Bots #1916,244004,D. Mellor
Algorand:1103966075,The Lost Bots #1917,194079,A. Potuk
Algorand:1103966099,The Lost Bots #1918,232411,C. Nkunku
Algorand:1103966388,The Lost Bots #1924,255836,M. Al Abdulmunem
Algorand:1103966443,The Lost Bots #1926,236668,G. Rojas
Algorand:1103966497,The Lost Bots #1927,190666,M. Gulde
Algorand:1103966536,The Lost Bots #1929,239360,P. Struijk
Algorand:1103966697,The Lost Bots #1930,135507,Fernandinho
Algorand:1103966727,The Lost Bots #1931,221982,P. Roberts
Algorand:1103966840,The Lost Bots #1934,212190,N. Süle
Algorand:1103966903,The Lost Bots #1936,162407,M. Jakobsen
Algorand:1103966951,The Lost Bots #1937,216452,Gonçalo Paciência
Algorand:1103966984,The Lost Bots #1938,264530,A. Obhakhan
Algorand:1103967145,The Lost Bots #1940,189606,J. Baumgartlinger
Algorand:1103967247,The Lost Bots #1942,243445,F. Kaya
Algorand:1103967299,The Lost Bots #1943,261410,L. Berdugo
Algorand:1103967322,The Lost Bots #1944,260174,S. Ghosh
Algorand:1103967355,The Lost Bots #1945,253923,J. García
Algorand:1103967574,The Lost Bots #1948,228113,G. Kelly
Algorand:1103967758,The Lost Bots #1951,226050,C. Teuchert
Algorand:1103967846,The Lost Bots #1953,246725,T. Kodama
Algorand:1103967952,The Lost Bots #1955,256458,K. Swaleh
Algorand:1103968142,The Lost Bots #1960,259471,M. Murphy
Algorand:1103968166,The Lost Bots #1961,216463,H. Sakhi
Algorand:1103968255,The Lost Bots #1963,211300,A. Martial
Algorand:1103968309,The Lost Bots #1965,255809,B. Scorza
Algorand:1103968365,The Lost Bots #1966,177388,D. Payet
Algorand:1103968445,The Lost Bots #1967,222273,Jiang Zhipeng
Algorand:1103968485,The Lost Bots #1968,248766,M. Barcola
Algorand:1103968540,The Lost Bots #1970,227497,M. Fraisl
Algorand:1103968642,The Lost Bots #1972,259771,Léo Andrade
Algorand:1103968680,The Lost Bots #1973,176794,O. Toivonen
Algorand:1103968788,The Lost Bots #1975,237415,J. Williams
Algorand:1103968855,The Lost Bots #1977,201535,R. Varane
Algorand:1103968881,The Lost Bots #1978,258709,V. Nikolov
Algorand:1103969090,The Lost Bots #1980,240346,S. George
Algorand:1103969211,The Lost Bots #1981,200536,N. Schulz
Algorand:1103969298,The Lost Bots #1983,214971,F. Pizzini
Algorand:1103969354,The Lost Bots #1985,241592,Hëzimjan Ërpan
Algorand:1103969374,The Lost Bots #1986,244584,O. Shevchenko
Algorand:1103969468,The Lost Bots #1989,146188,Mikel Álvaro
Algorand:1103969505,The Lost Bots #1990,263859,Pedro Lubamba
Algorand:1103969521,The Lost Bots #1991,251549,A. Assal
Algorand:1103969549,The Lost Bots #1992,L0015,Moore
Algorand:1103969584,The Lost Bots #1994,204539,L. Advíncula
Algorand:1103969602,The Lost Bots #1995,239592,J. Macías
Algorand:1103969673,The Lost Bots #1998,211946,M. Kolke
Algorand:1103969736,The Lost Bots #2000,245396,V. Supriaha
Algorand:1103969756,The Lost Bots #2001,206549,E. Bush
Algorand:1103969851,The Lost Bots #2004,200408,B. Gibson
Algorand:1103969918,The Lost Bots #2006,256047,C. Lungoyi
Algorand:1103969993,The Lost Bots #2007,212454,C. O'Dowda
Algorand:1103970046,The Lost Bots #2008,245427,M. Al Nakhli
Algorand:1103970201,The Lost Bots #2012,173546,J. Tomkins
Algorand:1103970250,The Lost Bots #2014,252960,I. Jansson
Algorand:1103970411,The Lost Bots #2017,234903,G. Coucke
Algorand:1103970432,The Lost Bots #2018,255178,E. Lopez
Algorand:1103970494,The Lost Bots #2020,193165,J. Corona
Algorand:1103970521,The Lost Bots #2021,227377,J. García
Algorand:1103970828,The Lost Bots #2029,254638,S. Sebulonsen
Algorand:1103970852,The Lost Bots #2030,192114,A. Briseño
Algorand:1103971125,The Lost Bots #2032,261428,J. Michelbrink
Algorand:1103971161,The Lost Bots #2033,239138,Jeong Woo Yeong
Algorand:1103971216,The Lost Bots #2035,257792,A. Allemeersch
Algorand:1103971278,The Lost Bots #2036,261951,Li Xiang
Algorand:1103971292,The Lost Bots #2037,178628,F. Forestieri
Algorand:1103971355,The Lost Bots #2039,264337,Rodrigo Muniz
Algorand:1103971489,The Lost Bots #2043,263474,F. Torres
Algorand:1103971510,The Lost Bots #2044,228231,A. Aguilar
Algorand:1103971652,The Lost Bots #2049,254699,K. Toporkiewicz
Algorand:1103971677,The Lost Bots #2050,216549,A. Sørloth
Algorand:1103971727,The Lost Bots #2051,257193,N. Dailly
Algorand:1103971801,The Lost Bots #2053,261890,Xie Longfei
Algorand:1103971834,The Lost Bots #2054,229692,J. Huth
Algorand:1103971975,The Lost Bots #2059,165429,C. Keșerü
Algorand:1103972050,The Lost Bots #2061,230271,Laure Santeiro
Algorand:1103972153,The Lost Bots #2063,230507,Nicholas Aldair
Algorand:1103972261,The Lost Bots #2067,228908,J. Berthomier
Algorand:1103972297,The Lost Bots #2068,244789,A. Čermák
Algorand:1103972438,The Lost Bots #2072,240225,M. Safonov
Algorand:1103972604,The Lost Bots #2075,231366,P. Lienhart
Algorand:1103972692,The Lost Bots #2077,233195,X. Schlager
Algorand:1103972705,The Lost Bots #2078,219496,Simy
Algorand:1103972949,The Lost Bots #2079,227794,C. Verdonk
Algorand:1103972987,The Lost Bots #2080,248268,A. Chhetri
Algorand:1103973014,The Lost Bots #2081,197954,G. Åsen
Algorand:1103973084,The Lost Bots #2082,263841,P. Fahrner
Algorand:1103973128,The Lost Bots #2083,261697,F. García
Algorand:1103973175,The Lost Bots #2085,252045,F. Konaté
Algorand:1103973212,The Lost Bots #2086,220697,J. Maddison
Algorand:1103973300,The Lost Bots #2087,230258,Rosberto Dourado
Algorand:1103973391,The Lost Bots #2090,251182,Iago
Algorand:1103973444,The Lost Bots #2092,244289,K. Bafounta
Algorand:1103973901,The Lost Bots #2093,210259,A. Hassan
Algorand:1103974030,The Lost Bots #2094,215043,S. Pol
Algorand:1103974160,The Lost Bots #2097,261746,M. Bulic
Algorand:1103974228,The Lost Bots #2098,214997,Á. Correa
Algorand:1103974385,The Lost Bots #2101,263867,A. Al Sanbi
Algorand:1103974528,The Lost Bots #2104,248253,K. Thatal
Algorand:1103974561,The Lost Bots #2105,263139,D. Greif
Algorand:1103974646,The Lost Bots #2106,255671,J. Martínes
Algorand:1103974694,The Lost Bots #2107,262041,P. Maguire
Algorand:1103974802,The Lost Bots #2111,257934,Guo Yunqi
Algorand:1103974844,The Lost Bots #2112,260381,A. Mortensen
Algorand:1103974885,The Lost Bots #2113,212228,I. Toney
Algorand:1103975034,The Lost Bots #2117,244110,Jesús Jiménez
Algorand:1103975107,The Lost Bots #2119,204863,Iván Sánchez
Algorand:1103975138,The Lost Bots #2120,252809,Jeong Ji Yong
Algorand:1103976243,The Lost Bots #2127,258569,M. McMillan
Algorand:1103976461,The Lost Bots #2128,259737,H. Singh
Algorand:1103976519,The Lost Bots #2129,201924,Y. Qasmi
Algorand:1103976558,The Lost Bots #2130,210972,Manquillo
Algorand:1103976622,The Lost Bots #2131,260797,Sim Won Seong
Algorand:1103976671,The Lost Bots #2133,246931,T. Nakamura
Algorand:1103976749,The Lost Bots #2135,173857,M. Andújar
Algorand:1103976804,The Lost Bots #2137,199667,R. Funes Mori
Algorand:1103976884,The Lost Bots #2138,262503,Unai Veiga
Algorand:1103976914,The Lost Bots #2139,L0005,Cruyff
Algorand:1103978722,The Lost Bots #2143,262369,A. Lovatt
Algorand:1103979085,The Lost Bots #2145,196147,G. Moreno
Algorand:1103979417,The Lost Bots #2146,193698,O. Baumann
Algorand:1103979835,The Lost Bots #2149,209430,R. Ripart
Algorand:1103980247,The Lost Bots #2150,261190,B. Al Hurayji
Algorand:1103980585,The Lost Bots #2151,202079,D. Blažević
Algorand:1103981972,The Lost Bots #2154,242156,M. Al Shanqeeti
Algorand:1103982153,The Lost Bots #2155,223724,S. Lainer
Algorand:1103982231,The Lost Bots #2156,264329,V. Solheim
Algorand:1103982262,The Lost Bots #2157,235134,P. Rosario
Algorand:1103982328,The Lost Bots #2158,199434,D. Tadić
Algorand:1103982892,The Lost Bots #2159,234742,H. Barnes
Algorand:1103983165,The Lost Bots #2161,260584,K. Moriyama
Algorand:1103983320,The Lost Bots #2163,198009,M. Perin
Algorand:1103983339,The Lost Bots #2164,200316,T. Horn
Algorand:1103983424,The Lost Bots #2167,247819,N. Schlotterbeck
Algorand:1103983465,The Lost Bots #2168,212194,J. Brandt
Algorand:1103983585,The Lost Bots #2172,228120,K. Paal
Algorand:1103984655,The Lost Bots #2175,224251,R. Zentner
Algorand:1103984898,The Lost Bots #2177,262831,D. Orsi
Algorand:1103984970,The Lost Bots #2178,225085,J. Bamba
Algorand:1103985009,The Lost Bots #2179,197382,G. Efrem
Algorand:1103985039,The Lost Bots #2180,227558,J. Siebatcheu
Algorand:1103985119,The Lost Bots #2182,220883,R. Borré
Algorand:1103985255,The Lost Bots #2183,238392,E. Owusu
Algorand:1103985355,The Lost Bots #2185,247038,J. Haak
Algorand:1103985472,The Lost Bots #2188,244950,J. Rodríguez
Algorand:1103985547,The Lost Bots #2189,227573,D. Nazon
Algorand:1103985625,The Lost Bots #2191,253657,Lan Jingxuan
Algorand:1103985688,The Lost Bots #2192,255487,S. Bendebka
Algorand:1103985752,The Lost Bots #2194,243521,I. Erquiaga
Algorand:1103985847,The Lost Bots #2196,212287,A. Maxsø
Algorand:1103985873,The Lost Bots #2197,258216,S. Cocimano
Algorand:1103985964,The Lost Bots #2199,222546,L. Zingerle
Algorand:1103986042,The Lost Bots #2202,228584,A. May
Algorand:1103986074,The Lost Bots #2203,255991,R. Bettocchi
Algorand:1103986236,The Lost Bots #2206,208120,K. Przybyłko
Algorand:1103986265,The Lost Bots #2207,237631,L. Mothiba
Algorand:1103986298,The Lost Bots #2208,200159,S. Ortega
Algorand:1103986325,The Lost Bots #2209,261414,H. Parsons
Algorand:1103986349,The Lost Bots #2210,260343,S. Al Nasser
Algorand:1103986394,The Lost Bots #2211,195038,F. Kainz
Algorand:1103986419,The Lost Bots #2212,240241,B. Toma
Algorand:1103986673,The Lost Bots #2214,190491,R. Gabrielsen
Algorand:1103986739,The Lost Bots #2217,173531,B. Amos
Algorand:1103986785,The Lost Bots #2219,229135,M. Hauptmeijer
Algorand:1103986811,The Lost Bots #2220,202325,D. Demme
Algorand:1103986926,The Lost Bots #2225,260853,T. Sakurai
Algorand:1103986966,The Lost Bots #2226,263961,D. Khudyakov
Algorand:1103986984,The Lost Bots #2227,195859,D. Ings
Algorand:1103987049,The Lost Bots #2229,140233,G. Ochoa
Algorand:1103987139,The Lost Bots #2232,206144,C. Lyons
Algorand:1103987258,The Lost Bots #2234,200223,A. Maher
Algorand:1103987347,The Lost Bots #2236,213434,J. Brown
Algorand:1103987518,The Lost Bots #2242,146952,Iván Cuéllar
Algorand:1103987550,The Lost Bots #2243,257671,K. Sadłocha
Algorand:1103987584,The Lost Bots #2244,245863,V. Gendrey
Algorand:1103987767,The Lost Bots #2248,253129,G. Comas
Algorand:1103987900,The Lost Bots #2251,264030,H. Jewitt-White
Algorand:1103987938,The Lost Bots #2252,261369,P. Minissale
Algorand:1103987966,The Lost Bots #2253,254207,M. Rasmussen
Algorand:1103988144,The Lost Bots #2257,198011,T. Eaves
Algorand:1103988543,The Lost Bots #2258,252418,C. Panter
Algorand:1103988582,The Lost Bots #2259,263431,G. Pereira
Algorand:1103988676,The Lost Bots #2262,230195,Walexinton
Algorand:1103988787,The Lost Bots #2265,146486,Saizar
Algorand:1103988966,The Lost Bots #2266,234573,Aurélio Buta
Algorand:1103988994,The Lost Bots #2267,239845,K. Galanopoulos
Algorand:1103989132,The Lost Bots #2270,215162,A. Donatti
Algorand:1103989257,The Lost Bots #2272,201024,K. Koulibaly
Algorand:1103989274,The Lost Bots #2273,264575,B. Johnsplass
Algorand:1103989312,The Lost Bots #2274,208019,D. Bain
Algorand:1103989400,The Lost Bots #2277,234050,S. Mbaye
Algorand:1103989593,The Lost Bots #2279,258483,D. Neil
Algorand:1103989705,The Lost Bots #2281,260174,S. Ghosh
Algorand:1103989987,The Lost Bots #2286,206297,S. Balić
Algorand:1103990002,The Lost Bots #2287,262931,T. Ernst
Algorand:1103990033,The Lost Bots #2288,199069,V. Aboubakar
Algorand:1103990067,The Lost Bots #2289,239358,S. Dieng
Algorand:1103990136,The Lost Bots #2291,244391,F. Sakala
Algorand:1103990448,The Lost Bots #2294,258885,Luiz Júnior
Algorand:1103990493,The Lost Bots #2295,231530,José Arnáiz
Algorand:1103990513,The Lost Bots #2296,255260,N. Machado
Algorand:1103990542,The Lost Bots #2297,244186,Luquinhas
Algorand:1103990713,The Lost Bots #2300,261536,L. Chambers-Parillon
Algorand:1103990857,The Lost Bots #2304,264082,G. Broman
Algorand:1103991182,The Lost Bots #2307,179813,E. Cavani
Algorand:1103991581,The Lost Bots #2312,258171,H. Mejbri
Algorand:1103991630,The Lost Bots #2313,244892,S. Diop
Algorand:1103991657,The Lost Bots #2314,263382,F. Weiler
Algorand:1103991678,The Lost Bots #2315,231545,Miguel Silva
Algorand:1103991847,The Lost Bots #2320,233581,Song Si Woo
Algorand:1103991868,The Lost Bots #2321,210468,I. Kutepov
Algorand:1103991913,The Lost Bots #2322,150477,R. Salin
Algorand:1103991948,The Lost Bots #2323,210509,T. Castella
Algorand:1103991980,The Lost Bots #2324,227278,G. Berggren
Algorand:1103991994,The Lost Bots #2325,264273,H. Skogvold
Algorand:1103992031,The Lost Bots #2326,202282,S. Armstrong
Algorand:1103992069,The Lost Bots #2327,238938,B. Girth
Algorand:1103992588,The Lost Bots #2334,232363,M. Škriniar
Algorand:1103992652,The Lost Bots #2336,224458,Diogo Jota
Algorand:1103992766,The Lost Bots #2339,253856,R. Rodríguez
Algorand:1103992792,The Lost Bots #2340,216352,M. Brozović
Algorand:1103992826,The Lost Bots #2341,L0035,Thuram
Algorand:1103992873,The Lost Bots #2343,261917,D. Tudi
Algorand:1103993169,The Lost Bots #2350,203910,A. Knockaert
Algorand:1103993237,The Lost Bots #2352,230179,Marlon Barninho
Algorand:1103993391,The Lost Bots #2355,242703,J. Marcinkowski
Algorand:1103993607,The Lost Bots #2359,240289,Calero
Algorand:1103993656,The Lost Bots #2360,115909,Rubén Castro
Algorand:1103993750,The Lost Bots #2362,264080,S. Soiński
Algorand:1103993859,The Lost Bots #2365,245074,Choi Young Eun
Algorand:1103994118,The Lost Bots #2370,252161,G. Forrest
Algorand:1103994408,The Lost Bots #2373,226229,T. Kehrer
Algorand:1103994442,The Lost Bots #2374,252326,J. Sanabria
Algorand:1103994746,The Lost Bots #2376,261951,Li Xiang
Algorand:1103994769,The Lost Bots #2377,259729,P. Lachenpa
Algorand:1103994831,The Lost Bots #2378,262323,M. Young
Algorand:1103994937,The Lost Bots #2380,212392,R. Stewart
Algorand:1103994954,The Lost Bots #2381,228251,L. Pellegrini
Algorand:1103995103,The Lost Bots #2386,172723,A. Begović
Algorand:1103995182,The Lost Bots #2389,220702,G. Silva
Algorand:1103995241,The Lost Bots #2391,261472,G. Breeze
Algorand:1103995364,The Lost Bots #2395,184336,Koh Myong Jin
Algorand:1103995408,The Lost Bots #2397,233570,C. Algarañaz
Algorand:1103995436,The Lost Bots #2398,209493,D. Daniels
Algorand:1103995466,The Lost Bots #2399,256220,M. Parra
Algorand:1103995794,The Lost Bots #2402,255675,X. Flores
Algorand:1103995820,The Lost Bots #2404,227394,C. González
Algorand:1103995832,The Lost Bots #2405,261432,J. Coburn
Algorand:1103995913,The Lost Bots #2406,220876,F. Honorat
Algorand:1103996060,The Lost Bots #2409,195859,D. Ings
Algorand:1103996092,The Lost Bots #2410,229237,M. Akanji
Algorand:1103996129,The Lost Bots #2411,261956,Fang Hao
Algorand:1103996292,The Lost Bots #2416,244428,B. Mykhaylichenko
Algorand:1103996414,The Lost Bots #2421,263490,J. McGonigle
Algorand:1103996434,The Lost Bots #2422,230364,Neviano Neves
Algorand:1103996443,The Lost Bots #2423,217157,Huang Xiyang
Algorand:1103996468,The Lost Bots #2424,137242,L. Jiménez
Algorand:1103996491,The Lost Bots #2425,212736,B. Kwiecień
Algorand:1103996537,The Lost Bots #2426,212253,A. Scholz
Algorand:1103996685,The Lost Bots #2428,263486,T. Çukur
Algorand:1103996742,The Lost Bots #2430,246469,A. Urzi
Algorand:1103996796,The Lost Bots #2432,222585,F. Fydriszewski
Algorand:1103996816,The Lost Bots #2433,229391,Palhinha
Algorand:1103996840,The Lost Bots #2434,183277,E. Hazard
Algorand:1103996906,The Lost Bots #2436,208093,Gerard Moreno
Algorand:1103996957,The Lost Bots #2438,226568,I. Hagi
Algorand:1103996990,The Lost Bots #2439,207956,P. Mpanzu
Algorand:1103997253,The Lost Bots #2442,L0041,Batistuta
Algorand:1103997393,The Lost Bots #2444,264255,J. Sraha
Algorand:1103997444,The Lost Bots #2445,202925,C. Kouakou
Algorand:1103997475,The Lost Bots #2446,258585,I. Pandur
Algorand:1103997604,The Lost Bots #2450,192009,J. Rodríguez
Algorand:1103997645,The Lost Bots #2452,169345,M. Suttner
Algorand:1103997667,The Lost Bots #2453,192123,C. Wood
Algorand:1103997715,The Lost Bots #2454,261233,J. Hurtado
Algorand:1103997746,The Lost Bots #2455,253972,T. Omotoye
Algorand:1103997772,The Lost Bots #2456,212811,M. Lemina
Algorand:1103997950,The Lost Bots #2459,236337,J. Turner
Algorand:1103998055,The Lost Bots #2461,258885,Luiz Júnior
Algorand:1103998118,The Lost Bots #2462,236636,A. Caci
Algorand:1103998233,The Lost Bots #2466,260703,H. Al Ali
Algorand:1103998272,The Lost Bots #2467,241619,Huang Zichang
Algorand:1103998300,The Lost Bots #2468,137242,L. Jiménez
Algorand:1103998318,The Lost Bots #2469,242737,E. Aguilar
Algorand:1103998489,The Lost Bots #2474,221618,L. Mousset
Algorand:1103998525,The Lost Bots #2475,216218,L. Shankland
Algorand:1103998665,The Lost Bots #2478,258449,N. Naorem
Algorand:1103998676,The Lost Bots #2479,259273,T. Marchiori
Algorand:1103998837,The Lost Bots #2483,244321,D. Mullen
Algorand:1103998878,The Lost Bots #2484,260559,M. Cihan
Algorand:1103998936,The Lost Bots #2485,189596,T. Müller
Algorand:1103999014,The Lost Bots #2486,194083,Marco Paixão
Algorand:1103999093,The Lost Bots #2489,244178,T. Kretzschmar
Algorand:1103999210,The Lost Bots #2491,132740,J. Hansen
Algorand:1103999230,The Lost Bots #2492,256879,G. Leijon
Algorand:1103999324,The Lost Bots #2495,192565,Y. Mallı
Algorand:1103999346,The Lost Bots #2496,260426,D. Rios
Algorand:1103999358,The Lost Bots #2497,198009,M. Perin
Algorand:1103999418,The Lost Bots #2499,239964,E. Shomurodov
Algorand:1103999435,The Lost Bots #2500,262156,H. Tebily
Algorand:1103999453,The Lost Bots #2501,203486,T. Hazard
Algorand:1103999510,The Lost Bots #2503,263271,A. Emakhu
Algorand:1103999574,The Lost Bots #2505,251185,A. M'hamdi
Algorand:1103999593,The Lost Bots #2506,241135,J. Collins
Algorand:1103999690,The Lost Bots #2510,198611,N. Đurđić
Algorand:1103999705,The Lost Bots #2511,208461,M. de Roon
Algorand:1103999788,The Lost Bots #2513,214983,M. Ibáñez
Algorand:1104000134,The Lost Bots #2517,203574,J. Stones
Algorand:1104000213,The Lost Bots #2519,210619,Jordi Quintillà
Algorand:1104000296,The Lost Bots #2522,244465,J. Hamilton
Algorand:1104000345,The Lost Bots #2523,263840,W. Jarvis
Algorand:1104000395,The Lost Bots #2524,159034,S. Taylor
Algorand:1104000446,The Lost Bots #2525,230385,Albertinho Dutra
Algorand:1104000565,The Lost Bots #2527,226861,S. Thioub
Algorand:1104000643,The Lost Bots #2530,240835,E. Elizalde
Algorand:1104000727,The Lost Bots #2532,243133,J. Scally
Algorand:1104000880,The Lost Bots #2533,230394,Nuno Moldeiro
Algorand:1104000910,The Lost Bots #2534,254191,R. Rivas
Algorand:1104000947,The Lost Bots #2536,257787,B. Van Den Eynden
Algorand:1104001020,The Lost Bots #2539,187533,A. Ionov
Algorand:1104001090,The Lost Bots #2540,222546,L. Zingerle
Algorand:1104001177,The Lost Bots #2543,193422,T. Børven
Algorand:1104001222,The Lost Bots #2544,210134,M. Al Fatil
Algorand:1104001251,The Lost Bots #2545,199234,S. Stangl
Algorand:1104001276,The Lost Bots #2546,227290,M. Dmitrović
Algorand:1104001373,The Lost Bots #2549,232382,T. Takagi
Algorand:1104001416,The Lost Bots #2550,206561,C. Walton
Algorand:1104001424,The Lost Bots #2551,233211,N. Klinger
Algorand:1104001459,The Lost Bots #2552,218359,D. Ndong
Algorand:1104001525,The Lost Bots #2554,233927,Lucas Paquetá
Algorand:1104001541,The Lost Bots #2555,261204,M. Uzuni
Algorand:1104001557,The Lost Bots #2556,240921,R. Hernández
Algorand:1104001596,The Lost Bots #2557,238093,M. Tagliamonte
Algorand:1104001829,The Lost Bots #2563,243725,D. Collins
Algorand:1104001852,The Lost Bots #2564,254247,M. Mohamed
Algorand:1104002038,The Lost Bots #2568,202125,J. Bonham
Algorand:1104002111,The Lost Bots #2571,182435,M. Langerak
Algorand:1104002127,The Lost Bots #2572,210377,João Teixeira
Algorand:1104002171,The Lost Bots #2573,234769,Juanpe
Algorand:1104002236,The Lost Bots #2575,238186,M. Bułka
Algorand:1104002286,The Lost Bots #2576,263076,R. Wagner
Algorand:1104002327,The Lost Bots #2577,203030,R. Knoche
Algorand:1104002428,The Lost Bots #2580,186405,F. Di Santo
Algorand:1104002502,The Lost Bots #2582,262533,S. Aas
Algorand:1104002537,The Lost Bots #2583,233943,Ronaldo Vieira
Algorand:1104002562,The Lost Bots #2584,243780,Kangin Lee
Algorand:1104002595,The Lost Bots #2585,179574,G. Hooper
Algorand:1104002643,The Lost Bots #2587,L0037,Ronaldinho
Algorand:1104002701,The Lost Bots #2589,256609,J. Guadagno
Algorand:1104002759,The Lost Bots #2590,206141,K. Coulibaly
Algorand:1104002791,The Lost Bots #2591,190569,S. Frei
Algorand:1104002818,The Lost Bots #2592,248272,E. Lalrindika
Algorand:1104003073,The Lost Bots #2600,259751,M. Hoppe
Algorand:1104003107,The Lost Bots #2601,212194,J. Brandt
Algorand:1104003165,The Lost Bots #2603,213732,A. Selikhov
Algorand:1104003250,The Lost Bots #2605,250978,Ma Zhen
Algorand:1104003354,The Lost Bots #2608,201145,M. Le Bihan
Algorand:1104003510,The Lost Bots #2610,224618,Lin Chuangyi
Algorand:1104003540,The Lost Bots #2611,223138,A. Briançon
Algorand:1104003587,The Lost Bots #2612,228941,André Silva
Algorand:1104003654,The Lost Bots #2613,227969,Zhao Shi
Algorand:1104003694,The Lost Bots #2614,177413,A. Witsel
Algorand:1104003741,The Lost Bots #2615,182713,M. Mavraj
Algorand:1104003790,The Lost Bots #2616,244622,Puado
Algorand:1104003827,The Lost Bots #2618,230241,Enzo Chissano
Algorand:1104003988,The Lost Bots #2619,173731,G. Bale
Algorand:1104004055,The Lost Bots #2621,149697,M. McChrystal
Algorand:1104004086,The Lost Bots #2622,184941,A. Sánchez
Algorand:1104004116,The Lost Bots #2623,239085,E. Haaland
Algorand:1104004195,The Lost Bots #2625,143121,J. Sosa
Algorand:1104004221,The Lost Bots #2626,260848,N. Hayashi
Algorand:1104004325,The Lost Bots #2628,241648,B. Janošević
Algorand:1104004862,The Lost Bots #2635,202106,M. Knoll
Algorand:1104004993,The Lost Bots #2639,230830,Ian González
Algorand:1104005013,The Lost Bots #2640,186098,R. Cota
Algorand:1104005050,The Lost Bots #2641,187607,A. Dzyuba
Algorand:1104005114,The Lost Bots #2642,257399,W. Faghir
Algorand:1104005230,The Lost Bots #2644,253506,S. Lalmuanpuia
Algorand:1104005374,The Lost Bots #2646,253541,A. Fuentes
Algorand:1104005505,The Lost Bots #2647,246092,A. Reghba
Algorand:1104005530,The Lost Bots #2648,173857,M. Andújar
Algorand:1104005570,The Lost Bots #2649,243371,M. Jørgensen
Algorand:1104005617,The Lost Bots #2650,223898,P. Bernardoni
Algorand:1104005655,The Lost Bots #2651,213815,M. Uhre
Algorand:1104005667,The Lost Bots #2652,236007,E. Barco
Algorand:1104005732,The Lost Bots #2654,209750,I. Lawlor
Algorand:1104005818,The Lost Bots #2656,202331,F. Quignon
Algorand:1104005882,The Lost Bots #2658,242086,M. Sutton
Algorand:1104006030,The Lost Bots #2661,228151,J. Cullen
Algorand:1104006561,The Lost Bots #2662,246611,F. Pérez
Algorand:1104007005,The Lost Bots #2666,163761,C. Davies
Algorand:1104008265,The Lost Bots #2672,216483,T. Fosu
Algorand:1104008593,The Lost Bots #2673,236998,J. Léa Siliki
Algorand:1104008727,The Lost Bots #2674,204247,K. Frei
Algorand:1104009329,The Lost Bots #2676,264239,David Cuenca
Algorand:1104009504,The Lost Bots #2677,257926,C. Ramos
Algorand:1104010254,The Lost Bots #2678,178562,É. Banega
Algorand:1104010561,The Lost Bots #2680,244191,J. Anang
Algorand:1104010735,The Lost Bots #2681,263838,B. Kelly
Algorand:1104010985,The Lost Bots #2683,261307,V. Birmančević
Algorand:1104011182,The Lost Bots #2685,259117,A. Sotona
Algorand:1104011302,The Lost Bots #2686,263621,İ. Çelik
Algorand:1104011567,The Lost Bots #2688,234203,C. Eiting
Algorand:1104011647,The Lost Bots #2690,263758,D. Wright-Phillips
Algorand:1104011759,The Lost Bots #2692,188350,M. Reus
Algorand:1104011851,The Lost Bots #2695,257284,K. Hayde
Algorand:1104011920,The Lost Bots #2697,219522,J. Ledesma
Algorand:1104012027,The Lost Bots #2700,198176,S. de Vrij
Algorand:1104012090,The Lost Bots #2702,246562,D. Sorescu
Algorand:1104012108,The Lost Bots #2703,199339,M. Riemann
Algorand:1104012136,The Lost Bots #2704,208461,M. de Roon
Algorand:1104012293,The Lost Bots #2709,192317,J. Steer
Algorand:1104012377,The Lost Bots #2712,213655,A. Iwobi
Algorand:1104012569,The Lost Bots #2714,202896,M. Ureña
Algorand:1104012710,The Lost Bots #2715,231073,B. Radunović
Algorand:1104012893,The Lost Bots #2718,260710,E. Kratzer
Algorand:1104012909,The Lost Bots #2719,242916,Y. Sugawara
Algorand:1104012940,The Lost Bots #2720,263407,E. Mago
Algorand:1104013026,The Lost Bots #2722,232838,I. Christie-Davies
Algorand:1104013089,The Lost Bots #2724,188397,R. Rodelin
Algorand:1104013128,The Lost Bots #2726,245538,K. Furuhashi
Algorand:1104013323,The Lost Bots #2730,263282,M. N'Diaye
Algorand:1104013340,The Lost Bots #2731,222471,J. Rasheed
Algorand:1104013360,The Lost Bots #2732,246847,M. Sykes
Algorand:1104013383,The Lost Bots #2733,232097,A. Harit
Algorand:1104013423,The Lost Bots #2734,255867,Y. Murillo
Algorand:1104013458,The Lost Bots #2735,262342,A. Roncaglia
Algorand:1104013471,The Lost Bots #2736,244551,F. Majchrowicz
Algorand:1104013485,The Lost Bots #2737,256060,R. De Vries
Algorand:1104013528,The Lost Bots #2738,264592,P. Bennevendo
Algorand:1104013632,The Lost Bots #2741,264530,A. Obhakhan
Algorand:1104013677,The Lost Bots #2743,159904,E. Galudio
Algorand:1104013737,The Lost Bots #2744,192373,M. Caraglio
Algorand:1104013754,The Lost Bots #2745,190459,A. Hansen
Algorand:1104013780,The Lost Bots #2746,223249,G. Arias
Algorand:1104013813,The Lost Bots #2747,257025,K. de la Fuente
Algorand:1104013846,The Lost Bots #2748,184763,Y. Thuram
Algorand:1104014028,The Lost Bots #2753,189908,Ł. Skorupski
Algorand:1104014093,The Lost Bots #2754,232244,S. Ascacíbar
Algorand:1104014116,The Lost Bots #2755,233934,A. Ramsdale
Algorand:1104014130,The Lost Bots #2756,260743,H. Sulte
Algorand:1104014143,The Lost Bots #2757,172962,V. Moses
Algorand:1104014197,The Lost Bots #2758,255582,A. Ichikawa
Algorand:1104014260,The Lost Bots #2760,261414,H. Parsons
Algorand:1104014336,The Lost Bots #2762,255481,A. Winbo
Algorand:1104014476,The Lost Bots #2765,255547,Cha Oh Yeon
Algorand:1104014513,The Lost Bots #2766,222844,Walace
Algorand:1104014540,The Lost Bots #2767,264350,F. Craske
Algorand:1104014817,The Lost Bots #2774,263280,O. Pachlopník
Algorand:1104014929,The Lost Bots #2778,223843,D. Frascarelli
Algorand:1104014958,The Lost Bots #2779,261172,F. Baldasarra
Algorand:1104014999,The Lost Bots #2780,251976,C. Duke
Algorand:1104015145,The Lost Bots #2783,262999,L. Becker
Algorand:1104015324,The Lost Bots #2784,246646,M. Caqueret
Algorand:1104015669,The Lost Bots #2788,240640,L. Morales
Algorand:1104015837,The Lost Bots #2790,234930,Pedro Rebocho
Algorand:1104016034,The Lost Bots #2795,230653,J. Wollacott
Algorand:1104016111,The Lost Bots #2796,192984,K. Casteels
Algorand:1104016144,The Lost Bots #2797,205849,E. Andrada
Algorand:1104016186,The Lost Bots #2798,188930,Laure
Algorand:1104016199,The Lost Bots #2799,244706,K. Behrens
Algorand:1104016443,The Lost Bots #2803,226838,Wang Guoming
Algorand:1104016532,The Lost Bots #2805,229857,S. Sensi
Algorand:1104016661,The Lost Bots #2809,230606,M. Örnek
Algorand:1104017861,The Lost Bots #2810,220048,S. Scuffet
Algorand:1104017914,The Lost Bots #2811,252538,L. Otto
Algorand:1104017965,The Lost Bots #2813,263673,Andrew
Algorand:1104018033,The Lost Bots #2815,209281,Y. Al Shehri
Algorand:1104018045,The Lost Bots #2816,261467,R. Márquez
Algorand:1104018080,The Lost Bots #2817,220355,Alex Alegría
Algorand:1104018100,The Lost Bots #2818,212592,A. Farrell
Algorand:1104018129,The Lost Bots #2819,231489,A. Keita
Algorand:1104018351,The Lost Bots #2826,220609,V. Vada
Algorand:1104018405,The Lost Bots #2827,198951,C. Bakambu
Algorand:1104018474,The Lost Bots #2830,146748,Diego López
Algorand:1104018515,The Lost Bots #2832,241464,Pau Torres
Algorand:1104018533,The Lost Bots #2833,257638,L. Philipp
Algorand:1104018596,The Lost Bots #2834,227632,Jeon Min Gwang
Algorand:1104018613,The Lost Bots #2835,230147,F. Sacko
Algorand:1104018671,The Lost Bots #2837,264413,M. Al Hurayji
Algorand:1104018746,The Lost Bots #2840,138798,G. Lux
Algorand:1104018765,The Lost Bots #2841,220477,M. Caldara
Algorand:1104018833,The Lost Bots #2845,190972,E. Salvio
Algorand:1104018882,The Lost Bots #2846,207939,G. Pizarro
Algorand:1104018997,The Lost Bots #2849,238756,J. Larsen
Algorand:1104019071,The Lost Bots #2850,261490,Lee Young Joon
Algorand:1104019112,The Lost Bots #2851,232566,H. Takimoto
Algorand:1104019136,The Lost Bots #2852,221740,E. Crivelli
Algorand:1104019224,The Lost Bots #2853,263675,M. Alfarela
Algorand:1104019274,The Lost Bots #2854,257965,H. Al Slais
Algorand:1104019333,The Lost Bots #2855,L0020,Pirlo
Algorand:1104019372,The Lost Bots #2856,240391,Feng Boxuan
Algorand:1104019512,The Lost Bots #2860,217998,C. Arango
Algorand:1104019541,The Lost Bots #2861,254910,T. Sakamoto
Algorand:1104019618,The Lost Bots #2863,240053,R. Aabid
Algorand:1104019632,The Lost Bots #2864,251810,B. Brobbey
Algorand:1104019715,The Lost Bots #2866,220621,S. Benrahma
Algorand:1104019911,The Lost Bots #2870,219576,R. Battaglia
Algorand:1104020049,The Lost Bots #2874,209981,Y. Bounou
Algorand:1104020106,The Lost Bots #2876,254136,E. Just
Algorand:1104020130,The Lost Bots #2877,233965,A. Castro-Montes
Algorand:1104020225,The Lost Bots #2880,206590,Moi Gómez
Algorand:1104020295,The Lost Bots #2882,262536,D. Stirpe
Algorand:1104020345,The Lost Bots #2883,226539,Y. Namli
Algorand:1104020373,The Lost Bots #2884,261981,Zhang Xiang
Algorand:1104020499,The Lost Bots #2888,228383,K. Grabara
Algorand:1104020505,The Lost Bots #2889,212831,Alisson
Algorand:1104020549,The Lost Bots #2891,198950,Pablo Sarabia
Algorand:1104020581,The Lost Bots #2892,235520,Rafa Mújica
Algorand:1104020670,The Lost Bots #2895,209782,S. Larsson
Algorand:1104020689,The Lost Bots #2896,199669,L. González Pirez
Algorand:1104020712,The Lost Bots #2897,193123,A. Taylor
Algorand:1104020940,The Lost Bots #2906,241969,D. Martinović
Algorand:1104020955,The Lost Bots #2907,169588,J. Evans
Algorand:1104021037,The Lost Bots #2910,222262,C. Dessers
Algorand:1104021074,The Lost Bots #2911,254307,O. Sivertsen
Algorand:1104021096,The Lost Bots #2912,204709,D. Rubio
Algorand:1104021177,The Lost Bots #2914,223952,David Soria
Algorand:1104021278,The Lost Bots #2917,248253,K. Thatal
Algorand:1104021352,The Lost Bots #2920,234777,Z. Steffen
Algorand:1104021366,The Lost Bots #2921,191726,D. Arismendi
Algorand:1104021418,The Lost Bots #2922,261342,J. Ayoví
Algorand:1104021430,The Lost Bots #2923,229154,J. Kliment
Algorand:1104021449,The Lost Bots #2924,203872,G. Hauche
Algorand:1104021464,The Lost Bots #2925,232488,C. Romero
Algorand:1104021510,The Lost Bots #2926,214977,M. Kranevitter
Algorand:1104021529,The Lost Bots #2927,118646,I. Henderson
Algorand:1104021579,The Lost Bots #2929,198451,Dani Rodríguez
Algorand:1104021644,The Lost Bots #2932,223894,D. Pecirep
Algorand:1104021793,The Lost Bots #2934,253737,Ma Kunyue
Algorand:1104021908,The Lost Bots #2936,256933,A. Simsir
Algorand:1104022047,The Lost Bots #2938,205569,J. Ward-Prowse
Algorand:1104022167,The Lost Bots #2941,259089,M. Richter
Algorand:1104022192,The Lost Bots #2942,247411,Altube
Algorand:1104022266,The Lost Bots #2944,179547,V. Mannone
Algorand:1104022343,The Lost Bots #2946,213418,C. Akpom
Algorand:1104022354,The Lost Bots #2947,207409,I. Kelava
Algorand:1104022370,The Lost Bots #2948,230165,Simão Donatinho
Algorand:1104022586,The Lost Bots #2950,193247,H. Lindner
Algorand:1104022673,The Lost Bots #2952,260004,C. Talbot
Algorand:1104058126,The Lost Bots #2959,212831,Alisson
Algorand:1104058252,The Lost Bots #2962,212404,F. Bernardeschi
Algorand:1104058332,The Lost Bots #2963,212782,H. Boateng
Algorand:1104058351,The Lost Bots #2964,240265,L. Juliš
Algorand:1104058365,The Lost Bots #2965,230217,Mauri Borgho
Algorand:1104058428,The Lost Bots #2968,244490,J. Stanić
Algorand:1104058517,The Lost Bots #2971,240468,L. Guzmán
Algorand:1104058535,The Lost Bots #2972,186568,Marcos Paulo
Algorand:1104058598,The Lost Bots #2974,264223,N. König
Algorand:1104058634,The Lost Bots #2975,241941,S. Nsoki
Algorand:1104058682,The Lost Bots #2976,234521,S. Skytte
Algorand:1104058704,The Lost Bots #2977,214983,M. Ibáñez
Algorand:1104058737,The Lost Bots #2978,259198,M. Córdoba
Algorand:1104058766,The Lost Bots #2979,235051,D. Johnson
Algorand:1104058790,The Lost Bots #2980,243966,G. May
Algorand:1104058948,The Lost Bots #2984,215330,J. Correa
Algorand:1104059278,The Lost Bots #2987,210691,L. Nilsen
Algorand:1104059337,The Lost Bots #2988,214973,L. Villafañez
Algorand:1104059357,The Lost Bots #2989,255529,E. Touré
Algorand:1104059397,The Lost Bots #2991,258136,L. Khoury
Algorand:1104060132,The Lost Bots #2996,260703,H. Al Ali
Algorand:1104060188,The Lost Bots #2997,259471,M. Murphy
Algorand:1104060618,The Lost Bots #3000,194404,Neto
Algorand:1104060654,The Lost Bots #3001,259810,E. Obregón
Algorand:1104061121,The Lost Bots #3003,210475,M. Prietl
Algorand:1104061171,The Lost Bots #3005,245455,M. Mohsen
Algorand:1104061196,The Lost Bots #3006,252064,L. Krejčí
Algorand:1104061221,The Lost Bots #3007,258372,G. Singh
Algorand:1104061251,The Lost Bots #3008,263154,Sergio Díaz
Algorand:1104061272,The Lost Bots #3009,258839,T. Linsbichler
Algorand:1104061391,The Lost Bots #3012,225441,K. Palmer
Algorand:1104061407,The Lost Bots #3013,200718,J. Hammar
Algorand:1104061447,The Lost Bots #3014,259295,Y. Irrazábal
Algorand:1104061611,The Lost Bots #3017,243721,D. Wenzel-Halls
Algorand:1104061636,The Lost Bots #3018,263317,M. Łęgowski
Algorand:1104061666,The Lost Bots #3019,226075,M. Bakakis
Algorand:1104061689,The Lost Bots #3020,212680,J. Jones
Algorand:1104061729,The Lost Bots #3022,216352,M. Brozović
Algorand:1104061847,The Lost Bots #3025,262436,Adílio Santos
Algorand:1104061942,The Lost Bots #3027,204280,Cristian Herrera
Algorand:1104062016,The Lost Bots #3029,186518,P. Zeballos
Algorand:1104062046,The Lost Bots #3030,257707,Z. Muñoz
Algorand:1104062202,The Lost Bots #3035,215466,N. Maksimović
Algorand:1104062249,The Lost Bots #3037,223690,S. Rochet
Algorand:1104062265,The Lost Bots #3038,224103,E. Aguirre
Algorand:1104062292,The Lost Bots #3039,223738,X. Mous
Algorand:1104062312,The Lost Bots #3040,222546,L. Zingerle
Algorand:1104062343,The Lost Bots #3041,260492,Eom Ji Sung
Algorand:1104062952,The Lost Bots #3053,204233,C. Musonda
Algorand:1104063053,The Lost Bots #3056,205498,Jorginho
Algorand:1104063089,The Lost Bots #3057,234284,C. Soukou
Algorand:1104063129,The Lost Bots #3058,198429,S. Tecl
Algorand:1104063251,The Lost Bots #3062,254344,M. Pardo
Algorand:1104063288,The Lost Bots #3063,248478,D. Ramaj
Algorand:1104063467,The Lost Bots #3067,216388,A. Saint-Maximin
Algorand:1104063516,The Lost Bots #3068,258586,W. Blackmore
Algorand:1104063597,The Lost Bots #3069,224891,Rafael Ramos
Algorand:1104063753,The Lost Bots #3073,258947,Y. Alounga
Algorand:1104063765,The Lost Bots #3074,228061,M. Bali
Algorand:1104063867,The Lost Bots #3077,220314,O. Marciano
Algorand:1104063934,The Lost Bots #3078,237461,C. Colmán
Algorand:1104063978,The Lost Bots #3080,202599,Igor Coronado
Algorand:1104064115,The Lost Bots #3083,211004,Han Kook Young
Algorand:1104064147,The Lost Bots #3084,163600,J. Ruddy
Algorand:1104064222,The Lost Bots #3085,241389,Y. Sarı
Algorand:1104064246,The Lost Bots #3086,152554,G. Clichy
Algorand:1104064270,The Lost Bots #3087,240738,R. Muhammed
Algorand:1104064300,The Lost Bots #3088,143598,L. Pocrnjic
Algorand:1104064349,The Lost Bots #3090,257689,Wang Huapeng
Algorand:1104064378,The Lost Bots #3091,215048,J. Burrai
Algorand:1104064419,The Lost Bots #3093,203344,Thiago Galhardo
Algorand:1104064438,The Lost Bots #3094,216351,D. Antolić
Algorand:1104064462,The Lost Bots #3095,219957,J. Laursen
Algorand:1104064502,The Lost Bots #3097,178283,R. Boffin
Algorand:1104064526,The Lost Bots #3098,258682,L. Twamley
Algorand:1104064565,The Lost Bots #3099,231612,R. Del Castillo
Algorand:1104064594,The Lost Bots #3100,259359,M. Al Ghamdi
Algorand:1104064613,The Lost Bots #3101,245865,S. Bajic
Algorand:1104064641,The Lost Bots #3102,256518,D. Ouédraogo
Algorand:1104064764,The Lost Bots #3104,248798,T. Leak
Algorand:1104064777,The Lost Bots #3105,263985,N. Rupp
Algorand:1104064898,The Lost Bots #3109,187498,J. Jantscher
Algorand:1104064924,The Lost Bots #3110,142258,S. Bossut
Algorand:1104064964,The Lost Bots #3111,234158,A. Gory
Algorand:1104064984,The Lost Bots #3112,212626,D. Selke
Algorand:1104065038,The Lost Bots #3113,234930,Pedro Rebocho
Algorand:1104065206,The Lost Bots #3119,163301,J. Orozco
Algorand:1104065280,The Lost Bots #3122,263368,M. Contra
Algorand:1104065326,The Lost Bots #3124,203069,R. Tunnicliffe
Algorand:1104065417,The Lost Bots #3127,188278,M. Birighitti
Algorand:1104065434,The Lost Bots #3128,253912,A. Ocanto
Algorand:1104065446,The Lost Bots #3129,204399,E. Zahavi
Algorand:1104065524,The Lost Bots #3131,181573,O. Akhmedov
Algorand:1104065563,The Lost Bots #3132,222729,Gustavo
Algorand:1104065595,The Lost Bots #3133,264575,B. Johnsplass
Algorand:1104065672,The Lost Bots #3136,248005,A. Pițian
Algorand:1104065697,The Lost Bots #3137,245132,D. Popov
Algorand:1104065769,The Lost Bots #3139,183665,B. Prokopič
Algorand:1104065789,The Lost Bots #3140,262776,F. Lakenmacher
Algorand:1104065950,The Lost Bots #3143,241394,A. Akinola
Algorand:1104065987,The Lost Bots #3144,264467,M. Cuni
Algorand:1104066354,The Lost Bots #3147,239043,U. Bozok
Algorand:1104066462,The Lost Bots #3148,261930,Zhu Yue
Algorand:1104066484,The Lost Bots #3149,227819,Samuel Portugal
Algorand:1104066557,The Lost Bots #3151,236174,Kauã Reisende
Algorand:1104066647,The Lost Bots #3153,224458,Diogo Jota
Algorand:1104066735,The Lost Bots #3156,246417,A. Patterson
Algorand:1104066893,The Lost Bots #3160,220787,A. Kojic
Algorand:1104066906,The Lost Bots #3161,139068,Nani
Algorand:1104066936,The Lost Bots #3162,261540,C. Díaz
Algorand:1104066997,The Lost Bots #3164,232229,J. Bijlow
Algorand:1104067061,The Lost Bots #3166,252001,J. Panzo
Algorand:1104067267,The Lost Bots #3172,260853,T. Sakurai
Algorand:1104067401,The Lost Bots #3177,242143,Ricardo Ryller
Algorand:1104067465,The Lost Bots #3178,257320,A. Moueffek
Algorand:1104067505,The Lost Bots #3179,190941,L. Hrádecký
Algorand:1104067746,The Lost Bots #3183,228498,Choi Bong Jin
Algorand:1104067772,The Lost Bots #3184,205070,Portu
Algorand:1104067808,The Lost Bots #3186,236831,A. Seydel
Algorand:1104067984,The Lost Bots #3189,222240,Ji Xiang
Algorand:1104068010,The Lost Bots #3190,183829,M. Youssouf
Algorand:1104068075,The Lost Bots #3191,244205,M. Salas
Algorand:1104068128,The Lost Bots #3193,212197,D. Heuer Fernandes
Algorand:1104068199,The Lost Bots #3195,253749,Wen Tianpeng
Algorand:1104068214,The Lost Bots #3196,258181,Joel Sousa
Algorand:1104068237,The Lost Bots #3197,256713,C. Mochrie
Algorand:1104068315,The Lost Bots #3198,232090,G. Aburjania
Algorand:1104068404,The Lost Bots #3201,186153,W. Szczęsny
Algorand:1104068548,The Lost Bots #3207,199254,João Pedro
Algorand:1104068558,The Lost Bots #3208,232665,M. Arambarri
Algorand:1104068593,The Lost Bots #3209,261233,J. Hurtado
Algorand:1104068613,The Lost Bots #3210,195671,C. Austin
Algorand:1104068656,The Lost Bots #3211,163616,J. Young
Algorand:1104068678,The Lost Bots #3212,231969,R. Malinovskyi
Algorand:1104068724,The Lost Bots #3213,242280,L. Ferguson
Algorand:1104068807,The Lost Bots #3217,221244,J. Ramos
Algorand:1104068988,The Lost Bots #3221,223175,O. Kocuk
Algorand:1104069003,The Lost Bots #3222,224508,L. Mancuso
Algorand:1104069054,The Lost Bots #3223,203276,Héber
Algorand:1104069122,The Lost Bots #3226,261666,C. Warfield
Algorand:1104069351,The Lost Bots #3231,260737,A. Da Silveira
Algorand:1104069393,The Lost Bots #3233,260951,J. Kenny
Algorand:1104069403,The Lost Bots #3234,173432,H. Moreno
Algorand:1104069433,The Lost Bots #3235,18122,N. Penneteau
Algorand:1104069511,The Lost Bots #3238,236771,R. Vargas
Algorand:1104069557,The Lost Bots #3239,264486,H. Mondal
Algorand:1104069759,The Lost Bots #3241,248214,A. Poplevchenkov
Algorand:1104069786,The Lost Bots #3242,258839,T. Linsbichler
Algorand:1104070372,The Lost Bots #3245,254480,L. Egloff
Algorand:1104070521,The Lost Bots #3247,176772,A. Oukidja
Algorand:1104070553,The Lost Bots #3249,192774,K. Manolas
Algorand:1104070587,The Lost Bots #3251,231447,D. Malen
Algorand:1104070639,The Lost Bots #3253,232565,G. Kawanami
Algorand:1104070658,The Lost Bots #3254,252193,R. Ruiz
Algorand:1104070694,The Lost Bots #3255,236585,You Ju An
Algorand:1104070724,The Lost Bots #3256,262820,L. Rudden
Algorand:1104070750,The Lost Bots #3257,232294,R. Morioka
Algorand:1104070764,The Lost Bots #3258,208129,S. Novothny
Algorand:1104070798,The Lost Bots #3259,216453,L. Shephard
Algorand:1104070815,The Lost Bots #3260,263137,D. Skubl
Algorand:1104070856,The Lost Bots #3262,229624,Sergi Guardiola
Algorand:1104071038,The Lost Bots #3266,260004,C. Talbot
Algorand:1104071060,The Lost Bots #3267,262329,H. Ramazani
Algorand:1104071130,The Lost Bots #3269,256413,J. Lemoignan
Algorand:1104071206,The Lost Bots #3271,199737,Wilson Eduardo
Algorand:1104071323,The Lost Bots #3273,259745,H. Singh
Algorand:1104071356,The Lost Bots #3274,193485,Á. Peña
Algorand:1104071497,The Lost Bots #3278,234905,D. Vanzeir
Algorand:1104071526,The Lost Bots #3279,199576,Oriol Romeu
Algorand:1104071837,The Lost Bots #3281,264296,K. Harrison
Algorand:1104071849,The Lost Bots #3282,155422,J. Szmatuła
Algorand:1104071928,The Lost Bots #3284,L0017,Cannavaro
Algorand:1104071994,The Lost Bots #3287,208987,I. Zaid
Algorand:1104072020,The Lost Bots #3288,215353,L. Alario
Algorand:1104072163,The Lost Bots #3292,263699,J. Sveinhaug
Algorand:1104072241,The Lost Bots #3295,248298,B. Fernandes
Algorand:1104072269,The Lost Bots #3296,258662,N. Iseguan
Algorand:1104072468,The Lost Bots #3302,229558,D. Upamecano
Algorand:1104072509,The Lost Bots #3303,199526,B. Megyeri
Algorand:1104072540,The Lost Bots #3304,242865,I. Govea
Algorand:1104072559,The Lost Bots #3305,260332,R. Garcés
Algorand:1104072616,The Lost Bots #3307,262138,C. Lukeba
Algorand:1104072645,The Lost Bots #3308,250960,O. Bundgaard
Algorand:1104072677,The Lost Bots #3309,264468,B. Brooks
Algorand:1104072941,The Lost Bots #3314,247806,Mikel Carro
Algorand:1104073021,The Lost Bots #3317,251976,C. Duke
Algorand:1104073033,The Lost Bots #3318,258708,B. Balogh
Algorand:1104073065,The Lost Bots #3319,256390,K. Kostadinov
Algorand:1104073104,The Lost Bots #3320,261669,A. McCabe
Algorand:1104073133,The Lost Bots #3322,231547,L. Mansell
Algorand:1104073164,The Lost Bots #3323,241827,Martín
Algorand:1104073212,The Lost Bots #3324,222351,Luo Jing
Algorand:1104073233,The Lost Bots #3325,172114,D. Valeri
Algorand:1104073259,The Lost Bots #3326,210035,Grimaldo
Algorand:1104073293,The Lost Bots #3327,262328,D. Montiel
Algorand:1104073408,The Lost Bots #3330,252327,Manu Sánchez
Algorand:1104073437,The Lost Bots #3331,246255,D. Kulikov
Algorand:1104073486,The Lost Bots #3333,246079,J. Redmond
Algorand:1104073579,The Lost Bots #3336,235673,D. Maresic
Algorand:1104073651,The Lost Bots #3339,258820,F. Ristanic
Algorand:1104073669,The Lost Bots #3340,162347,João Moutinho
Algorand:1104073781,The Lost Bots #3343,201877,M. Dæhli
Algorand:1104073886,The Lost Bots #3346,244161,G. Laura
Algorand:1104073945,The Lost Bots #3348,262032,A. Quezada
Algorand:1104073962,The Lost Bots #3349,198193,R. Mak
Algorand:1104074100,The Lost Bots #3353,251648,E. Iversen
Algorand:1104074147,The Lost Bots #3354,204468,T. Weilandt
Algorand:1104074225,The Lost Bots #3357,247963,I. Larie
Algorand:1104074246,The Lost Bots #3358,240434,J. Tell
Algorand:1104074273,The Lost Bots #3359,261335,K. Kesler Hayden
Algorand:1104074333,The Lost Bots #3362,204771,R. Baca
Algorand:1104074509,The Lost Bots #3368,256830,J. Mina
Algorand:1104074606,The Lost Bots #3371,188377,K. Walker
Algorand:1104074797,The Lost Bots #3377,255921,P. Urminsky
Algorand:1104074919,The Lost Bots #3379,224591,Y. Bodiger
Algorand:1104074943,The Lost Bots #3380,224933,K. Lasagna
Algorand:1104074975,The Lost Bots #3381,258149,A. Cantero
Algorand:1104074988,The Lost Bots #3382,254579,L. Da Cunha
Algorand:1104075036,The Lost Bots #3383,252418,C. Panter
Algorand:1104075091,The Lost Bots #3385,212419,T. Mings
Algorand:1104075229,The Lost Bots #3390,238516,L. Østigård
Algorand:1104075266,The Lost Bots #3391,191043,Alex Sandro
Algorand:1104075375,The Lost Bots #3393,227604,F. Platte
Algorand:1104075391,The Lost Bots #3394,224378,M. Bani
Algorand:1104075425,The Lost Bots #3395,220491,E. Gyasi
Algorand:1104075435,The Lost Bots #3396,211953,R. Vollath
Algorand:1104075535,The Lost Bots #3400,247648,K. Miller
Algorand:1104075561,The Lost Bots #3401,186450,M. Carayol
Algorand:1104075652,The Lost Bots #3405,251348,P. Cucchi
Algorand:1104075673,The Lost Bots #3406,219809,T. Bakayoko
Algorand:1104075699,The Lost Bots #3407,241746,Y. Meriah
Algorand:1104075724,The Lost Bots #3408,259472,D. Nugent
Algorand:1104075770,The Lost Bots #3410,237257,J. Yueill
Algorand:1104075796,The Lost Bots #3411,261645,P. Moser
Algorand:1104075819,The Lost Bots #3412,250882,Berto Cayarga
Algorand:1104075967,The Lost Bots #3415,215018,B. Alemán
Algorand:1104075994,The Lost Bots #3416,255211,S. Velkov
Algorand:1104076044,The Lost Bots #3418,258547,L. Lokotsch
Algorand:1104076103,The Lost Bots #3420,187132,C. Zambrano
Algorand:1104076174,The Lost Bots #3422,223053,Á. Mena
Algorand:1104076285,The Lost Bots #3424,240702,R. Yaremchuk
Algorand:1104076532,The Lost Bots #3430,223710,V. Muriqi
Algorand:1104076561,The Lost Bots #3431,245610,A. Kıvanç
Algorand:1104076689,The Lost Bots #3433,259629,P. Wood
Algorand:1104076729,The Lost Bots #3434,248280,I. Vanmalsawma
Algorand:1104076928,The Lost Bots #3440,242655,J. Ponceau
Algorand:1104076969,The Lost Bots #3441,204092,J. Blaswich
Algorand:1104076978,The Lost Bots #3442,216428,T. Okriashvili
Algorand:1104077073,The Lost Bots #3443,208722,S. Mané
Algorand:1104077192,The Lost Bots #3449,260212,T. Nishino
Algorand:1104077263,The Lost Bots #3451,255976,O. Dovin
Algorand:1104077345,The Lost Bots #3454,200332,T. Koubek
Algorand:1104077437,The Lost Bots #3456,238450,S. Raggett
Algorand:1104077469,The Lost Bots #3458,243315,Dani Gómez
Algorand:1104077574,The Lost Bots #3462,258409,R. Pop
Algorand:1104077609,The Lost Bots #3463,220932,L. Kalinić
Algorand:1104077632,The Lost Bots #3464,199633,M. Lowton
Algorand:1104077813,The Lost Bots #3467,253061,B. Rodríguez
Algorand:1104077845,The Lost Bots #3468,211245,M. Cebula
Algorand:1104077933,The Lost Bots #3470,230319,André Milazisco
Algorand:1104078254,The Lost Bots #3473,261448,S. Lee
Algorand:1104078336,The Lost Bots #3475,177129,A. Bodzek
Algorand:1104078383,The Lost Bots #3476,254962,D. Callender
Algorand:1104078407,The Lost Bots #3477,242302,B. Servania
Algorand:1104078520,The Lost Bots #3480,240913,C. Kelleher
Algorand:1104078626,The Lost Bots #3481,212260,Hwang Ui Jo
Algorand:1104078668,The Lost Bots #3483,210313,T. Murg
Algorand:1104078690,The Lost Bots #3484,198200,B. Stambouli
Algorand:1104078841,The Lost Bots #3489,190113,M. Günok
Algorand:1104078865,The Lost Bots #3490,232365,K. Otani
Algorand:1104078899,The Lost Bots #3491,234999,Jean
Algorand:1104078999,The Lost Bots #3495,205600,S. Umtiti
Algorand:1104079096,The Lost Bots #3497,241592,Hëzimjan Ërpan
Algorand:1104079169,The Lost Bots #3499,248214,A. Poplevchenkov
Algorand:1104079210,The Lost Bots #3501,260040,F. Vargas
Algorand:1104079291,The Lost Bots #3503,193414,N. Colazo
Algorand:1104079355,The Lost Bots #3506,204497,K. Stöger
Algorand:1104079395,The Lost Bots #3507,200752,Juan Jesus
Algorand:1104079562,The Lost Bots #3508,216478,J. Mitchell
Algorand:1104079627,The Lost Bots #3511,248752,M. Dilmurat
Algorand:1104079711,The Lost Bots #3512,263154,Sergio Díaz
Algorand:1104080108,The Lost Bots #3518,153079,S. Agüero
Algorand:1104080160,The Lost Bots #3519,204341,Luís Neto
Algorand:1104080259,The Lost Bots #3522,230722,S. Boyd
Algorand:1104080314,The Lost Bots #3523,211195,L. Woudenberg
Algorand:1104080367,The Lost Bots #3524,226423,N. Gartside
Algorand:1104080507,The Lost Bots #3528,242815,D. Fitz
Algorand:1104080566,The Lost Bots #3530,179685,C. Seitz
Algorand:1104080593,The Lost Bots #3531,223907,P. Johansson
Algorand:1104080613,The Lost Bots #3532,204529,M. Batshuayi
Algorand:1104080634,The Lost Bots #3533,248080,Filipe Nascimento
Algorand:1104080646,The Lost Bots #3534,251272,F. Tavares
Algorand:1104080679,The Lost Bots #3535,258390,I. Grbić
Algorand:1104080722,The Lost Bots #3537,233655,R. Holden
Algorand:1104080812,The Lost Bots #3540,264476,Joel Jiménez
Algorand:1104080849,The Lost Bots #3541,230686,J. Makengo
Algorand:1104080963,The Lost Bots #3545,256482,A. Smith
Algorand:1104081060,The Lost Bots #3549,263934,L. Jenkins
Algorand:1104081072,The Lost Bots #3550,215914,N. Kanté
Algorand:1104081144,The Lost Bots #3552,223334,Joelinton
Algorand:1104081290,The Lost Bots #3554,209519,G. Laborde
Algorand:1104081771,The Lost Bots #3570,233048,T. Dele-Bashiru
Algorand:1104081817,The Lost Bots #3571,258822,L. Sulzbacher
Algorand:1104082002,The Lost Bots #3576,235033,S. Chabbi
Algorand:1104082026,The Lost Bots #3577,209805,D. Vaca
Algorand:1104082088,The Lost Bots #3580,234576,Diogo Queirós
Algorand:1104082141,The Lost Bots #3583,213114,D. Rolán
Algorand:1104082155,The Lost Bots #3584,202849,J. Vestergaard
Algorand:1104082231,The Lost Bots #3586,234638,H. Udahl
Algorand:1104082357,The Lost Bots #3589,260424,J. Castilla
Algorand:1104082480,The Lost Bots #3593,247021,I. Smith
Algorand:1104082517,The Lost Bots #3594,220148,N. Orsini
Algorand:1104082605,The Lost Bots #3596,246043,Jang Seong Won
Algorand:1104082682,The Lost Bots #3600,203780,F. Veseli
Algorand:1104082748,The Lost Bots #3603,178160,T. Mangani
Algorand:1104082807,The Lost Bots #3606,212338,E. Ba
Algorand:1104082842,The Lost Bots #3607,247072,K. Eissa
Algorand:1104082914,The Lost Bots #3609,202873,K. Müller
Algorand:1104082998,The Lost Bots #3611,236337,J. Turner
Algorand:1104083038,The Lost Bots #3612,261430,S. Rodríguez
Algorand:1104083176,The Lost Bots #3616,257431,T. Ogashiwa
Algorand:1104083190,The Lost Bots #3617,247304,M. Hundley
Algorand:1104083239,The Lost Bots #3619,262125,G. O'Reilly
Algorand:1104083299,The Lost Bots #3622,225456,J. Tagueu
Algorand:1104083323,The Lost Bots #3623,245429,J. Atanasov
Algorand:1104083330,The Lost Bots #3624,251107,A. Lebeau
Algorand:1104083346,The Lost Bots #3625,226086,Á. González
Algorand:1104083436,The Lost Bots #3628,242200,T. Rönning
Algorand:1104083462,The Lost Bots #3629,250897,M. Bozan
Algorand:1104083506,The Lost Bots #3631,236587,M. Farfan
Algorand:1104083605,The Lost Bots #3635,261572,L. Yamahara
Algorand:1104083618,The Lost Bots #3636,208670,H. Ziyech
Algorand:1104083662,The Lost Bots #3638,234833,F. Müller
Algorand:1104083711,The Lost Bots #3639,190607,D. Quintero
Algorand:1104084175,The Lost Bots #3642,253746,Bahtiyar Pezila
Algorand:1104084590,The Lost Bots #3647,259962,G. Del Prete
Algorand:1104085721,The Lost Bots #3649,243807,C. Sibbald
Algorand:1104086084,The Lost Bots #3651,262704,Guilherme Garutti
Algorand:1104086384,The Lost Bots #3653,189905,M. Budziński
Algorand:1104086539,The Lost Bots #3654,190778,J. Zoet
Algorand:1104086659,The Lost Bots #3655,211999,R. Khedira
Algorand:1104086880,The Lost Bots #3657,242197,M. Ndione
Algorand:1104086934,The Lost Bots #3658,244272,D. Perić
Algorand:1104087054,The Lost Bots #3659,182451,Cheng Yuelei
Algorand:1104087172,The Lost Bots #3660,247870,N. Umyarov
Algorand:1104087271,The Lost Bots #3662,252257,R. Jalving
Algorand:1104087329,The Lost Bots #3663,233121,C. Timite
Algorand:1104087491,The Lost Bots #3668,254444,K. Romay
Algorand:1104087685,The Lost Bots #3671,225783,S. Mavididi
Algorand:1104087875,The Lost Bots #3675,262523,M. Cleworth
Algorand:1104087945,The Lost Bots #3678,233512,A. Toșca
Algorand:1104087984,The Lost Bots #3679,236370,L. Doumbouya
Algorand:1104088023,The Lost Bots #3681,203624,O. Vranješ
Algorand:1104088035,The Lost Bots #3682,261626,A. Rayan
Algorand:1104088064,The Lost Bots #3683,163587,K. Schmeichel
Algorand:1104088099,The Lost Bots #3684,167575,A. Shunin
Algorand:1104088118,The Lost Bots #3685,222590,M. Manotas
Algorand:1104088153,The Lost Bots #3686,260521,J. Bos
Algorand:1104088332,The Lost Bots #3688,222838,B. Ajdini
Algorand:1104088346,The Lost Bots #3689,248683,D. Skretteberg
Algorand:1104088406,The Lost Bots #3692,263833,N. Serwy
Algorand:1104088478,The Lost Bots #3696,226085,Léo Jardim
Algorand:1104088509,The Lost Bots #3698,239015,E. Dennis
Algorand:1104088532,The Lost Bots #3699,264569,R. Aguiar
Algorand:1104088592,The Lost Bots #3701,233306,D. Henderson
Algorand:1104088624,The Lost Bots #3703,256852,R. Del Campo
Algorand:1104088730,The Lost Bots #3706,263267,I. Al Harbi
Algorand:1104088876,The Lost Bots #3711,219293,M. Helik
Algorand:1104088910,The Lost Bots #3712,243573,A. Racioppi
Algorand:1104088937,The Lost Bots #3713,254084,E. Kornvig
Algorand:1104089330,The Lost Bots #3724,263844,N. Botic
Algorand:1104089363,The Lost Bots #3726,236721,L. Fomba
Algorand:1104089478,The Lost Bots #3729,263381,J. Lemmerer
Algorand:1104089516,The Lost Bots #3731,222278,Tang Miao
Algorand:1104089657,The Lost Bots #3735,234568,Gedson Fernandes
Algorand:1104089696,The Lost Bots #3736,262244,J. Myszor
Algorand:1104089755,The Lost Bots #3737,253410,J. Hupe
Algorand:1104089823,The Lost Bots #3740,225864,B. Barry
Algorand:1104089998,The Lost Bots #3743,257439,R. Ofori
Algorand:1104090050,The Lost Bots #3744,246789,A. Smith
Algorand:1104090249,The Lost Bots #3751,208063,Ju Se Jong
Algorand:1104090267,The Lost Bots #3752,257854,J. Newman
Algorand:1104090278,The Lost Bots #3753,255659,B. Mæland
Algorand:1104090285,The Lost Bots #3754,264534,J. Hiniestroza
Algorand:1104090349,The Lost Bots #3756,255159,M. Sündermann
Algorand:1104090476,The Lost Bots #3760,240190,K. Malong
Algorand:1104090631,The Lost Bots #3764,192557,M. Plattenhardt
Algorand:1104090698,The Lost Bots #3766,239606,L. Scherff
Algorand:1104090724,The Lost Bots #3767,250807,H. Dervişoğlu
Algorand:1104090759,The Lost Bots #3768,238593,M. Heyer
Algorand:1104090782,The Lost Bots #3769,203491,A. O'Brien
Algorand:1104090825,The Lost Bots #3771,259349,M. Al Bishi
Algorand:1104090848,The Lost Bots #3772,251499,T. Sabitzer
Algorand:1104090952,The Lost Bots #3775,230432,Dagoberto Esteiro
Algorand:1104091087,The Lost Bots #3782,204664,D. Andrade
Algorand:1104091179,The Lost Bots #3785,237223,J. Gressel
Algorand:1104091218,The Lost Bots #3787,244542,K. Kaïboué
Algorand:1104091233,The Lost Bots #3788,230936,Á. Nagy
Algorand:1104091333,The Lost Bots #3793,225523,Lekue
Algorand:1104091392,The Lost Bots #3795,204838,R. Jiménez
Algorand:1104091527,The Lost Bots #3797,247729,André Almeida
Algorand:1104091664,The Lost Bots #3800,261604,C. Harris
Algorand:1104091683,The Lost Bots #3802,156253,J. Lewis
Algorand:1104091719,The Lost Bots #3803,247723,D. Rybchinskiy
Algorand:1104091736,The Lost Bots #3804,196948,B. García
Algorand:1104091779,The Lost Bots #3805,236506,M. Senesi
Algorand:1104091804,The Lost Bots #3806,173654,P. McGowan
Algorand:1104091840,The Lost Bots #3807,204240,B. Reynet
Algorand:1104091867,The Lost Bots #3808,263304,E. Fernandez
Algorand:1104091978,The Lost Bots #3811,242628,G. Bello
Algorand:1104092049,The Lost Bots #3813,204240,B. Reynet
Algorand:1104092071,The Lost Bots #3814,248187,D. Obbekjær
Algorand:1104092277,The Lost Bots #3819,177313,A. Williams
Algorand:1104092399,The Lost Bots #3824,192559,G. Nauber
Algorand:1104092673,The Lost Bots #3832,187858,P. Mpoku
Algorand:1104092975,The Lost Bots #3836,253870,F. Rodríguez
Algorand:1104092998,The Lost Bots #3837,212618,F. Aristeguieta
Algorand:1104093035,The Lost Bots #3838,246100,K. Askildsen
Algorand:1104093095,The Lost Bots #3840,247874,G. Yow
Algorand:1104093163,The Lost Bots #3843,256991,P. Singh
Algorand:1104093179,The Lost Bots #3844,183567,E. Mulder
Algorand:1104093199,The Lost Bots #3845,261881,R. Al Bloushi
Algorand:1104093359,The Lost Bots #3847,201257,T. Moulin
Algorand:1104093414,The Lost Bots #3849,261777,César Sousa
Algorand:1104093449,The Lost Bots #3850,225071,B. Whiteman
Algorand:1104093520,The Lost Bots #3854,239779,D. Kurminowski
Algorand:1104093573,The Lost Bots #3855,254872,W. Seymore
Algorand:1104093601,The Lost Bots #3856,256458,K. Swaleh
Algorand:1104093665,The Lost Bots #3860,194018,J. Collins
Algorand:1104093689,The Lost Bots #3862,213905,S. Gallagher
Algorand:1104093802,The Lost Bots #3866,260797,Sim Won Seong
Algorand:1104093881,The Lost Bots #3870,225151,A. Traoré
Algorand:1104093931,The Lost Bots #3872,262664,C. Kammerknecht
Algorand:1104093985,The Lost Bots #3876,198949,K. Malcuit
Algorand:1104094117,The Lost Bots #3882,254307,O. Sivertsen
Algorand:1104094256,The Lost Bots #3887,228369,J. Walton
Algorand:1104094308,The Lost Bots #3890,182270,W. Sandilands
Algorand:1104094466,The Lost Bots #3893,213094,S. Roux
Algorand:1104094564,The Lost Bots #3897,202456,J. Verhoek
Algorand:1104094584,The Lost Bots #3898,199339,M. Riemann
Algorand:1104094717,The Lost Bots #3900,252160,M. Deman
Algorand:1104094726,The Lost Bots #3901,216428,T. Okriashvili
Algorand:1104094771,The Lost Bots #3903,220901,David Raya
Algorand:1104094844,The Lost Bots #3907,208375,M. Müller
Algorand:1104094871,The Lost Bots #3908,225073,J. Álvez
Algorand:1104094982,The Lost Bots #3910,262951,S. Al Saeed
Algorand:1104095077,The Lost Bots #3912,261931,Wei Minzhe
Algorand:1104095169,The Lost Bots #3916,210925,S. Otayf
Algorand:1104095337,The Lost Bots #3922,240702,R. Yaremchuk
Algorand:1104095419,The Lost Bots #3923,234476,A. Albers
Algorand:1104095448,The Lost Bots #3924,195262,A. Grimaldi
Algorand:1104095602,The Lost Bots #3927,264568,G. Cowmeadow
Algorand:1104095620,The Lost Bots #3928,216377,S. Kutschke
Algorand:1104095640,The Lost Bots #3929,248306,A. Khan
Algorand:1104095760,The Lost Bots #3933,202322,N. Næss
Algorand:1104095865,The Lost Bots #3937,261828,O. Hoch
Algorand:1104095878,The Lost Bots #3938,220031,O. McBurnie
Algorand:1104095911,The Lost Bots #3940,172143,L. Schøne
Algorand:1104095922,The Lost Bots #3941,192495,R. Sawyers
Algorand:1104095932,The Lost Bots #3942,181318,A. Ekdal
Algorand:1104095971,The Lost Bots #3943,195586,A. Finnbogason
Algorand:1104096069,The Lost Bots #3946,223212,O. Çağlayan
Algorand:1104096088,The Lost Bots #3947,236583,J. Pavlenka
Algorand:1104096106,The Lost Bots #3948,213814,F. Di Francesco
Algorand:1104096175,The Lost Bots #3949,264071,G. Kirejczyk
Algorand:1104096214,The Lost Bots #3950,250777,E. Hejer
Algorand:1104096282,The Lost Bots #3954,208540,A. Schoenfeld
Algorand:1104096322,The Lost Bots #3956,256924,P. Bourdelle
Algorand:1104096350,The Lost Bots #3957,184941,A. Sánchez
Algorand:1104096359,The Lost Bots #3958,246045,P. De la Vega
Algorand:1104096521,The Lost Bots #3962,247204,Emerson
Algorand:1104096580,The Lost Bots #3964,213345,K. Coman
Algorand:1104096845,The Lost Bots #3977,252736,H. Ali
Algorand:1104231023,The Lost Bots #3981,234833,F. Müller
Algorand:1104231040,The Lost Bots #3983,220348,Iza Carcelén
Algorand:1104231162,The Lost Bots #3989,259483,A. Caia
Algorand:1104231184,The Lost Bots #3991,235029,F. Chalov
Algorand:1104231206,The Lost Bots #3992,252535,M. Al Sahli
Algorand:1104231288,The Lost Bots #3995,252113,D. Segbe Azankpo
Algorand:1104231531,The Lost Bots #3997,261698,T. Nascente
Algorand:1104231779,The Lost Bots #3999,206003,Y. Mvogo
Algorand:284074520,Yieldling #001,177475,T. Sippel
Algorand:284113013,Yieldling Flamborghini #001,193082,J. Cuadrado
Algorand:284113381,Yieldling Flamborghini #002,236695,Luis Muñoz
Algorand:284114636,Yieldling Flamborghini #003,234832,K. Pedersen
Algorand:284367113,Yieldling Flamborghini #004,223550,J. Omlin
Algorand:284367380,Yieldling Flamborghini #005,241463,Dani Raba
Algorand:287933963,Yieldling Flamborghini #006,223689,W. Weghorst
Algorand:287934324,Yieldling Flamborghini #007,229682,D. Fry
Algorand:287934636,Yieldling Flamborghini #008,256612,Evanilson
Algorand:287934907,Yieldling Flamborghini #009,146536,Jesús Navas
Algorand:287935439,Yieldling Flamborghini #010,199909,P. Pervan
Algorand:287936066,Yieldling Flamborghini #011,228941,André Silva
Algorand:287936377,Yieldling Flamborghini #012,L0016,Puyol
Algorand:293560016,Yieldling Flamborghini #013,230348,Lafortiscinho
Algorand:293760492,Yieldling Flamborghini #014,193983,A. Delort
Algorand:293761486,Yieldling Flamborghini #015,214979,J. Musso
Algorand:293762240,Yieldling Flamborghini #016,138956,G. Chiellini
Algorand:293763225,Yieldling Flamborghini #017,201153,Morata
Algorand:293763882,Yieldling Flamborghini #018,187961,Paulinho
Algorand:293764681,Yieldling Flamborghini #019,226166,N. Mukiele
Algorand:293560796,Yieldling Flamborghini #020,198429,S. Tecl
Algorand:304890290,Yieldling Flamborghini #021,192789,Mario Gaspar
Algorand:304890487,Yieldling Flamborghini #022,203568,P. Wszołek
Algorand:304890731,Yieldling Flamborghini #023,192490,Juan Villar
Algorand:304890995,Yieldling Flamborghini #024,205340,Marcelo
Algorand:304891355,Yieldling Flamborghini #025,192387,C. Immobile
Algorand:314735627,Yieldling Flamborghini #026,222521,O. Hüsing
Algorand:315878457,Yieldling Flamborghini #027,229237,M. Akanji
Algorand:314736183,Yieldling Flamborghini #028,194149,F. Ulvestad
Algorand:314736637,Yieldling Flamborghini #029,236830,Z. Youssouf
Algorand:314737024,Yieldling Flamborghini #030,234742,H. Barnes
Algorand:284396840,Yieldling Golden #001,199339,M. Riemann
Algorand:284094198,Yieldling Rare #001,173474,Z. Junuzović
Algorand:284098171,Yieldling Rare #002,178143,E. Birniçan
Algorand:284100427,Yieldling Rare #003,242514,F. Plach
Algorand:284101211,Yieldling Rare #004,146748,Diego López
Algorand:284105982,Yieldling Rare #005,250758,F. Blake-Tracy
Algorand:284281874,Yieldling Rare #006,264207,I. Koné
Algorand:284282249,Yieldling Rare #007,259089,M. Richter
Algorand:284282447,Yieldling Rare #008,211935,R. Nagai
Algorand:284285456,Yieldling Rare #009,198653,M. Silva
Algorand:284285990,Yieldling Rare #010,235883,R. Sessegnon
Algorand:284286231,Yieldling Rare #011,231538,B. Blasi
Algorand:284290436,Yieldling Rare #012,257392,J. Kroesen
Algorand:284290866,Yieldling Rare #013,228616,D. Bertaud
Algorand:284293052,Yieldling Rare #014,251573,Renan Lodi
Algorand:284293844,Yieldling Rare #015,216802,J. Kaprof
Algorand:284294235,Yieldling Rare #016,251634,E. Florescu
Algorand:284294417,Yieldling Rare #017,228103,T. Akmurzin
Algorand:284294668,Yieldling Rare #018,239452,I. Diallo
Algorand:284295175,Yieldling Rare #020,262974,S. Messeguem
Algorand:284295436,Yieldling Rare #021,236328,R. German
Algorand:284295635,Yieldling Rare #022,262634,A. Thaqi
Algorand:284296910,Yieldling Rare #023,230390,Alexandre Frandeira
Algorand:284297424,Yieldling Rare #024,208017,I. Santini
Algorand:284299312,Yieldling Rare #025,163264,T. Heaton
Algorand:284299565,Yieldling Rare #026,234570,Jota
Algorand:284302194,Yieldling Rare #027,239138,Jeong Woo Yeong
Algorand:284302457,Yieldling Rare #028,228804,A. De Sart
Algorand:284302836,Yieldling Rare #029,195671,C. Austin
Algorand:284303115,Yieldling Rare #030,261323,P. Sabroso
Algorand:284303356,Yieldling Rare #031,209973,J. Nsame
Algorand:284304379,Yieldling Rare #032,230295,Cris Laranjeiros
Algorand:284304697,Yieldling Rare #033,189945,Y. Ravet
Algorand:284307044,Yieldling Rare #034,255368,N. Al Aqidi
Algorand:284307162,Yieldling Rare #035,198355,S. Clark
Algorand:284307352,Yieldling Rare #036,203841,N. Pope
Algorand:284307581,Yieldling Rare #037,247628,P. Karuthadathkuni
Algorand:284308871,Yieldling Rare #038,225976,S. Mandash
Algorand:284309455,Yieldling Rare #039,253913,I. Antón
Algorand:284309691,Yieldling Rare #040,222671,Everaldo
Algorand:284309896,Yieldling Rare #041,260364,M. Tashiro
Algorand:284310262,Yieldling Rare #042,231545,Miguel Silva
Algorand:284310463,Yieldling Rare #043,222875,J. Kayembe
Algorand:284310673,Yieldling Rare #044,246603,Matis Carvalho
Algorand:284310906,Yieldling Rare #045,255578,Júnior Santos
Algorand:284311092,Yieldling Rare #046,245228,F. Krüger
Algorand:284311282,Yieldling Rare #047,210798,A. Kamara
Algorand:284311536,Yieldling Rare #048,259941,J. Murrugarra
Algorand:284313469,Yieldling Rare #049,238692,K. Gjasula
Algorand:284313717,Yieldling Rare #050,200610,K. Volland
Algorand:284314837,Yieldling Rare #051,219637,Cantero
Algorand:284315059,Yieldling Rare #052,229282,Thiago Santana
Algorand:284315211,Yieldling Rare #053,257283,A. Müller
Algorand:284317291,Yieldling Rare #054,243357,F. Evina
Algorand:284317606,Yieldling Rare #055,244409,F. Faist
Algorand:284317840,Yieldling Rare #056,240650,R. Najjarine
Algorand:284318974,Yieldling Rare #057,241850,M. Retegui
Algorand:284319200,Yieldling Rare #058,232898,T. Morishima
Algorand:284320262,Yieldling Rare #059,191068,G. Zigoni
Algorand:287294811,Yieldling Rare #060,258031,F. Palmowski
Algorand:287314200,Yieldling Rare #061,216981,G. Kastaneer
Algorand:287314512,Yieldling Rare #062,216549,A. Sørloth
Algorand:287314849,Yieldling Rare #063,143809,M. Demir
Algorand:287315119,Yieldling Rare #064,239023,B. Wiles
Algorand:287315435,Yieldling Rare #065,226221,Aritz Elustondo
Algorand:287315716,Yieldling Rare #066,170719,D. Buonanotte
Algorand:287316002,Yieldling Rare #067,242721,E. Dick
Algorand:287316427,Yieldling Rare #068,213413,L. Vigouroux
Algorand:287316727,Yieldling Rare #069,206123,S. Savić
Algorand:287317109,Yieldling Rare #070,231933,R. Borges
Algorand:287317477,Yieldling Rare #071,259038,N. Powder
Algorand:287317790,Yieldling Rare #072,193408,H. Seferović
Algorand:287318082,Yieldling Rare #073,213667,D. Conroy
Algorand:287318506,Yieldling Rare #074,201931,Gabriel
Algorand:287318843,Yieldling Rare #075,244615,B. García
Algorand:287330161,Yieldling Rare #076,221652,Sergio
Algorand:287330740,Yieldling Rare #077,236480,Y. Bissouma
Algorand:287331398,Yieldling Rare #078,240784,J. Bursik
Algorand:287331707,Yieldling Rare #079,262396,J. Idzes
Algorand:287332167,Yieldling Rare #080,194996,Borja Bastón
Algorand:287332662,Yieldling Rare #081,227836,E. Lindell
Algorand:287333125,Yieldling Rare #082,177790,A. Jędrzejczyk
Algorand:287334280,Yieldling Rare #083,181291,G. Wijnaldum
Algorand:287334746,Yieldling Rare #084,213114,D. Rolán
Algorand:287335275,Yieldling Rare #085,251105,D. Joveljić
Algorand:287335672,Yieldling Rare #086,189211,Saúl Berjón
Algorand:287336097,Yieldling Rare #087,255499,Cho Yoon Sung
Algorand:287337548,Yieldling Rare #088,216464,A. Browne
Algorand:287337941,Yieldling Rare #089,217096,J. Lumley
Algorand:287338337,Yieldling Rare #090,183066,M. Baudry
Algorand:287338838,Yieldling Rare #091,264568,G. Cowmeadow
Algorand:287339139,Yieldling Rare #092,253150,M. Ndayishimiye
Algorand:287339743,Yieldling Rare #093,234060,Y. Herrera
Algorand:287340218,Yieldling Rare #094,241829,Lucas Cunha
Algorand:287341282,Yieldling Rare #095,247084,O. Fernandez
Algorand:287341622,Yieldling Rare #096,243559,De Frutos
Algorand:287342065,Yieldling Rare #097,156412,J. Corona
Algorand:287342400,Yieldling Rare #098,239367,R. Hack
Algorand:287342842,Yieldling Rare #099,169415,E. Hernández
Algorand:287343614,Yieldling Rare #100,241130,I. Ganago
Algorand:287344153,Yieldling Rare #101,237247,Paulo Vinícius
Algorand:287345342,Yieldling Rare #102,251127,F. Torrent
Algorand:287345888,Yieldling Rare #103,213642,J. Wilson
Algorand:287346294,Yieldling Rare #104,194150,S. Moore
Algorand:287346687,Yieldling Rare #105,214462,I. Arboleda
Algorand:287347052,Yieldling Rare #106,251586,Yeljan Shinar
Algorand:287810378,Yieldling Rare #107,152997,D. Cvitanich
Algorand:287347974,Yieldling Rare #108,234568,Gedson Fernandes
Algorand:287348431,Yieldling Rare #109,215368,R. Ranftl
Algorand:287348821,Yieldling Rare #110,250996,A. Roczen
Algorand:287349375,Yieldling Rare #111,194794,A. Yarmolenko
Algorand:287349692,Yieldling Rare #112,231627,U. Sadiq
Algorand:287350023,Yieldling Rare #113,256681,W. Lancaster
Algorand:287350337,Yieldling Rare #114,258104,G. Infantino
Algorand:287350862,Yieldling Rare #115,263109,J. Salmon
Algorand:287351361,Yieldling Rare #116,235243,M. de Ligt
Algorand:287351853,Yieldling Rare #117,244787,M. Havel
Algorand:287352396,Yieldling Rare #118,259424,Salazar
Algorand:287353006,Yieldling Rare #119,192009,J. Rodríguez
Algorand:287353489,Yieldling Rare #120,192328,P. Huspek
Algorand:287353905,Yieldling Rare #121,260241,J. Lang
Algorand:287355460,Yieldling Rare #122,213732,A. Selikhov
Algorand:287356269,Yieldling Rare #123,244260,Dani Olmo
Algorand:287356977,Yieldling Rare #124,191528,Hou Sen
Algorand:287357242,Yieldling Rare #125,203736,S. Bahoken
Algorand:287357977,Yieldling Rare #126,241960,T. Stavitski
Algorand:287358320,Yieldling Rare #127,225263,D. Ćaleta-Car
Algorand:287358608,Yieldling Rare #128,188802,M. Schmelzer
Algorand:287358926,Yieldling Rare #129,156437,P. Pentke
Algorand:287359347,Yieldling Rare #130,234795,A. Bernede
Algorand:287359655,Yieldling Rare #131,240201,Nacho Méndez
Algorand:287359980,Yieldling Rare #132,175393,J. Arce
Algorand:287360289,Yieldling Rare #133,263832,E. Spago
Algorand:287360539,Yieldling Rare #134,263098,K. Leavy
Algorand:287360818,Yieldling Rare #135,20801,Cristiano Ronaldo
Algorand:287361050,Yieldling Rare #136,228312,R. Lod
Algorand:287361565,Yieldling Rare #137,181872,A. Vidal
Algorand:287361899,Yieldling Rare #138,242721,E. Dick
Algorand:287362186,Yieldling Rare #139,210831,B. Verstraete
Algorand:293622679,Yieldling Rare #140,254992,O. Panuco
Algorand:293623153,Yieldling Rare #141,220763,R. Thomas
Algorand:293623704,Yieldling Rare #142,186508,A. Østbø
Algorand:293624530,Yieldling Rare #143,220198,B. Celina
Algorand:293625074,Yieldling Rare #144,184336,Koh Myong Jin
Algorand:293625623,Yieldling Rare #145,264177,D. Skare
Algorand:293626958,Yieldling Rare #146,226103,Akieme
Algorand:293627604,Yieldling Rare #147,257000,A. Carboni
Algorand:293628316,Yieldling Rare #148,224933,K. Lasagna
Algorand:293628956,Yieldling Rare #149,225061,A. Al Ruhaili
Algorand:293629654,Yieldling Rare #150,208137,Lucas Torró
Algorand:293630507,Yieldling Rare #151,199412,Sebá
Algorand:293631116,Yieldling Rare #152,240493,A. Paschalakis
Algorand:293631861,Yieldling Rare #153,202660,R. Sjöstedt
Algorand:293633161,Yieldling Rare #154,205934,N. Murru
Algorand:293634048,Yieldling Rare #155,258197,S. Sahil
Algorand:293634697,Yieldling Rare #156,211101,Rubén Blanco
Algorand:293635568,Yieldling Rare #157,204077,M. Niang
Algorand:293636309,Yieldling Rare #158,225485,Douglas Oliveira
Algorand:293636944,Yieldling Rare #159,256497,T. Mehew
Algorand:293637605,Yieldling Rare #160,240638,T. Reijnders
Algorand:293638081,Yieldling Rare #161,222156,J. Bree
Algorand:293638679,Yieldling Rare #162,258732,André Mendes
Algorand:293639337,Yieldling Rare #163,256065,M. Karamoko
Algorand:293639918,Yieldling Rare #164,256685,Hong Si Hoo
Algorand:293641689,Yieldling Rare #165,203067,D. Chará
Algorand:293640578,Yieldling Rare #166,251914,Simón Moreno
Algorand:293643549,Yieldling Rare #167,215294,C. Menéndez
Algorand:293644045,Yieldling Rare #168,262497,Unai Marino
Algorand:293644569,Yieldling Rare #169,243981,A. Xhemajli
Algorand:293645102,Yieldling Rare #170,239085,E. Haaland
Algorand:293645359,Yieldling Rare #171,264341,F. Al Suyayfi
Algorand:293645703,Yieldling Rare #172,213871,K. Junker
Algorand:293645906,Yieldling Rare #173,193701,J. Norwood
Algorand:293646221,Yieldling Rare #174,201155,R. Morrison
Algorand:293646559,Yieldling Rare #175,257244,A. Jankewitz
Algorand:293647087,Yieldling Rare #176,223573,Munir
Algorand:293647544,Yieldling Rare #177,230146,R. Fernandes
Algorand:293648070,Yieldling Rare #178,234717,S. Pérez
Algorand:293679875,Yieldling Rare #179,241299,Yuan Mincheng
Algorand:293682313,Yieldling Rare #180,242075,J. Sargent
Algorand:293685430,Yieldling Rare #181,208944,N. Knight-Percival
Algorand:293719010,Yieldling Rare #182,202910,D. Mitov Nilsson
Algorand:293719635,Yieldling Rare #183,211990,O. Vlachodimos
Algorand:293719989,Yieldling Rare #184,232928,Y. Matsushita
Algorand:293720878,Yieldling Rare #185,225126,E. Skhiri
Algorand:293721752,Yieldling Rare #186,261500,J. Ramírez
Algorand:293722358,Yieldling Rare #187,263345,P. Zimmermann
Algorand:293723000,Yieldling Rare #188,227370,M. Zetterer
Algorand:293723755,Yieldling Rare #189,193152,Herrerín
Algorand:293724714,Yieldling Rare #190,223652,S. Ernst
Algorand:293725864,Yieldling Rare #191,262540,C. Wagner
Algorand:293726658,Yieldling Rare #192,218659,M. Targett
Algorand:293727484,Yieldling Rare #193,156519,H. Herrera
Algorand:293729000,Yieldling Rare #194,231433,Aitor
Algorand:293730148,Yieldling Rare #195,236264,P. Aquino
Algorand:293730615,Yieldling Rare #196,255639,Y. Rivas
Algorand:293731829,Yieldling Rare #197,201335,F. Santander
Algorand:293732729,Yieldling Rare #198,254858,C. Saydee
Algorand:293553952,Yieldling Rare #199,260090,L. González
Algorand:293733290,Yieldling Rare #200,211300,A. Martial
Algorand:293734477,Yieldling Rare #201,187205,L. Fuentes
Algorand:293735395,Yieldling Rare #202,247203,M. Hanousek
Algorand:293736121,Yieldling Rare #203,214035,J. Martínez
Algorand:293737075,Yieldling Rare #204,232654,L. Malagón
Algorand:293737875,Yieldling Rare #205,251673,Ž. Živković
Algorand:293738704,Yieldling Rare #206,263543,A. Deu
Algorand:293554816,Yieldling Rare #207,201042,D. Sidibé
Algorand:293739493,Yieldling Rare #208,248188,Song Min Kyu
Algorand:293740444,Yieldling Rare #209,246350,E. Le Fée
Algorand:293741412,Yieldling Rare #210,171579,Raúl García
Algorand:293742296,Yieldling Rare #211,243845,P. Patterson
Algorand:293743007,Yieldling Rare #212,251635,A. Țigănașu
Algorand:293743607,Yieldling Rare #213,235516,R. Kaib
Algorand:293744285,Yieldling Rare #214,207463,L. James
Algorand:293744963,Yieldling Rare #215,215938,M. Dal Hende
Algorand:293745801,Yieldling Rare #216,221423,K. Eriksen
Algorand:293747014,Yieldling Rare #217,259428,F. Al Dawsari
Algorand:293555656,Yieldling Rare #218,233264,J. Thompson
Algorand:293748358,Yieldling Rare #219,256685,Hong Si Hoo
Algorand:304493076,Yieldling Rare #220,177537,N. Bertolo
Algorand:304494695,Yieldling Rare #221,213556,Somália
Algorand:314653302,Yieldling Rare #222,258632,M. Vulic
Algorand:304496866,Yieldling Rare #223,243530,Mujaid
Algorand:304497431,Yieldling Rare #224,259669,R. Duncan
Algorand:304498108,Yieldling Rare #225,190549,M. Henriksen
Algorand:304502630,Yieldling Rare #226,189881,C. Smalling
Algorand:304505492,Yieldling Rare #227,259274,B. Pursall
Algorand:304505964,Yieldling Rare #228,197445,D. Alaba
Algorand:304506492,Yieldling Rare #229,237101,Lee Seung Mo
Algorand:304506836,Yieldling Rare #230,205114,T. Inui
Algorand:304507189,Yieldling Rare #231,194794,A. Yarmolenko
Algorand:304507766,Yieldling Rare #232,205869,Jairo
Algorand:304508051,Yieldling Rare #233,235157,C. Daferner
Algorand:304512074,Yieldling Rare #234,212170,M. Desler
Algorand:304512550,Yieldling Rare #235,243945,Gonzalo Verdú
Algorand:304513002,Yieldling Rare #236,231447,D. Malen
Algorand:304518840,Yieldling Rare #237,232120,S. Moore
Algorand:304519327,Yieldling Rare #238,218717,G. Mhango
Algorand:304519719,Yieldling Rare #239,230258,Rosberto Dourado
Algorand:304520058,Yieldling Rare #240,241875,W. Ferry
Algorand:304520501,Yieldling Rare #241,217649,S. Gonda
Algorand:304520826,Yieldling Rare #242,202886,B. Siegrist
Algorand:304521187,Yieldling Rare #243,258356,Pedrão
Algorand:304866402,Yieldling Rare #244,264638,G. Larios
Algorand:304866776,Yieldling Rare #245,213815,M. Uhre
Algorand:304867040,Yieldling Rare #246,233306,D. Henderson
Algorand:304867258,Yieldling Rare #247,254401,R. Farro
Algorand:304867503,Yieldling Rare #248,225024,M. Holgate
Algorand:304867980,Yieldling Rare #249,213135,D. Origi
Algorand:293556451,Yieldling Rare #250,234202,C. Nunnely
Algorand:304868248,Yieldling Rare #251,223902,T. Pett
Algorand:304868582,Yieldling Rare #252,251913,A. Stahl
Algorand:304868830,Yieldling Rare #253,225116,A. Meret
Algorand:304869056,Yieldling Rare #254,247022,J. Zetterström
Algorand:304869439,Yieldling Rare #255,263975,K. N'Mai
Algorand:304869750,Yieldling Rare #256,222277,Zhang Yuan
Algorand:304869997,Yieldling Rare #257,216475,Morales
Algorand:304870389,Yieldling Rare #258,246732,A. Loba
Algorand:304870788,Yieldling Rare #259,222636,G. Kyei
Algorand:304871068,Yieldling Rare #260,224890,Miguel Cardoso
Algorand:304871394,Yieldling Rare #261,257288,M. Okoye
Algorand:304871816,Yieldling Rare #262,142756,P. Toranzo
Algorand:304872118,Yieldling Rare #263,263315,L. Schulz
Algorand:304872458,Yieldling Rare #264,210814,J. Velázquez
Algorand:304872743,Yieldling Rare #265,255529,E. Touré
Algorand:304873082,Yieldling Rare #266,258555,D. van den Heuvel
Algorand:304873374,Yieldling Rare #267,263050,J. Turi
Algorand:304873686,Yieldling Rare #268,244494,F. Delaveris
Algorand:304874014,Yieldling Rare #269,241004,F. Carballo
Algorand:304874291,Yieldling Rare #270,255720,E. Lastre
Algorand:304874620,Yieldling Rare #271,225872,J. McGrath
Algorand:304874914,Yieldling Rare #272,190084,P. Tachtsidis
Algorand:304875250,Yieldling Rare #273,259857,A. Majok
Algorand:304875506,Yieldling Rare #274,205081,Diego Oliveira
Algorand:304875926,Yieldling Rare #275,253990,J. Roca
Algorand:304876217,Yieldling Rare #276,236325,J. Vokins
Algorand:304876509,Yieldling Rare #277,192663,F. Klos
Algorand:304876755,Yieldling Rare #278,223751,G. Jung
Algorand:304877042,Yieldling Rare #279,243585,G. Bazunu
Algorand:304877344,Yieldling Rare #280,164835,Ł. Fabiański
Algorand:304877717,Yieldling Rare #281,226370,André Horta
Algorand:304878213,Yieldling Rare #282,157515,E. Velarde
Algorand:304878562,Yieldling Rare #283,264256,I. Vik
Algorand:304878845,Yieldling Rare #284,257492,José Oliveira
Algorand:304879666,Yieldling Rare #285,262040,C. Porter
Algorand:304880091,Yieldling Rare #286,251566,Gabriel Martinelli
Algorand:304880433,Yieldling Rare #287,257921,A. Gülstorff
Algorand:304880743,Yieldling Rare #288,221890,J. Fulton
Algorand:304881070,Yieldling Rare #289,261314,B. Ruiz
Algorand:304881352,Yieldling Rare #290,216750,P. Carlgren
Algorand:304881667,Yieldling Rare #291,219582,S. Fortes
Algorand:304881934,Yieldling Rare #292,49486,B. Ogbeche
Algorand:304882268,Yieldling Rare #293,188844,Marc Valiente
Algorand:304882762,Yieldling Rare #294,202350,Fabrício
Algorand:304883012,Yieldling Rare #295,185431,N. Kalinić
Algorand:304883259,Yieldling Rare #296,247944,C. Straton
Algorand:304883724,Yieldling Rare #297,192086,A. Kokorin
Algorand:304884180,Yieldling Rare #298,204030,S. Kitsiou
Algorand:304884441,Yieldling Rare #299,237183,M. Rojas
Algorand:312979339,Yieldling Rare #300,235253,P. Kammerbauer
Algorand:312980370,Yieldling Rare #301,263016,Y. Guermouche
Algorand:312981408,Yieldling Rare #302,184913,D. Hubert
Algorand:312981881,Yieldling Rare #303,253996,T. Burey
Algorand:312983892,Yieldling Rare #304,243034,Alfon
Algorand:312984907,Yieldling Rare #305,237560,M. Djenepo
Algorand:312986323,Yieldling Rare #306,204246,M. Bettinelli
Algorand:312987421,Yieldling Rare #307,146758,Soldado
Algorand:312987967,Yieldling Rare #308,251789,P. Martin
Algorand:312988634,Yieldling Rare #309,238073,K. Jameson
Algorand:312989288,Yieldling Rare #310,200155,H. Vanaken
Algorand:312990042,Yieldling Rare #311,260121,André Amaro
Algorand:312992601,Yieldling Rare #312,201304,B. Kadrii
Algorand:312993179,Yieldling Rare #313,216354,A. Kramarić
Algorand:313000969,Yieldling Rare #314,244213,Jorge Félix
Algorand:313001377,Yieldling Rare #315,211618,D. Starkl
Algorand:313001841,Yieldling Rare #316,212196,P. Sisto
Algorand:313002420,Yieldling Rare #317,245493,M. Al Qaydhi
Algorand:313002932,Yieldling Rare #318,237566,K. Zachariassen
Algorand:313003302,Yieldling Rare #319,261968,L. Schulze-Kökelsum
Algorand:313003785,Yieldling Rare #320,214971,F. Pizzini
Algorand:313004223,Yieldling Rare #321,237205,A. Maynard-Brewer
Algorand:313004882,Yieldling Rare #322,235945,Marc Roca
Algorand:313005353,Yieldling Rare #323,252658,Baek Jong Beom
Algorand:313005827,Yieldling Rare #324,259779,O. Noronha
Algorand:313006221,Yieldling Rare #325,258964,Zhang Jinliang
Algorand:313006716,Yieldling Rare #326,244867,J. Andrésson
Algorand:313007123,Yieldling Rare #327,263390,C. Doyle
Algorand:313007611,Yieldling Rare #328,199559,R. Inglese
Algorand:313009015,Yieldling Rare #329,232488,C. Romero
Algorand:313293270,Yieldling Rare #330,253293,B. Ocampo
Algorand:313293707,Yieldling Rare #331,212240,K. Karaman
Algorand:313294211,Yieldling Rare #332,224761,T. Loska
Algorand:313294629,Yieldling Rare #333,211320,D. Rugani
Algorand:313295066,Yieldling Rare #334,251901,Willyan
Algorand:313295461,Yieldling Rare #335,259853,M. Mukhin
Algorand:313295941,Yieldling Rare #336,205942,S. Lung
Algorand:313296532,Yieldling Rare #337,193152,Herrerín
Algorand:313297497,Yieldling Rare #338,255494,J. Tånnander
Algorand:313298134,Yieldling Rare #339,232441,M. Higashiguchi
Algorand:313298458,Yieldling Rare #340,258602,Jon Morcillo
Algorand:313298971,Yieldling Rare #341,163600,J. Ruddy
Algorand:313299437,Yieldling Rare #342,263325,J. Hinds
Algorand:313299891,Yieldling Rare #343,230147,F. Sacko
Algorand:313304497,Yieldling Rare #344,226459,J. Ramos
Algorand:313305843,Yieldling Rare #345,194354,E. Haji Safi
Algorand:313306445,Yieldling Rare #346,254290,S. Theler
Algorand:313306979,Yieldling Rare #347,223334,Joelinton
Algorand:313307500,Yieldling Rare #348,243008,M. Trávník
Algorand:313307922,Yieldling Rare #349,258555,D. van den Heuvel
Algorand:313308241,Yieldling Rare #350,172960,L. Grabban
Algorand:313309444,Yieldling Rare #351,252561,Zhang Yu
Algorand:313309826,Yieldling Rare #352,261456,S. Kartum
Algorand:313310223,Yieldling Rare #353,146111,Mikel Rico
Algorand:313310618,Yieldling Rare #354,238744,W. McKennie
Algorand:313311156,Yieldling Rare #355,257138,B. Nna Noukeu
Algorand:313311640,Yieldling Rare #356,253036,N. Mbuku
Algorand:313312118,Yieldling Rare #357,243223,N. Madsen
Algorand:313312647,Yieldling Rare #358,264390,J. Davis
Algorand:313313347,Yieldling Rare #359,252485,S. Obeng
Algorand:313314266,Yieldling Rare #360,202515,Jesé
Algorand:313314977,Yieldling Rare #361,253972,T. Omotoye
Algorand:313315516,Yieldling Rare #362,228632,M. Ajani
Algorand:313316339,Yieldling Rare #363,165894,Yang Dong Hyen
Algorand:313317170,Yieldling Rare #364,247258,L. Ofori
Algorand:313317923,Yieldling Rare #365,194082,Flavio Paixão
Algorand:313318684,Yieldling Rare #366,225999,F. Lesniak
Algorand:313319307,Yieldling Rare #367,232415,S. Kobayashi
Algorand:313320281,Yieldling Rare #368,236758,O. Christensen
Algorand:313320895,Yieldling Rare #369,259313,L. Jongte
Algorand:313321348,Yieldling Rare #370,221479,D. Calvert-Lewin
Algorand:314653929,Yieldling Rare #371,262800,M. Emreli
Algorand:314654376,Yieldling Rare #372,263968,K. Sow
Algorand:314654887,Yieldling Rare #373,248386,Gustavo Assunção
Algorand:314655458,Yieldling Rare #374,247886,J. Vargas
Algorand:314655985,Yieldling Rare #375,229692,J. Huth
Algorand:314656573,Yieldling Rare #376,255986,P. McGarvey
Algorand:314657632,Yieldling Rare #377,214395,C. Monsalvo
Algorand:314658208,Yieldling Rare #378,239708,M. Raguž
Algorand:314659011,Yieldling Rare #379,203843,D. Suárez
Algorand:284107400,Yieldling Ultra Rare #001,195096,Fransérgio
Algorand:284108166,Yieldling Ultra Rare #002,239617,A. Cervantes
Algorand:284108532,Yieldling Ultra Rare #003,197786,G. Donati
Algorand:284110516,Yieldling Ultra Rare #004,204963,Carvajal
Algorand:284110962,Yieldling Ultra Rare #005,253149,J. Frimpong
Algorand:284112291,Yieldling Ultra Rare #006,252935,L. Fernández
Algorand:284356935,Yieldling Ultra Rare #007,229011,K. N'Doram
Algorand:284357167,Yieldling Ultra Rare #008,190972,E. Salvio
Algorand:284357341,Yieldling Ultra Rare #009,230462,Thio Rolim
Algorand:284357521,Yieldling Ultra Rare #010,205985,I. Kiese Thelin
Algorand:284358184,Yieldling Ultra Rare #011,200855,G. Baldock
Algorand:284358419,Yieldling Ultra Rare #012,164240,Thiago Silva
Algorand:284359539,Yieldling Ultra Rare #013,254909,O. Dorley
Algorand:284360324,Yieldling Ultra Rare #014,226215,Sabin Merino
Algorand:284361199,Yieldling Ultra Rare #015,198951,C. Bakambu
Algorand:284361460,Yieldling Ultra Rare #016,223139,A. Zedadka
Algorand:284361632,Yieldling Ultra Rare #017,219984,M. Aramu
Algorand:284361785,Yieldling Ultra Rare #018,212151,T. Strakosha
Algorand:284361988,Yieldling Ultra Rare #019,181481,D. Vukovic
Algorand:284362209,Yieldling Ultra Rare #020,234875,L. Höler
Algorand:284362796,Yieldling Ultra Rare #021,210321,R. Quioto
Algorand:284363255,Yieldling Ultra Rare #022,236480,Y. Bissouma
Algorand:284363712,Yieldling Ultra Rare #023,209840,J. Jeanvier
Algorand:284363915,Yieldling Ultra Rare #024,229668,Mario Hermoso
Algorand:284364125,Yieldling Ultra Rare #025,171579,Raúl García
Algorand:284364291,Yieldling Ultra Rare #026,212269,R. Bazoer
Algorand:284364500,Yieldling Ultra Rare #027,202811,E. Martínez
Algorand:284364722,Yieldling Ultra Rare #028,234153,Carlos Soler
Algorand:284364919,Yieldling Ultra Rare #029,251530,Nuno Tavares
Algorand:284365130,Yieldling Ultra Rare #030,210406,P. Zieliński
Algorand:287864513,Yieldling Ultra Rare #031,157481,Raúl Albiol
Algorand:287864737,Yieldling Ultra Rare #032,209818,J. Brenet
Algorand:287865210,Yieldling Ultra Rare #033,205659,A. Cragno
Algorand:287865558,Yieldling Ultra Rare #034,225201,Álex Berenguer
Algorand:287865904,Yieldling Ultra Rare #035,157665,S. Dann
Algorand:287866262,Yieldling Ultra Rare #036,224293,Rúben Neves
Algorand:287866472,Yieldling Ultra Rare #037,220407,M. Dúbravka
Algorand:287866770,Yieldling Ultra Rare #038,244260,Dani Olmo
Algorand:287867024,Yieldling Ultra Rare #039,253290,M. Viña
Algorand:287867254,Yieldling Ultra Rare #040,240699,N. De la Cruz
Algorand:287867424,Yieldling Ultra Rare #041,218066,M. Samatta
Algorand:287867576,Yieldling Ultra Rare #042,242444,João Félix
Algorand:287867816,Yieldling Ultra Rare #043,188400,T. Kaminski
Algorand:287867997,Yieldling Ultra Rare #044,158121,B. Costil
Algorand:287868338,Yieldling Ultra Rare #045,239593,K. Rezaei
Algorand:291903875,Yieldling Ultra Rare #046,256343,Robson Bambu
Algorand:292996406,Yieldling Ultra Rare #047,172723,A. Begović
Algorand:293750761,Yieldling Ultra Rare #048,217852,K. Molino
Algorand:293752248,Yieldling Ultra Rare #049,212240,K. Karaman
Algorand:293753484,Yieldling Ultra Rare #050,224189,Y. Barbet
Algorand:293754152,Yieldling Ultra Rare #051,189165,J. Shelvey
Algorand:293754866,Yieldling Ultra Rare #052,240950,Pedro Gonçalves
Algorand:293756005,Yieldling Ultra Rare #053,181291,G. Wijnaldum
Algorand:293757103,Yieldling Ultra Rare #054,235073,G. Kobel
Algorand:293758146,Yieldling Ultra Rare #055,189165,J. Shelvey
Algorand:293557360,Yieldling Ultra Rare #056,194841,M. Paniagua
Algorand:293557921,Yieldling Ultra Rare #057,202857,K. Bellarabi
Algorand:293558609,Yieldling Ultra Rare #058,188545,R. Lewandowski
Algorand:298715074,Yieldling Ultra Rare #059,234790,Juan Soriano
Algorand:298730994,Yieldling Ultra Rare #060,196942,Iñigo Pérez
Algorand:298742045,Yieldling Ultra Rare #061,232350,J. Posavec
Algorand:298766869,Yieldling Ultra Rare #062,L0033,Di Stéfano
Algorand:304887981,Yieldling Ultra Rare #063,206104,S. Dursun
Algorand:304888253,Yieldling Ultra Rare #064,219732,G. Nkoudou
Algorand:304888570,Yieldling Ultra Rare #065,241162,J. Paintsil
Algorand:314661996,Yieldling Ultra Rare #066,229558,D. Upamecano
Algorand:314731863,Yieldling Ultra Rare #067,180206,M. Pjanić
Algorand:314732232,Yieldling Ultra Rare #068,199387,P. Chavarría
Algorand:315675438,Yieldling Ultra Rare #069,183187,V. Stocker
Algorand:314732981,Yieldling Ultra Rare #070,230869,Unai Simón
Algorand:314733387,Yieldling Ultra Rare #071,202811,E. Martínez
Algorand:314733752,Yieldling Ultra Rare #072,225317,K. Nisbet
Algorand:314734109,Yieldling Ultra Rare #073,195859,D. Ings
Algorand:314734540,Yieldling Ultra Rare #074,214076,N. Vikonis
Algorand:314734879,Yieldling Ultra Rare #075,240265,L. Juliš
Algorand:338810325,Yieldling Yieldlicorn #001,231677,M. Rashford
Algorand:293562231,Yieldling Yieldlinator #001,241084,L. Díaz
